# pts dump from Sangam_1.json

[center] sid=0, seg=0, num=25
258.000601 -231.544534
258.793529 -232.153888
259.586457 -232.763242
260.379359 -233.372630
261.170400 -233.984432
261.961441 -234.596234
262.752482 -235.208036
263.543523 -235.819838
264.334564 -236.431640
265.125605 -237.043442
265.916645 -237.655244
266.707686 -238.267046
267.498727 -238.878848
268.289768 -239.490650
269.080809 -240.102452
269.871850 -240.714254
270.662891 -241.326056
271.453931 -241.937858
272.244972 -242.549660
273.036013 -243.161462
273.827054 -243.773263
274.618095 -244.385065
275.409136 -244.996867
276.200177 -245.608669
276.991218 -246.220471

[left] sid=0, seg=0, num=6
258.951794 -230.317068
259.747544 -230.922733
260.543294 -231.528397
261.339044 -232.134061
262.134794 -232.739725
262.930544 -233.345390

[left] sid=0, seg=1, num=20
263.403727 -233.551285
264.195244 -234.162470
264.986762 -234.773655
265.778280 -235.384840
266.569798 -235.996025
267.361315 -236.607210
268.152833 -237.218395
268.944351 -237.829580
269.735868 -238.440765
270.527386 -239.051950
271.318904 -239.663135
272.110422 -240.274320
272.901939 -240.885504
273.693457 -241.496690
274.484974 -242.107875
275.276492 -242.719060
276.068010 -243.330245
276.859528 -243.941430
277.651045 -244.552614
278.442563 -245.163799

[right] sid=0, seg=0, num=26
256.880170 -232.640718
257.670328 -233.253659
258.460487 -233.866601
259.250645 -234.479542
260.039082 -235.094696
260.827399 -235.710004
261.617349 -236.323208
262.408868 -236.934391
263.200388 -237.545574
263.991907 -238.156756
264.783427 -238.767939
265.574947 -239.379121
266.366467 -239.990304
267.157986 -240.601486
267.949506 -241.212668
268.741026 -241.823851
269.532545 -242.435033
270.324065 -243.046215
271.115585 -243.657398
271.907105 -244.268580
272.697849 -244.880764
273.487847 -245.493913
274.277844 -246.107061
275.067842 -246.720210
275.857839 -247.333358
276.647837 -247.946507

[center] sid=1, seg=0, num=25
255.939129 -233.881247
256.732364 -234.490201
257.525599 -235.099156
258.318833 -235.708111
259.110004 -236.319744
259.901047 -236.931545
260.692277 -237.543102
261.483678 -238.154438
262.275079 -238.765774
263.066480 -239.377111
263.857881 -239.988447
264.649282 -240.599783
265.440683 -241.211119
266.232084 -241.822455
267.023485 -242.433791
267.814886 -243.045127
268.606287 -243.656463
269.397687 -244.267799
270.189088 -244.879136
270.980489 -245.490472
271.771492 -246.102323
272.562132 -246.714642
273.352773 -247.326962
274.143402 -247.939295
274.934023 -248.551640

[left] sid=1, seg=0, num=26
256.880170 -232.640718
257.670328 -233.253659
258.460487 -233.866601
259.250645 -234.479542
260.039082 -235.094696
260.827399 -235.710004
261.617349 -236.323208
262.408868 -236.934391
263.200388 -237.545574
263.991907 -238.156756
264.783427 -238.767939
265.574947 -239.379121
266.366467 -239.990304
267.157986 -240.601486
267.949506 -241.212668
268.741026 -241.823851
269.532545 -242.435033
270.324065 -243.046215
271.115585 -243.657398
271.907105 -244.268580
272.697849 -244.880764
273.487847 -245.493913
274.277844 -246.107061
275.067842 -246.720210
275.857839 -247.333358
276.647837 -247.946507

[right] sid=1, seg=0, num=26
254.792888 -234.966020
255.589439 -235.570630
256.385990 -236.175241
257.182531 -236.779864
257.976672 -237.387637
258.770814 -237.995409
259.563254 -238.605392
260.354537 -239.216882
261.145819 -239.828372
261.937101 -240.439862
262.728383 -241.051352
263.519665 -241.662842
264.310948 -242.274331
265.102230 -242.885821
265.893512 -243.497311
266.684794 -244.108801
267.476077 -244.720291
268.267359 -245.331781
269.058641 -245.943270
269.849923 -246.554760
270.641205 -247.166250
271.432487 -247.777740
272.223769 -248.389230
273.015051 -249.000721
273.806333 -249.612211
274.597615 -250.223701

[center] sid=2, seg=0, num=26
253.752193 -236.305411
254.545392 -236.914412
255.338592 -237.523413
256.131787 -238.132419
256.923798 -238.742964
257.715810 -239.353509
258.506261 -239.966070
259.295674 -240.579971
260.085087 -241.193871
260.874501 -241.807772
261.663914 -242.421673
262.453327 -243.035573
263.242740 -243.649474
264.032154 -244.263375
264.821567 -244.877276
265.610980 -245.491176
266.400393 -246.105077
267.189807 -246.718978
267.979575 -247.332421
268.769540 -247.945612
269.559505 -248.558803
270.349470 -249.171993
271.139435 -249.785184
271.927042 -250.401399
272.715742 -251.016213
273.505234 -251.630012

[left] sid=2, seg=0, num=26
254.792888 -234.966020
255.589439 -235.570630
256.385990 -236.175241
257.182531 -236.779864
257.976672 -237.387637
258.770814 -237.995409
259.563254 -238.605392
260.354537 -239.216882
261.145819 -239.828372
261.937101 -240.439862
262.728383 -241.051352
263.519665 -241.662842
264.310948 -242.274331
265.102230 -242.885821
265.893512 -243.497311
266.684794 -244.108801
267.476077 -244.720291
268.267359 -245.331781
269.058641 -245.943270
269.849923 -246.554760
270.641205 -247.166250
271.432487 -247.777740
272.223769 -248.389230
273.015051 -249.000721
273.806333 -249.612211
274.597615 -250.223701

[right] sid=2, seg=0, num=26
252.497329 -237.478475
253.287146 -238.091857
254.076962 -238.705239
254.866780 -239.318618
255.656691 -239.931879
256.446602 -240.545139
257.235595 -241.159578
258.023132 -241.775884
258.810669 -242.392190
259.598205 -243.008496
260.385742 -243.624802
261.173279 -244.241108
261.960816 -244.857414
262.748353 -245.473720
263.535890 -246.090026
264.323427 -246.706332
265.110964 -247.322638
265.898501 -247.938944
266.686038 -248.555250
267.473575 -249.171556
268.261111 -249.787862
269.048648 -250.404168
269.836185 -251.020474
270.623722 -251.636780
271.411259 -252.253086
272.198796 -252.869392

[center] sid=3, seg=0, num=26
251.538556 -238.732894
252.330579 -239.343425
253.122601 -239.953956
253.914624 -240.564486
254.706693 -241.174956
255.498763 -241.785426
256.288974 -242.398288
257.076243 -243.014935
257.863513 -243.631583
258.651286 -244.247586
259.439759 -244.862694
260.228233 -245.477801
261.016872 -246.092696
261.805741 -246.707296
262.594609 -247.321897
263.383478 -247.936497
264.172346 -248.551098
264.961215 -249.165698
265.750083 -249.780299
266.538952 -250.394900
267.327821 -251.009500
268.116689 -251.624101
268.905558 -252.238701
269.694426 -252.853302
270.483267 -253.467938
271.272072 -254.082620

[left] sid=3, seg=0, num=26
252.497329 -237.478475
253.287146 -238.091857
254.076962 -238.705239
254.866780 -239.318618
255.656691 -239.931879
256.446602 -240.545139
257.235595 -241.159578
258.023132 -241.775884
258.810669 -242.392190
259.598205 -243.008496
260.385742 -243.624802
261.173279 -244.241108
261.960816 -244.857414
262.748353 -245.473720
263.535890 -246.090026
264.323427 -246.706332
265.110964 -247.322638
265.898501 -247.938944
266.686038 -248.555250
267.473575 -249.171556
268.261111 -249.787862
269.048648 -250.404168
269.836185 -251.020474
270.623722 -251.636780
271.411259 -252.253086
272.198796 -252.869392

[right] sid=3, seg=0, num=26
250.422063 -239.866639
251.216281 -240.474310
252.010500 -241.081981
252.804718 -241.689653
253.598936 -242.297324
254.393155 -242.904996
255.186290 -243.514066
255.973186 -244.131190
256.760081 -244.748315
257.546977 -245.365439
258.335570 -245.980387
259.125767 -246.593279
259.915964 -247.206171
260.706160 -247.819064
261.496357 -248.431956
262.286553 -249.044848
263.076750 -249.657741
263.866946 -250.270633
264.657143 -250.883525
265.447339 -251.496417
266.237536 -252.109309
267.027732 -252.722202
267.817929 -253.335094
268.608125 -253.947986
269.398321 -254.560879
270.188518 -255.173771

[center] sid=4, seg=0, num=39
277.765326 -246.819177
278.556464 -247.430853
279.347602 -248.042530
280.138740 -248.654206
280.930573 -249.264982
281.722428 -249.875730
282.514283 -250.486477
283.306102 -251.097272
284.097920 -251.708068
284.889737 -252.318864
285.681555 -252.929661
286.473373 -253.540457
287.265190 -254.151253
288.056352 -254.762899
288.847509 -255.374551
289.638666 -255.986202
290.429734 -256.597969
291.220802 -257.209736
292.011869 -257.821503
292.802461 -258.433886
293.593001 -259.046334
294.383542 -259.658782
295.174082 -260.271231
295.964622 -260.883679
296.755163 -261.496128
297.545703 -262.108576
298.336243 -262.721025
299.126783 -263.333473
299.917350 -263.945889
300.708233 -264.557894
301.499117 -265.169899
302.290009 -265.781892
303.081018 -266.393736
303.872026 -267.005580
304.663007 -267.617458
305.453647 -268.229779
306.244286 -268.842099
307.034901 -269.454451
307.825194 -270.067219

[left] sid=4, seg=0, num=39
278.725846 -245.571805
279.515822 -246.184983
280.305797 -246.798160
281.095773 -247.411337
281.886812 -248.023140
282.677885 -248.634901
283.468958 -249.246661
284.260031 -249.858422
285.051104 -250.470182
285.842177 -251.081942
286.633250 -251.693703
287.424322 -252.305463
288.215395 -252.917224
289.006468 -253.528985
289.797541 -254.140745
290.588614 -254.752506
291.379687 -255.364266
292.170760 -255.976027
292.961833 -256.587787
293.752898 -257.199557
294.543861 -257.811459
295.334825 -258.423361
296.125788 -259.035263
296.916751 -259.647165
297.707714 -260.259067
298.498678 -260.870969
299.289641 -261.482872
300.080604 -262.094774
300.871567 -262.706676
301.662531 -263.318578
302.453494 -263.930480
303.244457 -264.542382
304.035421 -265.154284
304.826384 -265.766186
305.617297 -266.378153
306.407522 -266.991008
307.197747 -267.603863
307.987972 -268.216718
308.778084 -268.829719

[right] sid=4, seg=0, num=39
276.683556 -247.973170
277.475853 -248.583344
278.268151 -249.193517
279.060449 -249.803690
279.853016 -250.413514
280.645654 -251.023245
281.438292 -251.632975
282.230868 -252.242788
283.023429 -252.852619
283.815991 -253.462450
284.608552 -254.072281
285.401113 -254.682112
286.193674 -255.291943
286.985137 -255.903198
287.776375 -256.514746
288.567612 -257.126293
289.358850 -257.737840
290.150088 -258.349388
290.940966 -258.961399
291.731083 -259.574394
292.521200 -260.187388
293.311317 -260.800383
294.101434 -261.413378
294.891551 -262.026372
295.681668 -262.639367
296.471785 -263.252361
297.261901 -263.865356
298.052018 -264.478350
298.842135 -265.091345
299.632373 -265.704184
300.423425 -266.315970
301.214478 -266.927757
302.005531 -267.539543
302.796584 -268.151329
303.587636 -268.763116
304.378689 -269.374903
305.169743 -269.986688
305.960796 -270.598474
306.751850 -271.210258

[center] sid=5, seg=0, num=39
275.689905 -249.137080
276.481842 -249.747721
277.273779 -250.358362
278.065717 -250.969003
278.857734 -251.579540
279.649784 -252.190036
280.441833 -252.800531
281.233854 -253.411064
282.025865 -254.021610
282.817875 -254.632156
283.609748 -255.242880
284.401576 -255.853663
285.193404 -256.464446
285.984469 -257.076216
286.775291 -257.688301
287.566113 -258.300386
288.356935 -258.912471
289.147756 -259.524556
289.938439 -260.136821
290.728701 -260.749629
291.518962 -261.362437
292.309238 -261.975227
293.099555 -262.587964
293.889871 -263.200702
294.680249 -263.813359
295.470795 -264.425800
296.261342 -265.038241
297.051898 -265.650668
297.842482 -266.263061
298.633100 -266.875409
299.424348 -267.486943
300.215597 -268.098476
301.006845 -268.710009
301.798094 -269.321542
302.589342 -269.933076
303.380590 -270.544610
304.171834 -271.156148
304.963079 -271.767686
305.754324 -272.379224

[left] sid=5, seg=0, num=39
276.683556 -247.973170
277.475853 -248.583344
278.268151 -249.193517
279.060449 -249.803690
279.853016 -250.413514
280.645654 -251.023245
281.438292 -251.632975
282.230868 -252.242788
283.023429 -252.852619
283.815991 -253.462450
284.608552 -254.072281
285.401113 -254.682112
286.193674 -255.291943
286.985137 -255.903198
287.776375 -256.514746
288.567612 -257.126293
289.358850 -257.737840
290.150088 -258.349388
290.940966 -258.961399
291.731083 -259.574394
292.521200 -260.187388
293.311317 -260.800383
294.101434 -261.413378
294.891551 -262.026372
295.681668 -262.639367
296.471785 -263.252361
297.261901 -263.865356
298.052018 -264.478350
298.842135 -265.091345
299.632373 -265.704184
300.423425 -266.315970
301.214478 -266.927757
302.005531 -267.539543
302.796584 -268.151329
303.587636 -268.763116
304.378689 -269.374903
305.169743 -269.986688
305.960796 -270.598474
306.751850 -271.210258

[right] sid=5, seg=0, num=39
274.695009 -250.298966
275.486449 -250.910252
276.277889 -251.521537
277.069329 -252.132823
277.860781 -252.744093
278.652241 -253.355353
279.443701 -253.966613
280.235160 -254.577873
281.026620 -255.189133
281.818080 -255.800393
282.609539 -256.411653
283.400999 -257.022913
284.191690 -257.635166
284.982096 -258.247789
285.772501 -258.860411
286.562907 -259.473034
287.353312 -260.085656
288.143717 -260.698279
288.934124 -261.310901
289.724530 -261.923522
290.514937 -262.536143
291.305343 -263.148764
292.095750 -263.761385
292.886156 -264.374006
293.676998 -264.986066
294.467973 -265.597953
295.258948 -266.209840
296.049923 -266.821726
296.840899 -267.433613
297.632025 -268.045304
298.423469 -268.656584
299.214913 -269.267864
300.006357 -269.879145
300.797801 -270.490425
301.589244 -271.101706
302.380688 -271.712986
303.172132 -272.324266
303.963576 -272.935546
304.755013 -273.546836

[center] sid=6, seg=0, num=39
273.541227 -251.657995
274.331490 -252.270801
275.121753 -252.883607
275.912016 -253.496414
276.702379 -254.109091
277.492824 -254.721663
278.283269 -255.334234
279.073646 -255.946894
279.863968 -256.559624
280.654291 -257.172353
281.444592 -257.785111
282.234875 -258.397891
283.025123 -259.010717
283.815350 -259.623569
284.605578 -260.236421
285.396069 -260.848933
286.186695 -261.461271
286.977321 -262.073609
287.768272 -262.685527
288.559388 -263.297232
289.350503 -263.908938
290.141677 -264.520567
290.932879 -265.132161
291.724081 -265.743755
292.514568 -266.356271
293.304721 -266.969219
294.094874 -267.582167
294.883751 -268.196756
295.672081 -268.812046
296.460295 -269.427486
297.248177 -270.043351
298.036058 -270.659216
298.823759 -271.275312
299.610984 -271.892016
300.398209 -272.508720
301.184611 -273.126470
301.968987 -273.746793
302.753363 -274.367117
303.537740 -274.987440

[left] sid=6, seg=0, num=39
274.695009 -250.298966
275.486449 -250.910252
276.277889 -251.521537
277.069329 -252.132823
277.860781 -252.744093
278.652241 -253.355353
279.443701 -253.966613
280.235160 -254.577873
281.026620 -255.189133
281.818080 -255.800393
282.609539 -256.411653
283.400999 -257.022913
284.191690 -257.635166
284.982096 -258.247789
285.772501 -258.860411
286.562907 -259.473034
287.353312 -260.085656
288.143717 -260.698279
288.934124 -261.310901
289.724530 -261.923522
290.514937 -262.536143
291.305343 -263.148764
292.095750 -263.761385
292.886156 -264.374006
293.676998 -264.986066
294.467973 -265.597953
295.258948 -266.209840
296.049923 -266.821726
296.840899 -267.433613
297.632025 -268.045304
298.423469 -268.656584
299.214913 -269.267864
300.006357 -269.879145
300.797801 -270.490425
301.589244 -271.101706
302.380688 -271.712986
303.172132 -272.324266
303.963576 -272.935546
304.755013 -273.546836

[right] sid=6, seg=0, num=39
272.387447 -253.017025
273.176581 -253.631285
273.965715 -254.245544
274.754850 -254.859803
275.544119 -255.473889
276.333549 -256.087768
277.122979 -256.701647
277.912295 -257.315673
278.701475 -257.929873
279.490656 -258.544072
280.279801 -259.158318
281.068905 -259.772616
281.858008 -260.386915
282.647802 -261.000324
283.438418 -261.612676
284.229033 -262.225028
285.019648 -262.837380
285.810447 -263.449494
286.602271 -264.060283
287.394094 -264.671071
288.185918 -265.281860
288.977744 -265.892645
289.769781 -266.503157
290.561818 -267.113669
291.353839 -267.724201
292.142485 -268.339087
292.931130 -268.953973
293.719765 -269.568874
294.504369 -270.188908
295.288974 -270.808942
296.073579 -271.428977
296.858184 -272.049011
297.641466 -272.670715
298.424435 -273.292813
299.207404 -273.914911
299.990374 -274.537009
300.769031 -275.164473
301.544942 -275.795352
302.320853 -276.426232

[center] sid=7, seg=0, num=39
271.392428 -254.176409
272.183756 -254.787841
272.975083 -255.399272
273.766411 -256.010703
274.560602 -256.618379
275.359598 -257.219755
276.158594 -257.821131
276.961639 -258.416983
277.775494 -258.998092
278.589349 -259.579200
279.403983 -260.159211
280.220892 -260.736019
281.037800 -261.312827
281.854663 -261.889699
282.671403 -262.466746
283.488143 -263.043793
284.304623 -263.621207
285.120432 -264.199568
285.936803 -264.777137
286.753186 -265.354688
287.569569 -265.932240
288.387646 -266.507388
289.205810 -267.082414
290.023985 -267.657424
290.842160 -268.232435
291.659209 -268.809042
292.476055 -269.385939
293.292901 -269.962835
294.107986 -270.542215
294.922770 -271.122020
295.737554 -271.701825
296.550212 -272.284605
297.443463 -272.718899
298.374840 -273.083018
299.306217 -273.447137
300.237593 -273.811256
301.168970 -274.175375
302.100347 -274.539494
303.031724 -274.903613

[left] sid=7, seg=0, num=39
272.387447 -253.017025
273.176581 -253.631285
273.965715 -254.245544
274.754850 -254.859803
275.544119 -255.473889
276.333549 -256.087768
277.122979 -256.701647
277.912295 -257.315673
278.701475 -257.929873
279.490656 -258.544072
280.279801 -259.158318
281.068905 -259.772616
281.858008 -260.386915
282.647802 -261.000324
283.438418 -261.612676
284.229033 -262.225028
285.019648 -262.837380
285.810447 -263.449494
286.602271 -264.060283
287.394094 -264.671071
288.185918 -265.281860
288.977744 -265.892645
289.769781 -266.503157
290.561818 -267.113669
291.353839 -267.724201
292.142485 -268.339087
292.931130 -268.953973
293.719765 -269.568874
294.504369 -270.188908
295.288974 -270.808942
296.073579 -271.428977
296.858184 -272.049011
297.641466 -272.670715
298.424435 -273.292813
299.207404 -273.914911
299.990374 -274.537009
300.769031 -275.164473
301.544942 -275.795352
302.320853 -276.426232

[right] sid=7, seg=0, num=39
270.397413 -255.335793
271.190825 -255.944517
271.984237 -256.553241
272.777648 -257.161965
273.571282 -257.770399
274.365473 -258.378107
275.165307 -258.977889
275.999378 -259.529588
276.833449 -260.081288
277.667520 -260.632987
278.510417 -261.171101
279.353461 -261.708989
280.196505 -262.246877
281.039549 -262.784765
281.882593 -263.322653
282.724164 -263.862833
283.563791 -264.406040
284.403417 -264.949247
285.243044 -265.492453
286.082670 -266.035660
286.922297 -266.578867
287.764260 -267.118440
288.607078 -267.656682
289.449896 -268.194923
290.292714 -268.733165
291.135531 -269.271407
291.978455 -269.809483
292.822299 -270.346116
293.666142 -270.882748
294.509986 -271.419381
295.353367 -271.956733
296.191814 -272.501759
297.030261 -273.046784
297.868708 -273.591810
298.707155 -274.136836
299.545601 -274.681862
300.384539 -275.226131
301.224227 -275.769243
302.063915 -276.312355

[center] sid=8, seg=0, num=118
307.930791 -270.149095
308.719447 -270.763968
309.508103 -271.378841
310.296769 -271.993701
311.085485 -272.608497
311.874201 -273.223294
312.663034 -273.837939
313.452072 -274.452321
314.241111 -275.066703
315.030149 -275.681085
315.822107 -276.291699
316.614134 -276.902224
317.406160 -277.512749
318.198187 -278.123274
318.990214 -278.733799
319.782240 -279.344324
320.574143 -279.955009
321.366042 -280.565699
322.157942 -281.176389
322.949601 -281.787391
323.741254 -282.398400
324.532907 -283.009410
325.324398 -283.620628
326.115886 -284.231852
326.907373 -284.843076
327.698577 -285.454667
328.489772 -286.066268
329.280968 -286.677869
330.072157 -287.289479
330.863307 -287.901140
331.654457 -288.512800
332.445604 -289.124465
333.236736 -289.736148
334.027868 -290.347832
334.818972 -290.959552
335.609957 -291.571426
336.400942 -292.183299
337.191927 -292.795173
337.982912 -293.407046
338.773897 -294.018920
339.564772 -294.630936
340.355614 -295.242995
341.146456 -295.855053
341.937298 -296.467112
342.728140 -297.079170
343.518982 -297.691229
344.310166 -298.302845
345.101455 -298.914326
345.892743 -299.525807
346.684094 -300.137207
347.475464 -300.748583
348.266834 -301.359958
349.058469 -301.970992
349.850187 -302.581916
350.641905 -303.192841
351.433510 -303.803913
352.225078 -304.415031
353.016647 -305.026150
353.808215 -305.637268
354.599784 -306.248387
355.391231 -306.859663
356.182662 -307.470959
356.974093 -308.082255
357.765245 -308.693913
358.556365 -309.305612
359.347485 -309.917311
360.138605 -310.529010
360.929725 -311.140709
361.720845 -311.752408
362.511965 -312.364107
363.303085 -312.975806
364.094205 -313.587506
364.885286 -314.199254
365.676365 -314.811006
366.467444 -315.422758
367.258219 -316.034903
368.048975 -316.647072
368.839732 -317.259241
369.629940 -317.872117
370.420120 -318.485030
371.210300 -319.097943
372.000199 -319.711218
372.790056 -320.324547
373.579912 -320.937876
374.369769 -321.551205
375.159627 -322.164533
375.949484 -322.777862
376.739342 -323.391190
377.529199 -324.004519
378.319056 -324.617847
379.108993 -325.231073
379.898990 -325.844222
380.688987 -326.457370
381.479159 -327.070294
382.269454 -327.683057
383.059750 -328.295821
383.850097 -328.908517
384.640480 -329.521168
385.430863 -330.133819
386.221260 -330.746453
387.011664 -331.359076
387.802069 -331.971699
388.592912 -332.583754
389.384705 -333.194582
390.176497 -333.805410
390.968289 -334.416238
391.760082 -335.027066
392.551875 -335.637894
393.343667 -336.248722
394.135460 -336.859550
394.927252 -337.470378
395.719050 -338.081199
396.510860 -338.692005
397.302670 -339.302810
398.094555 -339.913518
398.886608 -340.524007
399.678662 -341.134497
400.470719 -341.744982

[left] sid=8, seg=0, num=118
308.913797 -268.936404
309.699983 -269.554432
310.486168 -270.172460
311.272355 -270.790488
312.058543 -271.408513
312.844731 -272.026538
313.630919 -272.644564
314.417106 -273.262591
315.203292 -273.880618
315.989566 -274.498533
316.781745 -275.108860
317.573925 -275.719187
318.366104 -276.329514
319.158282 -276.939842
319.950460 -277.550171
320.742638 -278.160499
321.534816 -278.770828
322.326995 -279.381156
323.119173 -279.991484
323.911351 -280.601812
324.703529 -281.212141
325.495707 -281.822469
326.287885 -282.432797
327.080063 -283.043125
327.872239 -283.653457
328.664077 -284.264226
329.455915 -284.874996
330.247753 -285.485765
331.039572 -286.096559
331.831318 -286.707448
332.623064 -287.318337
333.414810 -287.929226
334.206556 -288.540115
334.998301 -289.151004
335.790047 -289.761893
336.581793 -290.372782
337.373538 -290.983671
338.165284 -291.594560
338.957030 -292.205449
339.748776 -292.816338
340.540292 -293.427525
341.331751 -294.038784
342.123211 -294.650044
342.914671 -295.261304
343.706130 -295.872563
344.497590 -296.483823
345.289050 -297.095083
346.080509 -297.706342
346.871969 -298.317602
347.663428 -298.928862
348.454888 -299.540121
349.246347 -300.151381
350.037807 -300.762641
350.829266 -301.373900
351.620726 -301.985160
352.411947 -302.596728
353.203107 -303.208376
353.994267 -303.820023
354.785427 -304.431670
355.576587 -305.043318
356.367572 -305.655191
357.158543 -306.267083
357.949513 -306.878975
358.740484 -307.490867
359.531455 -308.102760
360.322425 -308.714652
361.113396 -309.326544
361.904367 -309.938436
362.695337 -310.550328
363.486308 -311.162220
364.277279 -311.774112
365.068249 -312.386004
365.859220 -312.997896
366.650191 -313.609788
367.441161 -314.221680
368.232132 -314.833572
369.023103 -315.445464
369.814073 -316.057356
370.604049 -316.670532
371.394009 -317.283728
372.183970 -317.896924
372.973847 -318.510226
373.763661 -319.123611
374.553474 -319.736996
375.343288 -320.350380
376.133102 -320.963765
376.922915 -321.577150
377.712729 -322.190535
378.502543 -322.803919
379.292356 -323.417304
380.082170 -324.030689
380.871984 -324.644073
381.661798 -325.257457
382.451611 -325.870842
383.241425 -326.484227
384.031239 -327.097611
384.821052 -327.710996
385.610866 -328.324380
386.400680 -328.937765
387.190494 -329.551149
387.980309 -330.164532
388.770124 -330.777915
389.560898 -331.390057
390.353461 -331.999885
391.146024 -332.609713
391.938587 -333.219541
392.731149 -333.829369
393.523712 -334.439197
394.316275 -335.049025
395.108838 -335.658853
395.901401 -336.268681
396.693964 -336.878509
397.486528 -337.488336
398.279091 -338.098163
399.071655 -338.707990
399.864220 -339.317816
400.656785 -339.927641
401.449348 -340.537468

[right] sid=8, seg=0, num=118
306.947785 -271.361787
307.738838 -271.973573
308.529890 -272.585360
309.320943 -273.197146
310.111997 -273.808931
310.903051 -274.420716
311.694854 -275.031531
312.486728 -275.642254
313.278601 -276.252978
314.070476 -276.863700
314.862350 -277.474422
315.654225 -278.085145
316.446099 -278.695867
317.237973 -279.306590
318.029847 -279.917313
318.821722 -280.528034
319.613597 -281.138756
320.405472 -281.749477
321.196630 -282.361127
321.987757 -282.972818
322.778884 -283.584508
323.570011 -284.196199
324.361137 -284.807889
325.151876 -285.420082
325.942429 -286.032513
326.732982 -286.644945
327.523536 -287.257376
328.314089 -287.869807
329.104643 -288.482238
329.895196 -289.094670
330.685749 -289.707101
331.476303 -290.319533
332.266856 -290.931964
333.057409 -291.544396
333.847804 -292.157032
334.638027 -292.769890
335.428250 -293.382747
336.218473 -293.995604
337.008696 -294.608461
337.798920 -295.221319
338.589143 -295.834176
339.379366 -296.447033
340.169589 -297.059890
340.959813 -297.672747
341.750036 -298.285604
342.540259 -298.898461
343.330981 -299.510674
344.122168 -300.122287
344.913355 -300.733900
345.704541 -301.345513
346.495728 -301.957126
347.286977 -302.568658
348.078954 -303.179247
348.870931 -303.789837
349.662907 -304.400426
350.454884 -305.011016
351.246861 -305.621605
352.038838 -306.232194
352.830814 -306.842784
353.622791 -307.453374
354.414767 -308.063963
355.206744 -308.674553
355.998565 -309.285343
356.789835 -309.896849
357.581104 -310.508355
358.372373 -311.119861
359.163643 -311.731367
359.954912 -312.342873
360.746181 -312.954379
361.537450 -313.565885
362.328720 -314.177391
363.119989 -314.788897
363.911258 -315.400403
364.702527 -316.011909
365.493618 -316.623645
366.284160 -317.236091
367.074702 -317.848536
367.865244 -318.460982
368.655787 -319.073427
369.446329 -319.685873
370.236486 -320.298815
371.026386 -320.912088
371.816286 -321.525362
372.606187 -322.138634
373.396087 -322.751907
374.185988 -323.365180
374.975889 -323.978452
375.765790 -324.591724
376.555691 -325.204996
377.345592 -325.818269
378.135492 -326.431542
378.925392 -327.044815
379.715768 -327.657475
380.506465 -328.269720
381.297163 -328.881965
382.087997 -329.494033
382.878926 -330.105979
383.669854 -330.717926
384.460822 -331.329822
385.251816 -331.941683
386.042811 -332.553543
386.833806 -333.165405
387.624811 -333.777252
388.415832 -334.389079
389.206852 -335.000906
389.997873 -335.612733
390.788895 -336.224559
391.579917 -336.836385
392.370938 -337.448211
393.161959 -338.060038
393.952980 -338.671865
394.744001 -339.283691
395.535022 -339.895518
396.326043 -340.507345
397.117308 -341.118855
397.908850 -341.730008
398.700392 -342.341161
399.491934 -342.952314

[center] sid=9, seg=0, num=118
305.981090 -272.554486
306.772251 -273.166132
307.563412 -273.777778
308.354571 -274.389427
309.145717 -275.001094
309.936862 -275.612760
310.728340 -276.223997
311.519863 -276.835175
312.311386 -277.446352
313.102909 -278.057530
313.894431 -278.668708
314.685954 -279.279886
315.477353 -279.891225
316.268737 -280.502582
317.060122 -281.113939
317.851036 -281.725904
318.641908 -282.337925
319.432779 -282.949945
320.223156 -283.562604
321.013494 -284.175314
321.803831 -284.788024
322.593725 -285.401306
323.383591 -286.014624
324.174227 -286.626948
324.965280 -287.238734
325.756333 -287.850520
326.547570 -288.462068
327.338906 -289.073488
328.130241 -289.684908
328.921577 -290.296329
329.712912 -290.907749
330.504247 -291.519170
331.295583 -292.130590
332.086918 -292.742011
332.878181 -293.353526
333.669351 -293.965160
334.460522 -294.576793
335.251693 -295.188427
336.042864 -295.800060
336.834035 -296.411694
337.625205 -297.023327
338.416376 -297.634960
339.207547 -298.246594
339.998504 -298.858504
340.789223 -299.470721
341.579942 -300.082938
342.370592 -300.695245
343.161169 -301.307646
343.951745 -301.920048
344.742321 -302.532450
345.532897 -303.144852
346.323492 -303.757229
347.114464 -304.369120
347.905436 -304.981010
348.696408 -305.592901
349.487380 -306.204792
350.278352 -306.816682
351.069324 -307.428572
351.860296 -308.040463
352.651268 -308.652354
353.442239 -309.264244
354.233211 -309.876135
355.024136 -310.488086
355.814854 -311.100305
356.605571 -311.712524
357.396292 -312.324739
358.187025 -312.936938
358.977758 -313.549138
359.768511 -314.161311
360.559344 -314.773382
361.350176 -315.385452
362.141011 -315.997520
362.931854 -316.609577
363.722697 -317.221634
364.513463 -317.833791
365.303942 -318.446318
366.094421 -319.058844
366.884900 -319.671371
367.675380 -320.283898
368.465859 -320.896424
369.256157 -321.509185
370.046315 -322.122126
370.836473 -322.735067
371.626632 -323.348008
372.416790 -323.960948
373.206949 -324.573888
373.997108 -325.186828
374.787266 -325.799769
375.577425 -326.412709
376.367584 -327.025649
377.157742 -327.638589
377.947901 -328.251529
378.738283 -328.864181
379.528840 -329.476607
380.319397 -330.089034
381.110011 -330.701386
381.900672 -331.313679
382.691332 -331.925972
383.482084 -332.538146
384.272909 -333.150227
385.063733 -333.762308
385.854779 -334.374102
386.646010 -334.985657
387.437251 -335.597200
388.228492 -336.208742
389.019733 -336.820285
389.810973 -337.431827
390.602214 -338.043370
391.393455 -338.654913
392.184695 -339.266456
392.975935 -339.878000
393.766802 -340.490025
394.557153 -341.102717
395.347504 -341.715409
396.137737 -342.328253
396.927821 -342.941290
397.717904 -343.554327
398.508009 -344.167337

[left] sid=9, seg=0, num=118
306.947785 -271.361787
307.738838 -271.973573
308.529890 -272.585360
309.320943 -273.197146
310.111997 -273.808931
310.903051 -274.420716
311.694854 -275.031531
312.486728 -275.642254
313.278601 -276.252978
314.070476 -276.863700
314.862350 -277.474422
315.654225 -278.085145
316.446099 -278.695867
317.237973 -279.306590
318.029847 -279.917313
318.821722 -280.528034
319.613597 -281.138756
320.405472 -281.749477
321.196630 -282.361127
321.987757 -282.972818
322.778884 -283.584508
323.570011 -284.196199
324.361137 -284.807889
325.151876 -285.420082
325.942429 -286.032513
326.732982 -286.644945
327.523536 -287.257376
328.314089 -287.869807
329.104643 -288.482238
329.895196 -289.094670
330.685749 -289.707101
331.476303 -290.319533
332.266856 -290.931964
333.057409 -291.544396
333.847804 -292.157032
334.638027 -292.769890
335.428250 -293.382747
336.218473 -293.995604
337.008696 -294.608461
337.798920 -295.221319
338.589143 -295.834176
339.379366 -296.447033
340.169589 -297.059890
340.959813 -297.672747
341.750036 -298.285604
342.540259 -298.898461
343.330981 -299.510674
344.122168 -300.122287
344.913355 -300.733900
345.704541 -301.345513
346.495728 -301.957126
347.286977 -302.568658
348.078954 -303.179247
348.870931 -303.789837
349.662907 -304.400426
350.454884 -305.011016
351.246861 -305.621605
352.038838 -306.232194
352.830814 -306.842784
353.622791 -307.453374
354.414767 -308.063963
355.206744 -308.674553
355.998565 -309.285343
356.789835 -309.896849
357.581104 -310.508355
358.372373 -311.119861
359.163643 -311.731367
359.954912 -312.342873
360.746181 -312.954379
361.537450 -313.565885
362.328720 -314.177391
363.119989 -314.788897
363.911258 -315.400403
364.702527 -316.011909
365.493618 -316.623645
366.284160 -317.236091
367.074702 -317.848536
367.865244 -318.460982
368.655787 -319.073427
369.446329 -319.685873
370.236486 -320.298815
371.026386 -320.912088
371.816286 -321.525362
372.606187 -322.138634
373.396087 -322.751907
374.185988 -323.365180
374.975889 -323.978452
375.765790 -324.591724
376.555691 -325.204996
377.345592 -325.818269
378.135492 -326.431542
378.925392 -327.044815
379.715768 -327.657475
380.506465 -328.269720
381.297163 -328.881965
382.087997 -329.494033
382.878926 -330.105979
383.669854 -330.717926
384.460822 -331.329822
385.251816 -331.941683
386.042811 -332.553543
386.833806 -333.165405
387.624811 -333.777252
388.415832 -334.389079
389.206852 -335.000906
389.997873 -335.612733
390.788895 -336.224559
391.579917 -336.836385
392.370938 -337.448211
393.161959 -338.060038
393.952980 -338.671865
394.744001 -339.283691
395.535022 -339.895518
396.326043 -340.507345
397.117308 -341.118855
397.908850 -341.730008
398.700392 -342.341161
399.491934 -342.952314

[right] sid=9, seg=0, num=118
305.014396 -273.747188
305.805663 -274.358698
306.596929 -274.970207
307.388196 -275.581717
308.179461 -276.193229
308.970678 -276.804803
309.761850 -277.416435
310.553022 -278.028067
311.344194 -278.639699
312.135366 -279.251331
312.926538 -279.862963
313.717711 -280.474595
314.508883 -281.086226
315.300056 -281.697857
316.090546 -282.310370
316.880410 -282.923689
317.670275 -283.537009
318.460140 -284.150328
319.250005 -284.763646
320.039871 -285.376965
320.828896 -285.991363
321.617497 -286.606307
322.406098 -287.221250
323.195166 -287.835590
323.987283 -288.445998
324.779400 -289.056407
325.571516 -289.666815
326.363633 -290.277223
327.155749 -290.887632
327.947865 -291.498040
328.739982 -292.108449
329.532098 -292.718857
330.324215 -293.329265
331.116331 -293.939673
331.908448 -294.550081
332.700564 -295.160490
333.492681 -295.770898
334.284797 -296.381307
335.076913 -296.991715
335.869029 -297.602124
336.661146 -298.212532
337.453262 -298.822940
338.245379 -299.433349
339.037495 -300.043757
339.829611 -300.654165
340.620218 -301.266526
341.410183 -301.879716
342.200148 -302.492906
342.990113 -303.106096
343.780078 -303.719286
344.570043 -304.332476
345.360008 -304.945666
346.149973 -305.558856
346.939938 -306.172046
347.729903 -306.785236
348.519868 -307.398426
349.309833 -308.011616
350.099798 -308.624806
350.889763 -309.237996
351.679728 -309.851186
352.469693 -310.464375
353.259658 -311.077565
354.049623 -311.690755
354.839766 -312.303716
355.629962 -312.916609
356.420157 -313.529501
357.210353 -314.142394
358.000549 -314.755287
358.790744 -315.368179
359.581138 -315.980817
360.371554 -316.593425
361.161970 -317.206033
361.952386 -317.818641
362.742802 -318.431250
363.533218 -319.043858
364.323635 -319.656466
365.114051 -320.269074
365.904467 -320.881682
366.694884 -321.494290
367.485300 -322.106897
368.275717 -322.719505
369.066133 -323.332114
369.856548 -323.944722
370.646964 -324.557331
371.437381 -325.169938
372.227798 -325.782545
373.018215 -326.395153
373.808631 -327.007761
374.599047 -327.620369
375.389462 -328.232978
376.179879 -328.845585
376.970296 -329.458193
377.760713 -330.070800
378.551129 -330.683408
379.341544 -331.296017
380.131960 -331.908626
380.922349 -332.521269
381.712735 -333.133916
382.503121 -333.746563
383.293506 -334.359211
384.084180 -334.971486
384.875639 -335.582746
385.667098 -336.194005
386.458558 -336.805265
387.250018 -337.416523
388.041478 -338.027782
388.832938 -338.639041
389.624397 -339.250301
390.415857 -339.861560
391.207316 -340.472820
391.998776 -341.084079
392.790236 -341.695338
393.580898 -342.307625
394.369519 -342.922541
395.158141 -343.537457
395.946763 -344.152373
396.735386 -344.767288
397.524009 -345.382204

[center] sid=10, seg=0, num=118
303.822804 -275.212882
304.618085 -275.819162
305.413365 -276.425443
306.208646 -277.031723
307.003926 -277.638004
307.799206 -278.244285
308.594486 -278.850566
309.389766 -279.456847
310.183095 -280.065669
310.974209 -280.677376
311.765323 -281.289083
312.556437 -281.900790
313.347551 -282.512497
314.138666 -283.124203
314.929469 -283.736312
315.719929 -284.348864
316.510389 -284.961415
317.300850 -285.573967
318.091311 -286.186517
318.881772 -286.799068
319.671809 -287.412165
320.461583 -288.025601
321.251357 -288.639037
322.040634 -289.253112
322.831130 -289.865618
323.621625 -290.478124
324.412143 -291.090602
325.202845 -291.702841
325.993547 -292.315081
326.784326 -292.927221
327.575739 -293.538540
328.367152 -294.149860
329.158605 -294.761128
329.950348 -295.372022
330.742090 -295.982915
331.533848 -296.593789
332.325710 -297.204527
333.117572 -297.815265
333.909435 -298.426003
334.701297 -299.036741
335.493160 -299.647478
336.285022 -300.258216
337.076885 -300.868953
337.868747 -301.479691
338.660610 -302.090429
339.449087 -302.705518
340.235774 -303.322907
341.022461 -303.940297
341.811842 -304.554232
342.602411 -305.166644
343.392979 -305.779056
344.183547 -306.391468
344.974115 -307.003880
345.764684 -307.616292
346.555252 -308.228704
347.345820 -308.841116
348.136388 -309.453528
348.926957 -310.065940
349.717525 -310.678352
350.508093 -311.290764
351.298661 -311.903176
352.089230 -312.515588
352.879798 -313.128000
353.670366 -313.740412
354.460934 -314.352824
355.251503 -314.965236
356.042071 -315.577648
356.832639 -316.190060
357.623207 -316.802472
358.413776 -317.414884
359.204344 -318.027296
359.994912 -318.639707
360.785481 -319.252119
361.576049 -319.864531
362.366617 -320.476943
363.157185 -321.089355
363.947753 -321.701768
364.738321 -322.314180
365.528889 -322.926592
366.319457 -323.539004
367.110025 -324.151417
367.900593 -324.763829
368.691161 -325.376241
369.481729 -325.988653
370.272297 -326.601065
371.062865 -327.213478
371.853433 -327.825890
372.644001 -328.438302
373.434569 -329.050714
374.225137 -329.663126
375.015705 -330.275539
375.806273 -330.887951
376.596841 -331.500363
377.387409 -332.112774
378.177977 -332.725186
378.968546 -333.337598
379.759114 -333.950010
380.549682 -334.562422
381.340250 -335.174834
382.130818 -335.787246
382.921386 -336.399658
383.711954 -337.012070
384.502522 -337.624482
385.293090 -338.236894
386.083658 -338.849306
386.874226 -339.461718
387.664794 -340.074130
388.455363 -340.686542
389.245931 -341.298953
390.036499 -341.911365
390.827068 -342.523776
391.617636 -343.136188
392.408204 -343.748600
393.198772 -344.361012
393.989340 -344.973424
394.779622 -345.586204
395.569040 -346.200099
396.358457 -346.813994

[left] sid=10, seg=0, num=118
305.014396 -273.747188
305.805663 -274.358698
306.596929 -274.970207
307.388196 -275.581717
308.179461 -276.193229
308.970678 -276.804803
309.761850 -277.416435
310.553022 -278.028067
311.344194 -278.639699
312.135366 -279.251331
312.926538 -279.862963
313.717711 -280.474595
314.508883 -281.086226
315.300056 -281.697857
316.090546 -282.310370
316.880410 -282.923689
317.670275 -283.537009
318.460140 -284.150328
319.250005 -284.763646
320.039871 -285.376965
320.828896 -285.991363
321.617497 -286.606307
322.406098 -287.221250
323.195166 -287.835590
323.987283 -288.445998
324.779400 -289.056407
325.571516 -289.666815
326.363633 -290.277223
327.155749 -290.887632
327.947865 -291.498040
328.739982 -292.108449
329.532098 -292.718857
330.324215 -293.329265
331.116331 -293.939673
331.908448 -294.550081
332.700564 -295.160490
333.492681 -295.770898
334.284797 -296.381307
335.076913 -296.991715
335.869029 -297.602124
336.661146 -298.212532
337.453262 -298.822940
338.245379 -299.433349
339.037495 -300.043757
339.829611 -300.654165
340.620218 -301.266526
341.410183 -301.879716
342.200148 -302.492906
342.990113 -303.106096
343.780078 -303.719286
344.570043 -304.332476
345.360008 -304.945666
346.149973 -305.558856
346.939938 -306.172046
347.729903 -306.785236
348.519868 -307.398426
349.309833 -308.011616
350.099798 -308.624806
350.889763 -309.237996
351.679728 -309.851186
352.469693 -310.464375
353.259658 -311.077565
354.049623 -311.690755
354.839766 -312.303716
355.629962 -312.916609
356.420157 -313.529501
357.210353 -314.142394
358.000549 -314.755287
358.790744 -315.368179
359.581138 -315.980817
360.371554 -316.593425
361.161970 -317.206033
361.952386 -317.818641
362.742802 -318.431250
363.533218 -319.043858
364.323635 -319.656466
365.114051 -320.269074
365.904467 -320.881682
366.694884 -321.494290
367.485300 -322.106897
368.275717 -322.719505
369.066133 -323.332114
369.856548 -323.944722
370.646964 -324.557331
371.437381 -325.169938
372.227798 -325.782545
373.018215 -326.395153
373.808631 -327.007761
374.599047 -327.620369
375.389462 -328.232978
376.179879 -328.845585
376.970296 -329.458193
377.760713 -330.070800
378.551129 -330.683408
379.341544 -331.296017
380.131960 -331.908626
380.922349 -332.521269
381.712735 -333.133916
382.503121 -333.746563
383.293506 -334.359211
384.084180 -334.971486
384.875639 -335.582746
385.667098 -336.194005
386.458558 -336.805265
387.250018 -337.416523
388.041478 -338.027782
388.832938 -338.639041
389.624397 -339.250301
390.415857 -339.861560
391.207316 -340.472820
391.998776 -341.084079
392.790236 -341.695338
393.580898 -342.307625
394.369519 -342.922541
395.158141 -343.537457
395.946763 -344.152373
396.735386 -344.767288
397.524009 -345.382204

[right] sid=10, seg=0, num=65
340.423543 -305.847582
341.205312 -306.471187
341.987082 -307.094792
342.768852 -307.718397
343.550621 -308.342002
344.332390 -308.965608
345.122471 -309.578582
345.916217 -310.186870
346.709963 -310.795158
347.503709 -311.403445
348.297456 -312.011733
349.091202 -312.620020
349.884948 -313.228308
350.678694 -313.836596
351.472440 -314.444883
352.266185 -315.053171
353.059931 -315.661459
353.853677 -316.269746
354.647423 -316.878034
355.441169 -317.486322
356.234915 -318.094609
357.028661 -318.702897
357.819281 -319.315236
358.608991 -319.928754
359.398701 -320.542273
360.188411 -321.155791
360.978121 -321.769309
361.767831 -322.382828
362.557541 -322.996346
363.347251 -323.609865
364.136960 -324.223383
364.926670 -324.836902
365.716380 -325.450420
366.506090 -326.063938
367.295800 -326.677457
368.085510 -327.290975
368.875220 -327.904494
369.664929 -328.518012
370.456347 -329.129322
371.248593 -329.739563
372.040838 -330.349804
372.833083 -330.960045
373.625328 -331.570286
374.417573 -332.180527
375.209818 -332.790768
376.002063 -333.401009
376.794308 -334.011250
377.586554 -334.621491
378.378799 -335.231732
379.171044 -335.841972
379.963289 -336.452213
380.755534 -337.062454
381.547779 -337.672695
382.340025 -338.282936
383.131567 -338.894085
383.921508 -339.507307
384.711448 -340.120528
385.501388 -340.733750
386.291328 -341.346972
387.081268 -341.960194
387.871208 -342.573415
388.661149 -343.186637
389.451089 -343.799858
390.241030 -344.413080
391.030970 -345.026301

[center] sid=11, seg=0, num=45
401.111191 -342.238620
401.903137 -342.849249
402.695083 -343.459878
403.487029 -344.070507
404.278955 -344.681161
405.070881 -345.291815
405.862808 -345.902470
406.654138 -346.513896
407.445459 -347.125334
408.236780 -347.736773
409.027990 -348.348355
409.819200 -348.959937
410.610410 -349.571520
411.401592 -350.183138
412.192774 -350.794757
412.983956 -351.406376
413.775137 -352.017994
414.566319 -352.629613
415.357495 -353.241239
416.147559 -353.854302
416.937622 -354.467364
417.727685 -355.080427
418.517657 -355.693609
419.307466 -356.306999
420.097275 -356.920389
420.887083 -357.533780
421.676890 -358.147173
422.466698 -358.760565
423.256505 -359.373958
424.046312 -359.987351
424.836119 -360.600744
425.625925 -361.214137
426.415732 -361.827531
427.205539 -362.440924
427.995346 -363.054317
428.785153 -363.667709
429.574960 -364.281102
430.364810 -364.894440
431.154718 -365.507703
431.944626 -366.120965
432.734803 -366.733881
433.525330 -367.346346
434.315856 -367.958811
435.106380 -368.571281
435.896899 -369.183755

[left] sid=11, seg=0, num=45
402.082942 -341.024985
402.874596 -341.635992
403.666250 -342.246999
404.457905 -342.858006
405.249559 -343.469013
406.041213 -344.080020
406.832867 -344.691027
407.624522 -345.302034
408.416176 -345.913041
409.207830 -346.524048
409.999485 -347.135055
410.791139 -347.746062
411.582793 -348.357069
412.374448 -348.968076
413.166102 -349.579083
413.957756 -350.190089
414.749411 -350.801096
415.541065 -351.412103
416.332651 -352.023198
417.122069 -352.637092
417.911486 -353.250986
418.700904 -353.864880
419.490131 -354.479019
420.279056 -355.093546
421.067981 -355.708073
421.856906 -356.322599
422.645831 -356.937126
423.434756 -357.551653
424.223681 -358.166180
425.012606 -358.780707
425.801532 -359.395233
426.590457 -360.009760
427.379382 -360.624287
428.168307 -361.238814
428.957232 -361.853340
429.746157 -362.467867
430.535082 -363.082394
431.324007 -363.696920
432.112933 -364.311447
432.901858 -364.925974
433.691320 -365.539809
434.481412 -366.152836
435.271503 -366.765862
436.061594 -367.378888
436.851686 -367.991914

[right] sid=11, seg=0, num=45
400.139433 -343.452249
400.931665 -344.062508
401.723896 -344.672766
402.516128 -345.283025
403.308359 -345.893283
404.100591 -346.503541
404.892778 -347.113858
405.683765 -347.725728
406.474752 -348.337599
407.265739 -348.949469
408.056625 -349.561470
408.847334 -350.173701
409.638042 -350.785931
410.428751 -351.398162
411.219459 -352.010392
412.010168 -352.622622
412.800877 -353.234852
413.591585 -353.847083
414.382294 -354.459313
415.173002 -355.071544
415.963711 -355.683774
416.754419 -356.296005
417.545121 -356.908243
418.335813 -357.520496
419.126504 -358.132748
419.917195 -358.745001
420.707884 -359.357257
421.498571 -359.969515
422.289258 -360.581773
423.079945 -361.194032
423.870632 -361.806290
424.661319 -362.418548
425.452006 -363.030806
426.242693 -363.643064
427.033379 -364.255323
427.824066 -364.867581
428.614753 -365.479839
429.405440 -366.092097
430.196293 -366.704140
430.987255 -367.316043
431.778217 -367.927947
432.569179 -368.539850
433.360141 -369.151752
434.151103 -369.763655
434.942064 -370.375559

[center] sid=12, seg=0, num=45
399.147149 -344.663175
399.938778 -345.274214
400.730408 -345.885253
401.522037 -346.496293
402.313675 -347.107321
403.105313 -347.718349
403.896951 -348.329378
404.687971 -348.941204
405.478987 -349.553038
406.270003 -350.164871
407.060974 -350.776762
407.851851 -351.388776
408.642727 -352.000790
409.433603 -352.612803
410.224480 -353.224817
411.015356 -353.836830
411.806222 -354.448857
412.597068 -355.060911
413.387913 -355.672965
414.178728 -356.285057
414.969480 -356.897232
415.760231 -357.509407
416.550972 -358.121595
417.341689 -358.733815
418.132406 -359.346034
418.923123 -359.958254
419.713839 -360.570475
420.504553 -361.182697
421.295268 -361.794919
422.085983 -362.407142
422.876698 -363.019364
423.667412 -363.631586
424.458214 -364.243696
425.249082 -364.855720
426.039951 -365.467744
426.831036 -366.079487
427.622292 -366.691010
428.413547 -367.302534
429.204963 -367.913849
429.996506 -368.525000
430.788049 -369.136151
431.579592 -369.747302
432.371135 -370.358453
433.162678 -370.969604
433.954206 -371.580775

[left] sid=12, seg=0, num=45
400.139433 -343.452249
400.931665 -344.062508
401.723896 -344.672766
402.516128 -345.283025
403.308359 -345.893283
404.100591 -346.503541
404.892778 -347.113858
405.683765 -347.725728
406.474752 -348.337599
407.265739 -348.949469
408.056625 -349.561470
408.847334 -350.173701
409.638042 -350.785931
410.428751 -351.398162
411.219459 -352.010392
412.010168 -352.622622
412.800877 -353.234852
413.591585 -353.847083
414.382294 -354.459313
415.173002 -355.071544
415.963711 -355.683774
416.754419 -356.296005
417.545121 -356.908243
418.335813 -357.520496
419.126504 -358.132748
419.917195 -358.745001
420.707884 -359.357257
421.498571 -359.969515
422.289258 -360.581773
423.079945 -361.194032
423.870632 -361.806290
424.661319 -362.418548
425.452006 -363.030806
426.242693 -363.643064
427.033379 -364.255323
427.824066 -364.867581
428.614753 -365.479839
429.405440 -366.092097
430.196293 -366.704140
430.987255 -367.316043
431.778217 -367.927947
432.569179 -368.539850
433.360141 -369.151752
434.151103 -369.763655
434.942064 -370.375559

[right] sid=12, seg=0, num=45
398.154860 -345.874102
398.945904 -346.485898
399.736949 -347.097695
400.527993 -347.709491
401.319037 -348.321288
402.110081 -348.933085
402.901125 -349.544882
403.692169 -350.156679
404.483214 -350.768475
405.274258 -351.380272
406.065302 -351.992069
406.856346 -352.603866
407.647390 -353.215662
408.438434 -353.827459
409.229478 -354.439256
410.020523 -355.051053
410.811567 -355.662849
411.602611 -356.274646
412.393647 -356.886452
413.184444 -357.498569
413.975241 -358.110686
414.766037 -358.722802
415.556813 -359.334945
416.347556 -359.947132
417.138299 -360.559318
417.929041 -361.171504
418.719784 -361.783691
419.510526 -362.395877
420.301269 -363.008063
421.092012 -363.620250
421.882754 -364.232436
422.673497 -364.844622
423.464239 -365.456809
424.254982 -366.068995
425.046124 -366.680665
425.837944 -367.291457
426.629764 -367.902249
427.421584 -368.513041
428.213568 -369.123621
429.005691 -369.734019
429.797814 -370.344418
430.589938 -370.954817
431.382061 -371.565216
432.174184 -372.175615
432.966307 -372.786013

[center] sid=13, seg=0, num=45
397.022140 -347.330119
397.811867 -347.943615
398.601594 -348.557111
399.391322 -349.170605
400.181144 -349.783980
400.970965 -350.397354
401.760794 -351.010719
402.551257 -351.623266
403.341721 -352.235813
404.132184 -352.848360
404.922672 -353.460876
405.713160 -354.073391
406.503648 -354.685906
407.294136 -355.298422
408.084623 -355.910937
408.875111 -356.523452
409.665599 -357.135968
410.456087 -357.748483
411.246602 -358.360964
412.038021 -358.972275
412.829441 -359.583586
413.620861 -360.194896
414.412426 -360.806019
415.204213 -361.416854
415.996000 -362.027689
416.787555 -362.638824
417.578704 -363.250484
418.369854 -363.862145
419.160845 -364.474010
419.951564 -365.086226
420.742284 -365.698442
421.532899 -366.310793
422.323334 -366.923376
423.113770 -367.535959
423.904404 -368.148285
424.695379 -368.760171
425.486354 -369.372057
426.277329 -369.983943
427.068583 -370.595468
427.860077 -371.206682
428.651571 -371.817897
429.443198 -372.428939
430.234934 -373.039840
431.026669 -373.650742
431.818406 -374.261641

[left] sid=13, seg=0, num=45
398.154860 -345.874102
398.945904 -346.485898
399.736949 -347.097695
400.527993 -347.709491
401.319037 -348.321288
402.110081 -348.933085
402.901125 -349.544882
403.692169 -350.156679
404.483214 -350.768475
405.274258 -351.380272
406.065302 -351.992069
406.856346 -352.603866
407.647390 -353.215662
408.438434 -353.827459
409.229478 -354.439256
410.020523 -355.051053
410.811567 -355.662849
411.602611 -356.274646
412.393647 -356.886452
413.184444 -357.498569
413.975241 -358.110686
414.766037 -358.722802
415.556813 -359.334945
416.347556 -359.947132
417.138299 -360.559318
417.929041 -361.171504
418.719784 -361.783691
419.510526 -362.395877
420.301269 -363.008063
421.092012 -363.620250
421.882754 -364.232436
422.673497 -364.844622
423.464239 -365.456809
424.254982 -366.068995
425.046124 -366.680665
425.837944 -367.291457
426.629764 -367.902249
427.421584 -368.513041
428.213568 -369.123621
429.005691 -369.734019
429.797814 -370.344418
430.589938 -370.954817
431.382061 -371.565216
432.174184 -372.175615
432.966307 -372.786013

[right] sid=13, seg=0, num=45
395.889419 -348.786129
396.677820 -349.401329
397.466221 -350.016528
398.254632 -350.631714
399.043228 -351.246664
399.831823 -351.861614
400.620418 -352.476564
401.410224 -353.089959
402.200155 -353.703192
402.990086 -354.316425
403.780017 -354.929659
404.569948 -355.542892
405.359879 -356.156125
406.149810 -356.769359
406.939741 -357.382592
407.729672 -357.995826
408.519603 -358.609059
409.309534 -359.222293
410.099465 -359.835526
410.891490 -360.446051
411.683565 -361.056514
412.475639 -361.666976
413.267714 -362.277438
414.060346 -362.887175
414.853455 -363.496293
415.646564 -364.105410
416.438526 -364.716015
417.229501 -365.327902
418.020475 -365.939789
418.811449 -366.551676
419.602126 -367.163947
420.392255 -367.776925
421.182383 -368.389904
421.972512 -369.002882
422.762641 -369.615861
423.552769 -370.228840
424.342898 -370.841818
425.133026 -371.454797
425.923155 -372.067775
426.713711 -372.680201
427.505059 -373.291606
428.296406 -373.903010
429.087754 -374.514414
429.879102 -375.125818
430.670449 -375.737221

[center] sid=14, seg=0, num=45
401.111191 -342.238619
402.024564 -342.645797
402.937937 -343.052975
403.851310 -343.460153
404.764683 -343.867332
405.678057 -344.274510
406.591430 -344.681688
407.504803 -345.088866
408.418176 -345.496044
409.306257 -345.948513
410.132032 -346.512553
410.957806 -347.076594
411.784310 -347.639563
412.612484 -348.200073
413.440659 -348.760584
414.268834 -349.321095
415.097008 -349.881605
415.927408 -350.438786
416.762342 -350.989177
417.597276 -351.539568
418.431983 -352.090303
419.266301 -352.641628
420.100619 -353.192952
420.918739 -353.767365
421.721093 -354.364253
422.523446 -354.961140
423.320811 -355.564621
424.113362 -356.174464
424.905913 -356.784308
425.698463 -357.394152
426.489270 -358.006249
427.278511 -358.620370
428.067752 -359.234491
428.856637 -359.849070
429.645195 -360.464068
430.433753 -361.079065
431.222296 -361.694082
432.010809 -362.309137
432.799322 -362.924193
433.587950 -363.539101
434.376819 -364.153699
435.165688 -364.768297
435.954630 -365.382802
436.743723 -365.997114
437.532816 -366.611425

[left] sid=14, seg=0, num=23
402.082943 -341.024986
402.941441 -341.537847
403.799939 -342.050709
404.658437 -342.563570
405.516934 -343.076432
406.375432 -343.589293
407.233132 -344.103486
408.090043 -344.618993
408.946955 -345.134499
409.803867 -345.650006
410.660779 -346.165513
411.517691 -346.681020
412.376777 -347.192877
413.238012 -347.701129
414.099247 -348.209380
414.960482 -348.717632
415.821716 -349.225883
416.689269 -349.723112
417.563148 -350.209301
418.437027 -350.695491
419.310906 -351.181681
420.184785 -351.667871
421.058663 -352.154060

[left] sid=14, seg=1, num=22
421.389689 -352.338230
422.205064 -352.917202
423.020439 -353.496175
423.835814 -354.075148
424.631964 -354.680285
425.428112 -355.285424
426.224260 -355.890564
427.020291 -356.495856
427.809848 -357.109571
428.599405 -357.723286
429.388944 -358.337023
430.177135 -358.952492
430.965326 -359.567960
431.753516 -360.183429
432.541633 -360.798991
433.329734 -361.414575
434.117834 -362.030160
434.905934 -362.645744
435.694035 -363.261327
436.482135 -363.876911
437.270236 -364.492495
438.058336 -365.108079

[right] sid=14, seg=0, num=45
402.082942 -341.024985
402.874596 -341.635992
403.666250 -342.246999
404.457905 -342.858006
405.249559 -343.469013
406.041213 -344.080020
406.832867 -344.691027
407.624522 -345.302034
408.416176 -345.913041
409.207830 -346.524048
409.999485 -347.135055
410.791139 -347.746062
411.582793 -348.357069
412.374448 -348.968076
413.166102 -349.579083
413.957756 -350.190089
414.749411 -350.801096
415.541065 -351.412103
416.332651 -352.023198
417.122069 -352.637092
417.911486 -353.250986
418.700904 -353.864880
419.490131 -354.479019
420.279056 -355.093546
421.067981 -355.708073
421.856906 -356.322599
422.645831 -356.937126
423.434756 -357.551653
424.223681 -358.166180
425.012606 -358.780707
425.801532 -359.395233
426.590457 -360.009760
427.379382 -360.624287
428.168307 -361.238814
428.957232 -361.853340
429.746157 -362.467867
430.535082 -363.082394
431.324007 -363.696920
432.112933 -364.311447
432.901858 -364.925974
433.691320 -365.539809
434.481412 -366.152836
435.271503 -366.765862
436.061594 -367.378888
436.851686 -367.991914

[center] sid=15, seg=0, num=5
437.822220 -366.836728
438.614152 -367.447375
439.406083 -368.058023
440.198015 -368.668670
440.992271 -369.276290

[left] sid=15, seg=0, num=5
438.755878 -365.652930
439.547193 -366.264376
440.338509 -366.875822
441.129824 -367.487268
441.925746 -368.092704

[right] sid=15, seg=0, num=5
436.888562 -368.020526
437.681102 -368.630384
438.473642 -369.240241
439.266182 -369.850099
440.058722 -370.459956

[center] sid=16, seg=0, num=5
435.933602 -369.212191
436.725875 -369.822395
437.518149 -370.432599
438.310422 -371.042802
439.102699 -371.653002

[left] sid=16, seg=0, num=5
436.888562 -368.020526
437.681102 -368.630384
438.473642 -369.240241
439.266182 -369.850099
440.058722 -370.459956

[right] sid=16, seg=0, num=5
434.978643 -370.403856
435.770655 -371.014400
436.562666 -371.624943
437.354678 -372.235487
438.146690 -372.846030

[center] sid=17, seg=0, num=5
434.006751 -371.621348
434.798819 -372.231818
435.590887 -372.842289
436.382955 -373.452759
437.175022 -374.063231

[left] sid=17, seg=0, num=5
434.978643 -370.403856
435.770655 -371.014400
436.562666 -371.624943
437.354678 -372.235487
438.146690 -372.846030

[right] sid=17, seg=0, num=5
433.034861 -372.838840
433.826984 -373.449239
434.619108 -374.059638
435.411231 -374.670037
436.203354 -375.280436

[center] sid=18, seg=0, num=5
431.888618 -374.315816
432.681334 -374.925444
433.474050 -375.535073
434.266766 -376.144702
435.059457 -376.754363

[left] sid=18, seg=0, num=5
433.034861 -372.838840
433.826984 -373.449239
434.619108 -374.059638
435.411231 -374.670037
436.203354 -375.280436

[right] sid=18, seg=0, num=5
430.742375 -375.792791
431.535679 -376.401654
432.328984 -377.010517
433.122288 -377.619380
433.915592 -378.228243

[center] sid=19, seg=0, num=6
431.888618 -374.315816
432.165491 -375.276751
432.442364 -376.237685
432.719237 -377.198620
433.140766 -378.071410
433.867798 -378.758048

[left] sid=19, seg=0, num=5
430.742375 -375.792791
431.535679 -376.401654
432.328984 -377.010517
433.122288 -377.619380
433.915592 -378.228243

[right] sid=19, seg=0, num=5
430.742374 -375.792792
431.394569 -376.550875
432.046764 -377.308957
432.698960 -378.067040
433.351155 -378.825122

[center] sid=20, seg=0, num=23
441.502265 -369.666364
442.294191 -370.277019
443.086117 -370.887673
443.878043 -371.498327
444.669970 -372.108981
445.461896 -372.719635
446.253822 -373.330289
447.045749 -373.940943
447.837675 -374.551598
448.629601 -375.162252
449.421527 -375.772906
450.213454 -376.383560
451.005380 -376.994214
451.797306 -377.604868
452.589233 -378.215522
453.381159 -378.826176
454.173085 -379.436831
454.965011 -380.047485
455.756938 -380.658139
456.548864 -381.268793
457.340790 -381.879447
458.132717 -382.490101
458.924642 -383.100755

[left] sid=20, seg=0, num=6
459.666513 -381.795209
460.458100 -382.406302
461.249688 -383.017395
462.041275 -383.628489
462.832862 -384.239582
463.624449 -384.850676

[left] sid=20, seg=1, num=22
442.557673 -368.373729
443.347308 -368.987343
444.136943 -369.600958
444.926578 -370.214572
445.716213 -370.828187
446.505848 -371.441801
447.295482 -372.055415
448.085117 -372.669030
448.874752 -373.282644
449.664387 -373.896259
450.454021 -374.509873
451.243656 -375.123487
452.033291 -375.737102
452.822926 -376.350716
453.612560 -376.964331
454.402195 -377.577945
455.191830 -378.191559
455.981465 -378.805174
456.771100 -379.418788
457.560734 -380.032402
458.350369 -380.646017
459.140004 -381.259631

[right] sid=20, seg=0, num=7
440.532903 -370.824838
441.325443 -371.434695
442.117983 -372.044553
442.910523 -372.654411
443.703063 -373.264268
444.495603 -373.874126
445.288142 -374.483984

[right] sid=20, seg=1, num=16
445.937853 -374.987634
446.724396 -375.605207
447.510938 -376.222780
448.297481 -376.840354
449.084023 -377.457927
449.870566 -378.075500
450.657108 -378.693073
451.443651 -379.310647
452.230193 -379.928220
453.016735 -380.545793
453.803278 -381.163366
454.589820 -381.780940
455.376827 -382.397920
456.164955 -383.013468
456.953083 -383.629017
457.740134 -384.245936

[center] sid=21, seg=0, num=23
439.594397 -372.031700
440.386672 -372.641901
441.178948 -373.252102
441.971221 -373.862307
442.763287 -374.472780
443.555353 -375.083253
444.347419 -375.693726
445.137480 -376.306781
445.925358 -376.922650
446.713236 -377.538518
447.500992 -378.154543
448.288613 -378.770739
449.076235 -379.386936
449.863857 -380.003132
450.651478 -380.619329
451.439099 -381.235526
452.226720 -381.851723
453.014341 -382.467920
453.801962 -383.084117
454.589932 -383.699867
455.378292 -384.315119
456.166652 -384.930371
456.955686 -385.544756

[left] sid=21, seg=0, num=7
440.532903 -370.824838
441.325443 -371.434695
442.117983 -372.044553
442.910523 -372.654411
443.703063 -373.264268
444.495603 -373.874126
445.288142 -374.483984

[left] sid=21, seg=1, num=16
445.937853 -374.987634
446.724396 -375.605207
447.510938 -376.222780
448.297481 -376.840354
449.084023 -377.457927
449.870566 -378.075500
450.657108 -378.693073
451.443651 -379.310647
452.230193 -379.928220
453.016735 -380.545793
453.803278 -381.163366
454.589820 -381.780940
455.376827 -382.397920
456.164955 -383.013468
456.953083 -383.629017
457.740134 -384.245936

[right] sid=21, seg=0, num=20
441.032491 -375.070626
441.824502 -375.681170
442.616514 -376.291713
443.408492 -376.902301
444.197701 -377.516462
444.986911 -378.130624
445.776120 -378.744785
446.565091 -379.359252
447.353789 -379.974071
448.142486 -380.588890
448.931183 -381.203709
449.719881 -381.818528
450.508578 -382.433346
451.297275 -383.048165
452.085973 -383.662984
452.874670 -384.277803
453.663299 -384.892710
454.451847 -385.507720
455.240395 -386.122730
456.031997 -386.733781

[center] sid=22, seg=0, num=23
437.696778 -374.465365
438.488846 -375.075836
439.280913 -375.686306
440.072981 -376.296777
440.865033 -376.907268
441.657085 -377.517759
442.449116 -378.128277
443.238387 -378.742360
444.027657 -379.356443
444.816928 -379.970526
445.605964 -380.584909
446.394728 -381.199644
447.183491 -381.814378
447.972254 -382.429112
448.761018 -383.043846
449.549781 -383.658580
450.338544 -384.273315
451.127306 -384.888051
451.916069 -385.502786
452.704761 -386.117611
453.493372 -386.732540
454.281983 -387.347470
455.072117 -387.960436

[left] sid=22, seg=0, num=20
441.032491 -375.070626
441.824502 -375.681170
442.616514 -376.291713
443.408492 -376.902301
444.197701 -377.516462
444.986911 -378.130624
445.776120 -378.744785
446.565091 -379.359252
447.353789 -379.974071
448.142486 -380.588890
448.931183 -381.203709
449.719881 -381.818528
450.508578 -382.433346
451.297275 -383.048165
452.085973 -383.662984
452.874670 -384.277803
453.663299 -384.892710
454.451847 -385.507720
455.240395 -386.122730
456.031997 -386.733781

[right] sid=22, seg=0, num=7
436.737664 -375.692168
437.529788 -376.302566
438.321911 -376.912965
439.114034 -377.523364
439.906158 -378.133762
440.698281 -378.744161
441.490302 -379.354692

[right] sid=22, seg=1, num=17
441.840641 -379.627208
442.629977 -380.241206
443.419314 -380.855204
444.208650 -381.469202
444.997512 -382.083810
445.786342 -382.698460
446.575171 -383.313109
447.364000 -383.927759
448.152830 -384.542408
448.941659 -385.157058
449.730488 -385.771708
450.519317 -386.386357
451.308147 -387.001007
452.096830 -387.615844
452.885503 -388.230693
453.674176 -388.845543
454.462850 -389.460393

[center] sid=23, seg=0, num=23
435.551654 -377.132913
436.343816 -377.743261
437.135979 -378.353609
437.928141 -378.963957
438.720260 -379.574362
439.512375 -380.184770
440.304491 -380.795179
441.094006 -381.408947
441.883479 -382.022770
442.672952 -382.636592
443.462619 -383.250165
444.252563 -383.863381
445.042507 -384.476597
445.833355 -385.088646
446.625439 -385.699095
447.417523 -386.309545
448.208712 -386.921151
448.998676 -387.534342
449.788639 -388.147533
450.577447 -388.762207
451.364837 -389.378698
452.152228 -389.995190
452.938960 -390.612520

[left] sid=23, seg=0, num=7
436.737664 -375.692168
437.529788 -376.302566
438.321911 -376.912965
439.114034 -377.523364
439.906158 -378.133762
440.698281 -378.744161
441.490302 -379.354692

[left] sid=23, seg=1, num=17
441.840641 -379.627208
442.629977 -380.241206
443.419314 -380.855204
444.208650 -381.469202
444.997512 -382.083810
445.786342 -382.698460
446.575171 -383.313109
447.364000 -383.927759
448.152830 -384.542408
448.941659 -385.157058
449.730488 -385.771708
450.519317 -386.386357
451.308147 -387.001007
452.096830 -387.615844
452.885503 -388.230693
453.674176 -388.845543
454.462850 -389.460393

[right] sid=23, seg=0, num=23
434.365645 -378.573659
435.157845 -379.183958
435.950045 -379.794257
436.742245 -380.404557
437.534445 -381.014856
438.326645 -381.625155
439.118750 -382.235577
439.908360 -382.849223
440.697969 -383.462870
441.487579 -384.076516
442.276956 -384.690463
443.066040 -385.304785
443.857010 -385.916660
444.652326 -386.522892
445.447643 -387.129124
446.242959 -387.735356
447.038276 -388.341588
447.833592 -388.947820
448.621935 -389.563060
449.408040 -390.181190
450.194145 -390.799320
450.980250 -391.417450
451.766355 -392.035580

[center] sid=24, seg=0, num=23
434.086846 -378.964926
434.824842 -379.639766
435.562838 -380.314606
436.300834 -380.989446
437.038830 -381.664285
437.776826 -382.339125
438.514822 -383.013965
439.252817 -383.688805
439.990813 -384.363644
440.728809 -385.038484
441.466805 -385.713324
442.204801 -386.388163
442.958248 -387.044658
443.748707 -387.657210
444.539166 -388.269763
445.329626 -388.882315
446.120085 -389.494867
446.910544 -390.107419
447.697531 -390.724417
448.483359 -391.342900
449.269186 -391.961382
450.055350 -392.579438
450.841619 -393.197359

[left] sid=24, seg=0, num=23
434.365645 -378.573659
435.157845 -379.183958
435.950045 -379.794257
436.742245 -380.404557
437.534445 -381.014856
438.326645 -381.625155
439.118750 -382.235577
439.908360 -382.849223
440.697969 -383.462870
441.487579 -384.076516
442.276956 -384.690463
443.066040 -385.304785
443.857010 -385.916660
444.652326 -386.522892
445.447643 -387.129124
446.242959 -387.735356
447.038276 -388.341588
447.833592 -388.947820
448.621935 -389.563060
449.408040 -390.181190
450.194145 -390.799320
450.980250 -391.417450
451.766355 -392.035580

[right] sid=24, seg=0, num=23
433.808047 -379.356193
434.460243 -380.114275
435.112438 -380.872358
435.764633 -381.630441
436.427155 -382.379438
437.096036 -383.122839
437.764917 -383.866241
438.433798 -384.609643
439.102678 -385.353045
439.771559 -386.096446
440.440440 -386.839848
441.195157 -387.491603
441.980708 -388.110437
442.766259 -388.729271
443.551810 -389.348106
444.337360 -389.966940
445.122911 -390.585774
445.908462 -391.204609
446.694012 -391.823443
447.479563 -392.442277
448.265114 -393.061112
449.050664 -393.679946
449.836215 -394.298780

[center] sid=25, seg=0, num=28
467.084655 -381.534787
466.295224 -380.920911
465.505793 -380.307035
464.716543 -379.692926
463.927683 -379.078316
463.138823 -378.463706
462.349912 -377.849161
461.560852 -377.234808
460.771792 -376.620455
459.982723 -376.006112
459.193632 -375.391799
458.404541 -374.777486
457.615128 -374.163587
456.824837 -373.550818
456.034546 -372.938049
455.244211 -372.325337
454.453756 -371.712779
453.663720 -371.099682
452.873922 -370.486278
452.084124 -369.872873
451.294540 -369.259194
450.505078 -368.645358
449.715615 -368.031522
448.926224 -367.417593
448.136875 -366.803612
447.347525 -366.189631
446.558292 -365.575500
445.769122 -364.961288

[left] sid=25, seg=0, num=28
466.171700 -382.716451
465.383237 -382.101331
464.594775 -381.486212
463.806735 -380.870552
463.019617 -380.253712
462.232500 -379.636871
461.444584 -379.021055
460.654195 -378.408413
459.863806 -377.795770
459.073417 -377.183127
458.283028 -376.570485
457.492640 -375.957842
456.702251 -375.345200
455.911862 -374.732557
455.121473 -374.119915
454.331084 -373.507272
453.540695 -372.894629
452.750974 -372.281126
451.961637 -371.667129
451.172299 -371.053132
450.382962 -370.439135
449.593625 -369.825138
448.804288 -369.211141
448.014776 -368.597368
447.225163 -367.983726
446.435550 -367.370084
445.645936 -366.756442
444.856323 -366.142799

[right] sid=25, seg=0, num=28
467.997610 -380.353123
467.207210 -379.740494
466.416811 -379.127865
465.626406 -378.515243
464.835722 -377.902981
464.045038 -377.290719
463.255289 -376.677257
462.467561 -376.061196
461.679833 -375.445136
460.892105 -374.829075
460.104377 -374.213015
459.316649 -373.596955
458.528052 -372.982011
457.737860 -372.369115
456.947667 -371.756218
456.157475 -371.143322
455.366917 -370.530898
454.576252 -369.918611
453.785588 -369.306325
452.995754 -368.692966
452.206166 -368.079292
451.416578 -367.465617
450.626990 -366.851943
449.837402 -366.238268
449.048146 -365.624167
448.259428 -365.009375
447.470709 -364.394583
446.681991 -363.779791

[center] sid=26, seg=0, num=28
468.922815 -379.150719
468.131423 -378.539373
467.340031 -377.928027
466.548649 -377.316668
465.757757 -376.704674
464.966866 -376.092681
464.176477 -375.480039
463.387158 -374.866019
462.597838 -374.251999
461.808519 -373.637979
461.019199 -373.023959
460.229880 -372.409940
459.440122 -371.796485
458.649572 -371.184049
457.859023 -370.571614
457.068474 -369.959178
456.278187 -369.346404
455.487975 -368.733533
454.697763 -368.120662
453.908257 -367.506883
453.118948 -366.892849
452.329639 -366.278815
451.540330 -365.664782
450.751022 -365.050748
449.961883 -364.436496
449.173009 -363.821904
448.384135 -363.207312
447.595261 -362.592719

[left] sid=26, seg=0, num=28
467.997610 -380.353123
467.207210 -379.740494
466.416811 -379.127865
465.626406 -378.515243
464.835722 -377.902981
464.045038 -377.290719
463.255289 -376.677257
462.467561 -376.061196
461.679833 -375.445136
460.892105 -374.829075
460.104377 -374.213015
459.316649 -373.596955
458.528052 -372.982011
457.737860 -372.369115
456.947667 -371.756218
456.157475 -371.143322
455.366917 -370.530898
454.576252 -369.918611
453.785588 -369.306325
452.995754 -368.692966
452.206166 -368.079292
451.416578 -367.465617
450.626990 -366.851943
449.837402 -366.238268
449.048146 -365.624167
448.259428 -365.009375
447.470709 -364.394583
446.681991 -363.779791

[right] sid=26, seg=0, num=28
469.872837 -377.967413
469.080307 -377.357544
468.287776 -376.747674
467.495669 -376.137255
466.704569 -375.525532
465.913469 -374.913808
465.122428 -374.302008
464.331522 -373.690032
463.540616 -373.078057
462.749711 -372.466082
461.958805 -371.854107
461.167899 -371.242132
460.376993 -370.630157
459.586087 -370.018182
458.795181 -369.406206
458.004275 -368.794231
457.213370 -368.182256
456.423574 -367.568851
455.634544 -366.954458
454.845515 -366.340066
454.056486 -365.725673
453.267456 -365.111280
452.478427 -364.496887
451.689398 -363.882495
450.900368 -363.268102
450.111339 -362.653710
449.322310 -362.039317
448.533280 -361.424924

[center] sid=27, seg=0, num=28
470.799470 -376.785070
470.009628 -376.171722
469.219786 -375.558375
468.430343 -374.944515
467.641849 -374.329435
466.853355 -373.714356
466.064216 -373.100106
465.273629 -372.487719
464.483042 -371.875331
463.692437 -371.262968
462.901789 -370.650660
462.111141 -370.038352
461.320349 -369.426230
460.529247 -368.814508
459.738145 -368.202787
458.947029 -367.591083
458.155887 -366.979414
457.365403 -366.366895
456.575394 -365.753762
455.785385 -365.140629
454.995513 -364.527321
454.205733 -363.913894
453.415952 -363.300466
452.626310 -362.686862
451.836759 -362.073140
451.047207 -361.459419
450.257744 -360.845584
449.468335 -360.231678

[left] sid=27, seg=0, num=28
469.872837 -377.967413
469.080307 -377.357544
468.287776 -376.747674
467.495669 -376.137255
466.704569 -375.525532
465.913469 -374.913808
465.122428 -374.302008
464.331522 -373.690032
463.540616 -373.078057
462.749711 -372.466082
461.958805 -371.854107
461.167899 -371.242132
460.376993 -370.630157
459.586087 -370.018182
458.795181 -369.406206
458.004275 -368.794231
457.213370 -368.182256
456.423574 -367.568851
455.634544 -366.954458
454.845515 -366.340066
454.056486 -365.725673
453.267456 -365.111280
452.478427 -364.496887
451.689398 -363.882495
450.900368 -363.268102
450.111339 -362.653710
449.322310 -362.039317
448.533280 -361.424924

[right] sid=27, seg=0, num=28
471.741468 -375.614767
470.954329 -374.997954
470.167190 -374.381141
469.380119 -373.764242
468.594357 -373.145676
467.808596 -372.527110
467.021843 -371.909812
466.231454 -371.297170
465.441064 -370.684529
464.650674 -370.071887
463.860285 -369.459245
463.069895 -368.846604
462.279278 -368.234256
461.487966 -367.622806
460.696655 -367.011355
459.905344 -366.399904
459.113951 -365.788558
458.322557 -365.177216
457.531162 -364.565873
456.740608 -363.953443
455.950079 -363.340982
455.159549 -362.728521
454.369019 -362.116061
453.578489 -361.503600
452.788275 -360.890732
451.998487 -360.277314
451.208700 -359.663896
450.418912 -359.050478

[center] sid=28, seg=0, num=28
472.777855 -374.264005
471.987568 -373.651230
471.197282 -373.038455
470.407031 -372.425635
469.617455 -371.811945
468.827879 -371.198255
468.038382 -370.584464
467.249152 -369.970329
466.459921 -369.356195
465.670691 -368.742061
464.881460 -368.127926
464.092230 -367.513792
463.302401 -366.900430
462.510881 -366.289250
461.719361 -365.678069
460.927838 -365.066892
460.136265 -364.455781
459.344690 -363.844671
458.553116 -363.233561
457.761963 -362.621904
456.970821 -362.010235
456.179679 -361.398566
455.388536 -360.786897
454.597394 -360.175228
453.806410 -359.563352
453.015638 -358.951204
452.224867 -358.339056
451.434110 -357.726888

[left] sid=28, seg=0, num=28
471.741468 -375.614767
470.954329 -374.997954
470.167190 -374.381141
469.380119 -373.764242
468.594357 -373.145676
467.808596 -372.527110
467.021843 -371.909812
466.231454 -371.297170
465.441064 -370.684529
464.650674 -370.071887
463.860285 -369.459245
463.069895 -368.846604
462.279278 -368.234256
461.487966 -367.622806
460.696655 -367.011355
459.905344 -366.399904
459.113951 -365.788558
458.322557 -365.177216
457.531162 -364.565873
456.740608 -363.953443
455.950079 -363.340982
455.159549 -362.728521
454.369019 -362.116061
453.578489 -361.503600
452.788275 -360.890732
451.998487 -360.277314
451.208700 -359.663896
450.418912 -359.050478

[right] sid=28, seg=0, num=28
473.973786 -373.035647
473.180372 -372.426927
472.386959 -371.818206
471.593546 -371.209486
470.800132 -370.600765
470.006719 -369.992045
469.213572 -369.382980
468.425503 -368.767356
467.637435 -368.151731
466.849367 -367.536106
466.061299 -366.920481
465.273230 -366.304856
464.484969 -365.689480
463.693215 -365.078603
462.901460 -364.467726
462.109706 -363.856849
461.317952 -363.245972
460.526198 -362.635095
459.734443 -362.024218
458.942689 -361.413341
458.150935 -360.802463
457.359181 -360.191586
456.567427 -359.580709
455.775672 -358.969832
454.983918 -358.358955
454.192164 -357.748078
453.400410 -357.137201
452.608655 -356.526324

[center] sid=29, seg=0, num=28
465.248601 -383.912841
464.459404 -383.298664
463.670206 -382.684487
462.881020 -382.070297
462.092432 -381.455337
461.303845 -380.840378
460.511858 -380.229804
459.719499 -379.619712
458.927141 -379.009619
458.134782 -378.399526
457.342423 -377.789434
456.550064 -377.179341
455.757705 -376.569248
454.965346 -375.959156
454.172987 -375.349063
453.380628 -374.738971
452.588269 -374.128878
451.795910 -373.518786
451.003552 -372.908693
450.211193 -372.298600
449.418834 -371.688508
448.626475 -371.078415
447.834116 -370.468322
447.041757 -369.858230
446.249398 -369.248137
445.457039 -368.638044
444.664680 -368.027952
443.872322 -367.417859

[left] sid=29, seg=0, num=6
464.325501 -385.109230
463.535448 -384.496155
462.745395 -383.883079
461.955342 -383.270003
461.165289 -382.656928
460.375236 -382.043852

[left] sid=29, seg=1, num=22
459.754525 -381.737167
458.964890 -381.123553
458.175255 -380.509938
457.385621 -379.896324
456.595986 -379.282710
455.806351 -378.669095
455.016716 -378.055481
454.227082 -377.441867
453.437447 -376.828252
452.647812 -376.214638
451.858177 -375.601023
451.068543 -374.987409
450.278908 -374.373795
449.489273 -373.760180
448.699638 -373.146566
447.910004 -372.532951
447.120369 -371.919337
446.330734 -371.305723
445.541099 -370.692108
444.751464 -370.078494
443.961830 -369.464879
443.172195 -368.851265

[right] sid=29, seg=0, num=28
466.171700 -382.716451
465.383237 -382.101331
464.594775 -381.486212
463.806735 -380.870552
463.019617 -380.253712
462.232500 -379.636871
461.444584 -379.021055
460.654195 -378.408413
459.863806 -377.795770
459.073417 -377.183127
458.283028 -376.570485
457.492640 -375.957842
456.702251 -375.345200
455.911862 -374.732557
455.121473 -374.119915
454.331084 -373.507272
453.540695 -372.894629
452.750974 -372.281126
451.961637 -371.667129
451.172299 -371.053132
450.382962 -370.439135
449.593625 -369.825138
448.804288 -369.211141
448.014776 -368.597368
447.225163 -367.983726
446.435550 -367.370084
445.645936 -366.756442
444.856323 -366.142799

[center] sid=30, seg=0, num=36
443.529676 -367.154033
442.758078 -366.517886
441.986480 -365.881740
441.214882 -365.245593
440.425981 -364.631095
439.635438 -364.018651
438.844895 -363.406207
438.052944 -362.795586
437.260863 -362.185132
436.468781 -361.574679
435.677024 -360.963806
434.885287 -360.352906
434.093551 -359.742006
433.302979 -359.129599
432.513845 -358.515345
431.726042 -357.899380
430.938240 -357.283414
430.151011 -356.666717
429.364313 -356.049342
428.577614 -355.431968
427.790368 -354.815292
427.002673 -354.199189
426.214978 -353.583086
425.427146 -352.967159
424.639204 -352.351373
423.851261 -351.735586
423.060440 -351.123514
422.267515 -350.514158
421.474590 -349.904802
420.682695 -349.294108
419.891559 -348.682431
419.100422 -348.070753
418.309276 -347.459089
417.518473 -346.846980
416.727851 -346.234638
415.937229 -345.622296

[left] sid=30, seg=0, num=27
442.652643 -368.271834
441.860241 -367.661798
441.067838 -367.051762
440.275435 -366.441726
439.484691 -365.829543
438.694088 -365.217176
437.903486 -364.604809
437.112884 -363.992442
436.322281 -363.380074
435.531678 -362.767707
434.741076 -362.155340
433.950473 -361.542974
433.159870 -360.930607
432.369268 -360.318240
431.581471 -359.702283
430.796292 -359.082977
430.011113 -358.463671
429.225934 -357.844365
428.440755 -357.225058
427.655576 -356.605752
426.870397 -355.986446
426.085219 -355.367140
425.300040 -354.747834
424.514861 -354.128528
423.729682 -353.509222
422.944503 -352.889915
422.153868 -352.277635

[left] sid=30, seg=1, num=10
421.666597 -351.905083
420.872168 -351.297688
420.078447 -350.689372
419.287530 -350.077411
418.496613 -349.465450
417.705696 -348.853489
416.915094 -348.241122
416.125284 -347.627733
415.335474 -347.014344
414.545665 -346.400954

[right] sid=30, seg=0, num=36
444.405490 -365.792438
443.615924 -365.178734
442.826359 -364.565030
442.036794 -363.951326
441.247228 -363.337622
440.457663 -362.723919
439.665139 -362.114047
438.871584 -361.505511
438.078028 -360.896976
437.284473 -360.288440
436.490917 -359.679905
435.697362 -359.071369
434.906132 -358.459817
434.115720 -357.847204
433.325308 -357.234591
432.534897 -356.621977
431.744485 -356.009364
430.955484 -355.394936
430.167284 -354.779480
429.379083 -354.164025
428.589591 -353.550229
427.799360 -352.937383
427.009129 -352.324536
426.218898 -351.711689
425.428667 -351.098843
424.637429 -350.487297
423.845976 -349.876030
423.054523 -349.264762
422.263150 -348.653391
421.471794 -348.041998
420.680438 -347.430604
419.889082 -346.819211
419.097712 -346.207837
418.306279 -345.596543
417.514846 -344.985249
416.723413 -344.373956

[center] sid=31, seg=0, num=36
445.338434 -364.626082
444.548692 -364.012605
443.758950 -363.399129
442.969208 -362.785653
442.179467 -362.172175
441.389726 -361.558697
440.598546 -360.947078
439.806807 -360.336181
439.015067 -359.725285
438.223154 -359.114613
437.431174 -358.504029
436.639193 -357.893446
435.848271 -357.281492
435.057768 -356.668996
434.267266 -356.056500
433.476984 -355.443719
432.686785 -354.830831
431.897435 -354.216851
431.108611 -353.602195
430.319787 -352.987539
429.530283 -352.373756
428.740356 -351.760518
427.950429 -351.147280
427.160337 -350.534253
426.370147 -349.921355
425.579201 -349.309432
424.788066 -348.697752
423.996932 -348.086072
423.205671 -347.474556
422.414377 -346.863082
421.623084 -346.251608
420.831791 -345.640133
420.040492 -345.028667
419.249160 -344.417242
418.457828 -343.805817
417.666496 -343.194393

[left] sid=31, seg=0, num=36
444.405490 -365.792438
443.615924 -365.178734
442.826359 -364.565030
442.036794 -363.951326
441.247228 -363.337622
440.457663 -362.723919
439.665139 -362.114047
438.871584 -361.505511
438.078028 -360.896976
437.284473 -360.288440
436.490917 -359.679905
435.697362 -359.071369
434.906132 -358.459817
434.115720 -357.847204
433.325308 -357.234591
432.534897 -356.621977
431.744485 -356.009364
430.955484 -355.394936
430.167284 -354.779480
429.379083 -354.164025
428.589591 -353.550229
427.799360 -352.937383
427.009129 -352.324536
426.218898 -351.711689
425.428667 -351.098843
424.637429 -350.487297
423.845976 -349.876030
423.054523 -349.264762
422.263150 -348.653391
421.471794 -348.041998
420.680438 -347.430604
419.889082 -346.819211
419.097712 -346.207837
418.306279 -345.596543
417.514846 -344.985249
416.723413 -344.373956

[right] sid=31, seg=0, num=36
446.271380 -363.459726
445.481464 -362.846475
444.691547 -362.233223
443.901631 -361.619971
443.111714 -361.006719
442.321798 -360.393468
441.531881 -359.780216
440.741965 -359.166964
439.952049 -358.553711
439.162133 -357.940459
438.371640 -357.327951
437.581047 -356.715572
436.790454 -356.103192
435.999861 -355.490813
435.209267 -354.878434
434.418674 -354.266055
433.628954 -353.652551
432.839372 -353.038868
432.049791 -352.425185
431.260484 -351.811149
430.471220 -351.197057
429.681957 -350.582964
428.891956 -349.969821
428.101838 -349.356829
427.311720 -348.743837
426.521011 -348.131608
425.730207 -347.519500
424.939404 -346.907393
424.148232 -346.295761
423.357002 -345.684205
422.565771 -345.072650
421.774541 -344.461094
420.983310 -343.849538
420.192080 -343.237983
419.400849 -342.626427
418.609619 -342.014872

[center] sid=32, seg=0, num=36
447.191521 -362.278175
446.402293 -361.664038
445.613064 -361.049901
444.823830 -360.435772
444.034196 -359.822156
443.244563 -359.208540
442.454928 -358.594925
441.664274 -357.982625
440.873620 -357.370324
440.082966 -356.758024
439.292143 -356.145941
438.501290 -355.533897
437.710437 -354.921854
436.919825 -354.309500
436.129251 -353.697096
435.338677 -353.084692
434.548694 -352.471526
433.758808 -351.858234
432.968922 -351.244943
432.179326 -350.631280
431.389776 -350.017555
430.600226 -349.403831
429.810960 -348.789743
429.021738 -348.175597
428.232517 -347.561451
427.442960 -346.947736
426.653350 -346.334090
425.863740 -345.720443
425.073328 -345.107831
424.282783 -344.495389
423.492239 -343.882946
422.701501 -343.270754
421.910731 -342.658603
421.119961 -342.046452
420.329184 -341.434310
419.538406 -340.822169

[left] sid=32, seg=0, num=36
446.271380 -363.459726
445.481464 -362.846475
444.691547 -362.233223
443.901631 -361.619971
443.111714 -361.006719
442.321798 -360.393468
441.531881 -359.780216
440.741965 -359.166964
439.952049 -358.553711
439.162133 -357.940459
438.371640 -357.327951
437.581047 -356.715572
436.790454 -356.103192
435.999861 -355.490813
435.209267 -354.878434
434.418674 -354.266055
433.628954 -353.652551
432.839372 -353.038868
432.049791 -352.425185
431.260484 -351.811149
430.471220 -351.197057
429.681957 -350.582964
428.891956 -349.969821
428.101838 -349.356829
427.311720 -348.743837
426.521011 -348.131608
425.730207 -347.519500
424.939404 -346.907393
424.148232 -346.295761
423.357002 -345.684205
422.565771 -345.072650
421.774541 -344.461094
420.983310 -343.849538
420.192080 -343.237983
419.400849 -342.626427
418.609619 -342.014872

[right] sid=32, seg=0, num=36
448.109954 -361.095292
447.321415 -360.480270
446.532875 -359.865249
445.744336 -359.250227
444.955797 -358.635206
444.167257 -358.020184
443.376278 -357.408306
442.584887 -356.796958
441.793496 -356.185611
441.002105 -355.574263
440.210714 -354.962916
439.419323 -354.351568
438.628644 -353.739299
437.838089 -353.126871
437.047534 -352.514442
436.256980 -351.902013
435.466425 -351.289585
434.676244 -350.676674
433.886320 -350.063431
433.096397 -349.450188
432.306473 -348.836945
431.516598 -348.223641
430.728275 -347.608342
429.939952 -346.993043
429.151629 -346.377744
428.363306 -345.762445
427.574983 -345.147147
426.786592 -344.531935
425.996765 -343.918568
425.206937 -343.305201
424.417089 -342.691861
423.626780 -342.079116
422.836470 -341.466371
422.046161 -340.853625
421.255851 -340.240880
420.465542 -339.628134

[center] sid=33, seg=0, num=36
449.039844 -359.898450
448.251775 -359.282826
447.463706 -358.667202
446.675637 -358.051578
445.887582 -357.435936
445.099527 -356.820295
444.311150 -356.205064
443.522722 -355.589900
442.734294 -354.974736
441.946270 -354.359055
441.158308 -353.743294
440.370346 -353.127532
439.582749 -352.511305
438.795208 -351.895005
438.007667 -351.278705
437.220127 -350.662405
436.432586 -350.046106
435.645238 -349.429560
434.858015 -348.812855
434.070791 -348.196149
433.283568 -347.579443
432.496325 -346.962764
431.708633 -346.346657
430.920941 -345.730551
430.133232 -345.114466
429.345188 -344.498810
428.557144 -343.883154
427.769051 -343.267561
426.980000 -342.653195
426.190950 -342.038829
425.401888 -341.424478
424.612596 -340.810422
423.823304 -340.196367
423.034012 -339.582311
422.244720 -338.968256
421.455428 -338.354201

[left] sid=33, seg=0, num=36
448.109954 -361.095292
447.321415 -360.480270
446.532875 -359.865249
445.744336 -359.250227
444.955797 -358.635206
444.167257 -358.020184
443.376278 -357.408306
442.584887 -356.796958
441.793496 -356.185611
441.002105 -355.574263
440.210714 -354.962916
439.419323 -354.351568
438.628644 -353.739299
437.838089 -353.126871
437.047534 -352.514442
436.256980 -351.902013
435.466425 -351.289585
434.676244 -350.676674
433.886320 -350.063431
433.096397 -349.450188
432.306473 -348.836945
431.516598 -348.223641
430.728275 -347.608342
429.939952 -346.993043
429.151629 -346.377744
428.363306 -345.762445
427.574983 -345.147147
426.786592 -344.531935
425.996765 -343.918568
425.206937 -343.305201
424.417089 -342.691861
423.626780 -342.079116
422.836470 -341.466371
422.046161 -340.853625
421.255851 -340.240880
420.465542 -339.628134

[right] sid=33, seg=0, num=36
449.943043 -358.680876
449.155472 -358.064615
448.367900 -357.448355
447.580329 -356.832094
446.792757 -356.215834
446.005186 -355.599573
445.217614 -354.983313
444.433106 -354.363157
443.648599 -353.743000
442.864092 -353.122844
442.079585 -352.502687
441.295078 -351.882531
440.510570 -351.262374
439.726063 -350.642217
438.941556 -350.022061
438.157048 -349.401904
437.372541 -348.781747
436.588034 -348.161591
435.803527 -347.541434
435.019020 -346.921277
434.234512 -346.301121
433.450005 -345.680964
432.662873 -345.064142
431.875726 -344.447340
431.088579 -343.830537
430.301432 -343.213734
429.513457 -342.597990
428.725185 -341.982626
427.936913 -341.367262
427.148641 -340.751898
426.360368 -340.136534
425.572096 -339.521170
424.783824 -338.905806
423.995552 -338.290442
423.207279 -337.675078
422.419007 -337.059715

[center] sid=34, seg=0, num=36
450.989439 -357.382620
450.203197 -356.764665
449.416954 -356.146710
448.630712 -355.528754
447.845004 -354.910120
447.059304 -354.291475
446.273605 -353.672829
445.490510 -353.050890
444.707438 -352.428922
443.924366 -351.806954
443.141294 -351.184987
442.358222 -350.563019
441.575150 -349.941051
440.792078 -349.319083
440.009005 -348.697116
439.225933 -348.075148
438.443915 -347.451855
437.661909 -346.828547
436.879904 -346.205239
436.097920 -345.581903
435.315936 -344.958568
434.533952 -344.335232
433.745554 -343.720033
432.956904 -343.105154
432.168254 -342.490274
431.379604 -341.875394
430.591148 -341.260265
429.802774 -340.645032
429.014401 -340.029798
428.221170 -339.420859
427.426123 -338.814273
426.631076 -338.207687
425.836029 -337.601101
425.040983 -336.994515
424.245936 -336.387929
423.450889 -335.781343

[left] sid=34, seg=0, num=36
449.943043 -358.680876
449.155472 -358.064615
448.367900 -357.448355
447.580329 -356.832094
446.792757 -356.215834
446.005186 -355.599573
445.217614 -354.983313
444.433106 -354.363157
443.648599 -353.743000
442.864092 -353.122844
442.079585 -352.502687
441.295078 -351.882531
440.510570 -351.262374
439.726063 -350.642217
438.941556 -350.022061
438.157048 -349.401904
437.372541 -348.781747
436.588034 -348.161591
435.803527 -347.541434
435.019020 -346.921277
434.234512 -346.301121
433.450005 -345.680964
432.662873 -345.064142
431.875726 -344.447340
431.088579 -343.830537
430.301432 -343.213734
429.513457 -342.597990
428.725185 -341.982626
427.936913 -341.367262
427.148641 -340.751898
426.360368 -340.136534
425.572096 -339.521170
424.783824 -338.905806
423.995552 -338.290442
423.207279 -337.675078
422.419007 -337.059715

[right] sid=34, seg=0, num=36
452.035835 -356.084364
451.250911 -355.464735
450.465987 -354.845107
449.681063 -354.225478
448.896138 -353.605849
448.111214 -352.986221
447.329567 -352.362463
446.547934 -351.738687
445.766301 -351.114912
444.984668 -350.491136
444.203036 -349.867361
443.421403 -349.243585
442.639770 -348.619810
441.858137 -347.996034
441.076504 -347.372259
440.294871 -346.748483
439.513238 -346.124708
438.731707 -345.500806
437.956535 -344.869019
437.181364 -344.237232
436.406192 -343.605445
435.618811 -342.989011
434.828663 -342.376058
434.038514 -341.763106
433.248366 -341.150153
432.458217 -340.537200
431.668069 -339.924247
430.879846 -339.308822
430.092044 -338.692856
429.304242 -338.076890
428.516440 -337.460924
427.728638 -336.844958
426.940036 -336.230018
426.150640 -335.616096
425.361245 -335.002174
424.576878 -334.381893

[center] sid=35, seg=0, num=33
415.286770 -345.118458
414.491670 -344.511941
413.696571 -343.905424
412.901471 -343.298907
412.107412 -342.691029
411.313386 -342.083108
410.519360 -341.475186
409.728484 -340.863172
408.937686 -340.251058
408.146887 -339.638945
407.356203 -339.026683
406.566157 -338.413597
405.776136 -337.800479
404.986116 -337.187361
404.195801 -336.574622
403.405474 -335.961899
402.615147 -335.349176
401.823801 -334.737771
401.032395 -334.126442
400.240989 -333.515113
399.449720 -332.903607
398.658212 -332.292411
397.866638 -331.681300
397.075063 -331.070190
396.283489 -330.459079
395.491914 -329.847969
394.700340 -329.236858
393.908765 -328.625748
393.117146 -328.014695
392.325505 -327.403670
391.533864 -326.792646
390.742137 -326.181734
389.950383 -325.570856

[left] sid=35, seg=0, num=33
414.364571 -346.260312
413.565079 -345.659598
412.765587 -345.058883
411.966095 -344.458168
411.168754 -343.854600
410.371415 -343.251031
409.574076 -342.647461
408.780310 -342.039200
407.986548 -341.430933
407.192787 -340.822666
406.399025 -340.214400
405.606480 -339.604549
404.813955 -338.994671
404.021431 -338.384793
403.231824 -337.771143
402.442277 -337.157415
401.652730 -336.543688
400.862098 -335.931358
400.071442 -335.319060
399.280785 -334.706762
398.490129 -334.094464
397.698647 -333.483235
396.906982 -332.872241
396.115318 -332.261247
395.323653 -331.650253
394.531989 -331.039259
393.740325 -330.428265
392.948660 -329.817271
392.156923 -329.206371
391.365152 -328.595515
390.573382 -327.984658
389.781612 -327.373801
388.989842 -326.762944

[right] sid=35, seg=0, num=33
416.208967 -343.976605
415.418215 -343.364430
414.627463 -342.752256
413.836711 -342.140082
413.045959 -341.527908
412.255207 -340.915734
411.464554 -340.303431
410.676737 -339.687485
409.888920 -339.071538
409.101103 -338.455591
408.313511 -337.839357
407.526008 -337.223009
406.738505 -336.606660
405.951002 -335.990312
405.162346 -335.375449
404.370191 -334.765090
403.578037 -334.154731
402.785883 -333.544373
401.993729 -332.934014
401.201575 -332.323655
400.409589 -331.713078
399.618104 -331.101851
398.826620 -330.490624
398.035136 -329.879397
397.243651 -329.268170
396.452167 -328.656943
395.660683 -328.045715
394.869198 -327.434488
394.077694 -326.823286
393.286183 -326.212093
392.494672 -325.600901
391.703160 -324.989710
390.911418 -324.378817

[center] sid=36, seg=0, num=33
417.132383 -342.781708
416.341636 -342.169528
415.550889 -341.557347
414.760142 -340.945166
413.969403 -340.332974
413.178665 -339.720783
412.387978 -339.108525
411.598705 -338.494445
410.809431 -337.880366
410.020166 -337.266276
409.231450 -336.651481
408.442891 -336.036485
407.654332 -335.421488
406.865773 -334.806491
406.076627 -334.192249
405.285742 -333.580247
404.494857 -332.968245
403.703972 -332.356242
402.913087 -331.744240
402.122202 -331.132237
401.331403 -330.520124
400.540853 -329.907688
399.750304 -329.295252
398.959507 -328.683137
398.167991 -328.071951
397.376475 -327.460764
396.584916 -326.849633
395.793230 -326.238667
395.001730 -325.627461
394.210302 -325.016161
393.418874 -324.404860
392.627446 -323.793560
391.835900 -323.182413

[left] sid=36, seg=0, num=33
416.208967 -343.976605
415.418215 -343.364430
414.627463 -342.752256
413.836711 -342.140082
413.045959 -341.527908
412.255207 -340.915734
411.464554 -340.303431
410.676737 -339.687485
409.888920 -339.071538
409.101103 -338.455591
408.313511 -337.839357
407.526008 -337.223009
406.738505 -336.606660
405.951002 -335.990312
405.162346 -335.375449
404.370191 -334.765090
403.578037 -334.154731
402.785883 -333.544373
401.993729 -332.934014
401.201575 -332.323655
400.409589 -331.713078
399.618104 -331.101851
398.826620 -330.490624
398.035136 -329.879397
397.243651 -329.268170
396.452167 -328.656943
395.660683 -328.045715
394.869198 -327.434488
394.077694 -326.823286
393.286183 -326.212093
392.494672 -325.600901
391.703160 -324.989710
390.911418 -324.378817

[right] sid=36, seg=0, num=33
417.979487 -341.527832
417.188762 -340.915623
416.398037 -340.303414
415.607312 -339.691205
414.816586 -339.078996
414.025861 -338.466787
413.235136 -337.854579
412.444411 -337.242370
411.653686 -336.630161
410.862961 -336.017952
410.073241 -335.404447
409.283628 -334.790803
408.494016 -334.177160
407.704403 -333.563516
406.914791 -332.949873
406.125178 -332.336230
405.335566 -331.722586
404.545953 -331.108943
403.756341 -330.495300
402.966728 -329.881656
402.177116 -329.268013
401.387503 -328.654369
400.597891 -328.040726
399.808278 -327.427082
399.016621 -326.816081
398.224724 -326.205388
397.432827 -325.594696
396.640930 -324.984003
395.849496 -324.372710
395.058152 -323.761302
394.266807 -323.149894
393.475463 -322.538485
392.684119 -321.927076

[center] sid=37, seg=0, num=33
418.940388 -340.359243
418.149649 -339.747053
417.358909 -339.134863
416.568170 -338.522672
415.777466 -337.910436
414.986764 -337.298197
414.196062 -336.685958
413.406394 -336.072386
412.616763 -335.458767
411.827131 -334.845148
411.037993 -334.230895
410.248928 -333.616548
409.459862 -333.002202
408.670117 -332.388729
407.880275 -331.775382
407.090432 -331.162035
406.300392 -330.548942
405.510327 -329.935881
404.720262 -329.322820
403.930448 -328.709436
403.140662 -328.096016
402.350876 -327.482596
401.561089 -326.869177
400.771303 -326.255757
399.980542 -325.643595
399.189612 -325.031650
398.398683 -324.419706
397.607753 -323.807760
396.816874 -323.195750
396.026008 -322.583723
395.235142 -321.971696
394.444016 -321.360005
393.652823 -320.748401

[left] sid=37, seg=0, num=33
417.979487 -341.527832
417.188762 -340.915623
416.398037 -340.303414
415.607312 -339.691205
414.816586 -339.078996
414.025861 -338.466787
413.235136 -337.854579
412.444411 -337.242370
411.653686 -336.630161
410.862961 -336.017952
410.073241 -335.404447
409.283628 -334.790803
408.494016 -334.177160
407.704403 -333.563516
406.914791 -332.949873
406.125178 -332.336230
405.335566 -331.722586
404.545953 -331.108943
403.756341 -330.495300
402.966728 -329.881656
402.177116 -329.268013
401.387503 -328.654369
400.597891 -328.040726
399.808278 -327.427082
399.016621 -326.816081
398.224724 -326.205388
397.432827 -325.594696
396.640930 -324.984003
395.849496 -324.372710
395.058152 -323.761302
394.266807 -323.149894
393.475463 -322.538485
392.684119 -321.927076

[right] sid=37, seg=0, num=33
419.901289 -339.190656
419.110536 -338.578483
418.319783 -337.966310
417.529030 -337.354138
416.738276 -336.741965
415.947523 -336.129793
415.156831 -335.517541
414.368295 -334.902515
413.579760 -334.287488
412.791224 -333.672462
412.002757 -333.057348
411.214294 -332.442228
410.425831 -331.827109
409.635874 -331.213909
408.845816 -330.600839
408.055758 -329.987770
407.265257 -329.375271
406.474725 -328.762812
405.684194 -328.150353
404.894196 -327.537207
404.104235 -326.924011
403.314275 -326.310815
402.524316 -325.697619
401.734356 -325.084423
400.944396 -324.471226
400.154436 -323.858031
399.364475 -323.244835
398.574515 -322.631639
397.784271 -322.018810
396.993920 -321.406117
396.203570 -320.793425
395.412550 -320.181596
394.621469 -319.569847

[center] sid=38, seg=0, num=33
420.894764 -337.918013
420.104077 -337.305755
419.313390 -336.693497
418.522702 -336.081239
417.732003 -335.468997
416.941304 -334.856755
416.150546 -334.244588
415.357113 -333.635893
414.563680 -333.027198
413.770246 -332.418503
412.976833 -331.809783
412.183421 -331.201060
411.390009 -330.592337
410.595230 -329.985400
409.800317 -329.378639
409.005404 -328.771877
408.210259 -328.165420
407.415089 -327.558995
406.619920 -326.952570
405.825006 -326.345810
405.030119 -325.739014
404.235233 -325.132218
403.440937 -324.524649
402.646701 -323.917002
401.852464 -323.309355
401.060363 -322.698929
400.268430 -322.088283
399.476496 -321.477638
398.685669 -320.865562
397.895210 -320.253009
397.104751 -319.640456
396.314166 -319.028067
395.523568 -318.415694

[left] sid=38, seg=0, num=33
419.901289 -339.190656
419.110536 -338.578483
418.319783 -337.966310
417.529030 -337.354138
416.738276 -336.741965
415.947523 -336.129793
415.156831 -335.517541
414.368295 -334.902515
413.579760 -334.287488
412.791224 -333.672462
412.002757 -333.057348
411.214294 -332.442228
410.425831 -331.827109
409.635874 -331.213909
408.845816 -330.600839
408.055758 -329.987770
407.265257 -329.375271
406.474725 -328.762812
405.684194 -328.150353
404.894196 -327.537207
404.104235 -326.924011
403.314275 -326.310815
402.524316 -325.697619
401.734356 -325.084423
400.944396 -324.471226
400.154436 -323.858031
399.364475 -323.244835
398.574515 -322.631639
397.784271 -322.018810
396.993920 -321.406117
396.203570 -320.793425
395.412550 -320.181596
394.621469 -319.569847

[right] sid=38, seg=0, num=33
421.864248 -336.626643
421.073602 -336.014331
420.282957 -335.402019
419.492312 -334.789707
418.701667 -334.177394
417.911022 -333.565082
417.120317 -332.952849
416.322007 -332.350563
415.523697 -331.748278
414.725388 -331.145993
413.927078 -330.543707
413.128768 -329.941422
412.330459 -329.339137
411.530988 -328.738393
410.731226 -328.138038
409.931464 -327.537683
409.131702 -326.937328
408.331940 -326.336972
407.532178 -325.736617
406.732416 -325.136262
405.932654 -324.535906
405.132891 -323.935551
404.333129 -323.335196
403.533367 -322.734841
402.736986 -322.130027
401.943087 -321.521939
401.149188 -320.913851
400.355289 -320.305764
399.563921 -319.694390
398.773349 -319.081984
397.982776 -318.469578
397.192647 -317.856600
396.402532 -317.243604

[center] sid=39, seg=0, num=33
422.891615 -335.354642
422.090253 -334.756424
421.288891 -334.158206
420.487529 -333.559988
419.686166 -332.961771
418.884804 -332.363553
418.083442 -331.765335
417.282080 -331.167117
416.480718 -330.568900
415.679355 -329.970682
414.877993 -329.372464
414.079922 -328.769876
413.283540 -328.165044
412.487157 -327.560213
411.690774 -326.955382
410.894392 -326.350551
410.098009 -325.745720
409.301627 -325.140888
408.505244 -324.536057
407.708862 -323.931226
406.912479 -323.326395
406.116096 -322.721564
405.319714 -322.116732
404.527159 -321.506913
403.736843 -320.894175
402.946528 -320.281437
402.156213 -319.668699
401.365898 -319.055961
400.575582 -318.443223
399.785267 -317.830485
398.994952 -317.217747
398.202964 -316.607173
397.410843 -315.996770

[left] sid=39, seg=0, num=33
421.864248 -336.626643
421.073602 -336.014331
420.282957 -335.402019
419.492312 -334.789707
418.701667 -334.177394
417.911022 -333.565082
417.120317 -332.952849
416.322007 -332.350563
415.523697 -331.748278
414.725388 -331.145993
413.927078 -330.543707
413.128768 -329.941422
412.330459 -329.339137
411.530988 -328.738393
410.731226 -328.138038
409.931464 -327.537683
409.131702 -326.937328
408.331940 -326.336972
407.532178 -325.736617
406.732416 -325.136262
405.932654 -324.535906
405.132891 -323.935551
404.333129 -323.335196
403.533367 -322.734841
402.736986 -322.130027
401.943087 -321.521939
401.149188 -320.913851
400.355289 -320.305764
399.563921 -319.694390
398.773349 -319.081984
397.982776 -318.469578
397.192647 -317.856600
396.402532 -317.243604

[right] sid=39, seg=0, num=10
415.905193 -327.797861
415.090243 -327.218291
414.275293 -326.638720
413.460343 -326.059150
412.645393 -325.479579
411.830443 -324.900009
411.015492 -324.320438
410.200542 -323.740867
409.385592 -323.161297
408.570642 -322.581726

[right] sid=39, seg=1, num=13
408.258870 -322.360003
407.469722 -321.745762
406.680574 -321.131522
405.891425 -320.517281
405.102277 -319.903041
404.313129 -319.288801
403.523981 -318.674560
402.734833 -318.060319
401.944509 -317.447602
401.150350 -316.839854
400.356191 -316.232106
399.562032 -315.624358
398.767873 -315.016610

[center] sid=40, seg=0, num=74
422.891615 -335.354641
422.342600 -334.518799
421.793585 -333.682956
421.244570 -332.847114
420.695555 -332.011272
420.146540 -331.175429
419.597526 -330.339587
419.048511 -329.503745
418.555141 -328.637166
418.169140 -327.717001
417.974096 -326.739782
417.918462 -325.742138
417.954456 -324.743124
418.055845 -323.748855
418.295686 -322.780671
418.637453 -321.844223
419.105718 -320.960646
419.601333 -320.093468
420.209337 -319.299620
420.836493 -318.520690
421.490140 -317.763904
422.145456 -317.008513
422.799864 -316.252339
423.450499 -315.492912
424.101134 -314.733485
424.751769 -313.974058
425.402405 -313.214631
426.052348 -312.454613
426.701863 -311.694228
427.351378 -310.933842
428.000109 -310.172789
428.648351 -309.411318
429.296593 -308.649847
429.944979 -307.888500
430.593861 -307.127575
431.243125 -306.366974
431.892388 -305.606374
432.541651 -304.845774
433.190914 -304.085174
433.840175 -303.324572
434.489412 -302.563950
435.138648 -301.803327
435.787835 -301.042661
436.436477 -300.281532
437.085119 -299.520402
437.733288 -298.758869
438.381029 -297.996972
439.028770 -297.235075
439.676510 -296.473178
440.324251 -295.711281
440.971992 -294.949384
441.619473 -294.187266
442.266736 -293.424963
442.913999 -292.662661
443.561392 -291.900468
444.208846 -291.138327
444.856283 -290.376172
445.503720 -289.614017
446.151206 -288.851904
446.798709 -288.089804
447.446211 -287.327705
448.093938 -286.565796
448.741739 -285.803950
449.389540 -285.042104
450.037415 -284.280321
450.685312 -283.518558
451.333209 -282.756794
451.981882 -281.995691
452.630773 -281.234773
453.279663 -280.473855
453.928748 -279.713102
454.577881 -278.952392
455.227015 -278.191681
455.871601 -277.427119

[left] sid=40, seg=0, num=8
415.905193 -327.797861
415.902553 -326.797836
415.899912 -325.797811
415.962612 -324.800613
416.061039 -323.805719
416.217463 -322.818000
416.534280 -321.870741
416.950603 -320.963052

[left] sid=40, seg=1, num=52
421.617996 -315.501527
422.271316 -314.744409
422.924636 -313.987290
423.577956 -313.230171
424.231275 -312.473053
424.883649 -311.715120
425.534734 -310.956079
426.185818 -310.197037
426.835679 -309.436950
427.483861 -308.675428
428.132042 -307.913906
428.780224 -307.152384
429.428909 -306.391291
430.078664 -305.631112
430.728420 -304.870932
431.378175 -304.110752
432.027930 -303.350572
432.677686 -302.590393
433.327497 -301.830261
433.977315 -301.070135
434.627134 -300.310009
435.276952 -299.549883
435.926770 -298.789758
436.575991 -298.029122
437.224009 -297.267460
437.872026 -296.505799
438.520043 -295.744137
439.168061 -294.982475
439.816078 -294.220813
440.463761 -293.458867
441.110822 -292.696393
441.757884 -291.933919
442.404945 -291.171445
443.051866 -290.408852
443.698671 -289.646160
444.345477 -288.883469
444.992282 -288.120778
445.639088 -287.358087
446.285893 -286.595396
446.932569 -285.832595
447.579142 -285.069707
448.225715 -284.306818
448.872288 -283.543930
449.518861 -282.781042
450.165434 -282.018154
450.812008 -281.255266
451.458581 -280.492378
452.105154 -279.729490
452.751728 -278.966602
453.398300 -278.203714
454.044873 -277.440826
454.689860 -276.676598

[right] sid=40, seg=0, num=52
423.632777 -317.411264
424.280720 -316.649538
424.928662 -315.887812
425.576604 -315.126087
426.224547 -314.364361
426.872489 -313.602635
427.520432 -312.840910
428.168374 -312.079184
428.816316 -311.317458
429.464258 -310.555732
430.112679 -309.794414
430.761450 -309.033394
431.410220 -308.272374
432.058991 -307.511354
432.707762 -306.750333
433.356533 -305.989313
434.005304 -305.228293
434.654074 -304.467273
435.302845 -303.706253
435.951616 -302.945233
436.600379 -302.184206
437.247843 -301.422074
437.895308 -300.659942
438.542772 -299.897810
439.190236 -299.135678
439.837700 -298.373546
440.485164 -297.611414
441.132629 -296.849282
441.780093 -296.087150
442.427557 -295.325018
443.075021 -294.562886
443.722485 -293.800754
444.369994 -293.038660
445.018025 -292.277010
445.666057 -291.515360
446.314101 -290.753721
446.962300 -289.992214
447.610498 -289.230706
448.258697 -288.469199
448.906895 -287.707691
449.555960 -286.946922
450.205180 -286.186285
450.854400 -285.425648
451.503620 -284.665011
452.152839 -283.904374
452.802059 -283.143737
453.453409 -282.384924
454.105096 -281.626399
454.756782 -280.867875
455.408469 -280.109351
456.060156 -279.350826
456.711843 -278.592302

[right] sid=40, seg=1, num=3
424.015088 -333.930187
423.344082 -333.188702
422.673077 -332.447218

[right] sid=40, seg=2, num=10
422.511849 -332.269056
421.864764 -331.510374
421.375594 -330.638156
420.976258 -329.727674
420.686266 -328.770617
420.496320 -327.789950
420.351343 -326.801487
420.289431 -325.803378
420.340972 -324.806831
420.430361 -323.810805

[center] sid=41, seg=0, num=26
420.330872 -310.769222
419.681381 -311.529627
419.031889 -312.290032
418.382398 -313.050437
417.732907 -313.810843
417.039704 -314.530029
416.318707 -315.223007
415.597355 -315.915557
414.783973 -316.497332
413.970590 -317.079106
413.140354 -317.631227
412.224329 -318.032411
411.284367 -318.360123
410.305982 -318.566566
409.320673 -318.718462
408.321017 -318.691396
407.347990 -318.470095
406.418602 -318.115021
405.524902 -317.666986
404.651157 -317.180556
403.783154 -316.684931
402.962620 -316.113294
402.147580 -315.534074
401.348867 -314.932324
400.550153 -314.330574
399.757518 -313.720847

[left] sid=41, seg=0, num=9
415.401562 -318.547036
414.691048 -319.248899
413.897770 -319.857801
413.042502 -320.375840
412.156019 -320.835340
411.244926 -321.247194
410.312876 -321.609593
409.376458 -321.960283
408.434848 -322.297062

[left] sid=41, seg=1, num=3
421.267630 -311.642790
420.618577 -312.403570
419.969524 -313.164349

[left] sid=41, seg=2, num=13
408.258870 -322.360003
407.469722 -321.745762
406.680574 -321.131522
405.891425 -320.517281
405.102277 -319.903041
404.313129 -319.288801
403.523981 -318.674560
402.734833 -318.060319
401.944509 -317.447602
401.150350 -316.839854
400.356191 -316.232106
399.562032 -315.624358
398.767873 -315.016610

[right] sid=41, seg=0, num=9
412.583409 -315.348581
411.629878 -315.648958
410.652820 -315.860304
409.663433 -315.996378
408.664282 -316.010584
407.666454 -315.948221
406.677199 -315.805082
405.706764 -315.567719
404.768962 -315.221850

[right] sid=41, seg=1, num=4
419.331267 -309.837045
418.684863 -310.600077
418.038459 -311.363109
417.392056 -312.126140

[center] sid=42, seg=0, num=67
389.607726 -325.306478
388.815828 -324.695787
388.024072 -324.084912
387.232316 -323.474037
386.440628 -322.863073
385.649171 -322.251810
384.857468 -321.640867
384.064798 -321.031178
383.272129 -320.421488
382.479336 -319.811959
381.686044 -319.203079
380.892753 -318.594199
380.099680 -317.985034
379.307502 -317.374707
378.515324 -316.764379
377.723151 -316.154044
376.931001 -315.543679
376.138867 -314.933295
375.347915 -314.321378
374.556964 -313.709462
373.766012 -313.097544
372.975093 -312.485586
372.184174 -311.873627
371.393270 -311.261649
370.603315 -310.648446
369.813355 -310.035251
369.023391 -309.422059
368.233428 -308.808866
367.443068 -308.196187
366.652554 -307.583704
365.862041 -306.971222
365.071174 -306.359196
364.280177 -305.747337
363.487764 -305.137315
362.695083 -304.527640
361.902402 -303.917966
361.111453 -303.306046
360.320837 -302.693697
359.530220 -302.081347
358.740469 -301.467882
357.950862 -300.854231
357.162251 -300.239302
356.374303 -299.623522
355.586356 -299.007742
354.797598 -298.393001
354.008301 -297.778952
353.219003 -297.164903
352.429503 -296.551115
351.639871 -295.937496
350.849963 -295.324234
350.059367 -294.711858
349.268771 -294.099482
348.477978 -293.487359
347.686718 -292.875842
346.895457 -292.264325
346.103754 -291.653381
345.311009 -291.043790
344.518263 -290.434199
343.725539 -289.824581
342.932862 -289.214901
342.139994 -288.605469
341.346480 -287.996879
340.552966 -287.388288
339.759474 -286.779669
338.966050 -286.170961
338.172627 -285.562253
337.379202 -284.953547

[left] sid=42, seg=0, num=67
388.659713 -326.508248
387.867943 -325.897390
387.076173 -325.286533
386.284403 -324.675676
385.492633 -324.064819
384.700863 -323.453962
383.908581 -322.843771
383.114464 -322.235967
382.320348 -321.628164
381.526231 -321.020360
380.732115 -320.412556
379.937999 -319.804752
379.144409 -319.196264
378.352737 -318.585279
377.561066 -317.974294
376.769394 -317.363309
375.977723 -316.752324
375.186105 -316.141269
374.396233 -315.527960
373.606360 -314.914651
372.816484 -314.301347
372.026472 -313.688218
371.236460 -313.075089
370.446447 -312.461960
369.656435 -311.848832
368.866378 -311.235760
368.076306 -310.622708
367.286233 -310.009657
366.494636 -309.398579
365.702477 -308.788225
364.910319 -308.177871
364.118161 -307.567517
363.326002 -306.957164
362.532732 -306.348256
361.739278 -305.739588
360.945823 -305.130920
360.155450 -304.518260
359.365596 -303.904928
358.575741 -303.291596
357.785886 -302.678264
356.996032 -302.064932
356.207830 -301.449481
355.420685 -300.832675
354.633539 -300.215870
353.845351 -299.600399
353.056492 -298.985787
352.267633 -298.371176
351.478774 -297.756564
350.689914 -297.141952
349.900658 -296.527851
349.110477 -295.914939
348.320296 -295.302027
347.530116 -294.689115
346.739935 -294.076203
345.949755 -293.463291
345.158757 -292.851436
344.365994 -292.241869
343.573230 -291.632301
342.780467 -291.022733
341.987704 -290.413165
341.194499 -289.804173
340.399949 -289.196937
339.605398 -288.589700
338.810847 -287.982464
338.016296 -287.375229
337.221745 -286.767993
336.427194 -286.160757

[right] sid=42, seg=0, num=67
390.555739 -324.104709
389.763644 -323.494273
388.971549 -322.883837
388.179756 -322.273011
387.388612 -321.661342
386.597469 -321.049674
385.806325 -320.438006
385.015182 -319.826337
384.224039 -319.214668
383.432426 -318.603609
382.639960 -317.993654
381.847494 -317.383700
381.055028 -316.773746
380.262365 -316.164048
379.469647 -315.554421
378.676930 -314.944794
377.884212 -314.335167
377.091687 -313.725290
376.299659 -313.114767
375.507631 -312.504245
374.715603 -311.893722
373.923575 -311.283199
373.131547 -310.672677
372.340128 -310.061367
371.550230 -309.448090
370.760333 -308.834813
369.970435 -308.221536
369.180538 -307.608259
368.391510 -306.993865
367.602647 -306.379258
366.813784 -305.764651
366.024921 -305.150044
365.234740 -304.537138
364.442833 -303.926457
363.650927 -303.315776
362.859021 -302.705096
362.067115 -302.094415
361.275209 -301.483734
360.484479 -300.871534
359.695120 -300.257564
358.905761 -299.643594
358.116696 -299.029247
357.327974 -298.414459
356.539251 -297.799672
355.750529 -297.184884
354.961016 -296.571114
354.170701 -295.958376
353.380385 -295.345637
352.590070 -294.732899
351.799416 -294.120597
351.008601 -293.508505
350.217785 -292.896412
349.425982 -292.285599
348.633704 -291.675400
347.841427 -291.065200
347.048845 -290.455397
346.256117 -289.845784
345.463388 -289.236171
344.670659 -288.626558
343.878019 -288.016831
343.085544 -287.406887
342.293069 -286.796944
341.500595 -286.187002
340.708140 -285.577032
339.915854 -284.966844
339.123568 -284.356656
338.331282 -283.746468

[center] sid=43, seg=0, num=67
391.492354 -322.917326
390.700637 -322.306399
389.908920 -321.695473
389.117344 -321.084365
388.326101 -320.472826
387.534857 -319.861287
386.743614 -319.249748
385.952370 -318.638209
385.161126 -318.026671
384.369657 -317.415423
383.577752 -316.804742
382.785847 -316.194060
381.993657 -315.583747
381.200832 -314.974261
380.407972 -314.364818
379.615113 -313.755375
378.822254 -313.145932
378.029601 -312.536221
377.237534 -311.925749
376.445468 -311.315276
375.653666 -310.704460
374.862549 -310.092757
374.071432 -309.481054
373.280607 -308.868975
372.490556 -308.255896
371.700506 -307.642816
370.910455 -307.029736
370.120405 -306.416657
369.330782 -305.803026
368.541248 -305.189281
367.751715 -304.575536
366.962181 -303.961791
366.171948 -303.348948
365.380753 -302.737346
364.589558 -302.125744
363.798180 -301.514379
363.006560 -300.903328
362.214940 -300.292276
361.423888 -299.680490
360.633540 -299.067793
359.843193 -298.455097
359.052987 -297.842217
358.262956 -297.229111
357.472926 -296.616005
356.682896 -296.002899
355.892483 -295.390287
355.101658 -294.778207
354.310833 -294.166127
353.520008 -293.554046
352.729018 -292.942180
351.937943 -292.330422
351.146868 -291.718665
350.355310 -291.107533
349.563504 -290.496722
348.771698 -289.885912
347.979630 -289.275440
347.187427 -288.665145
346.395224 -288.054849
345.603006 -287.444572
344.810822 -286.834251
344.018724 -286.223820
343.226625 -285.613388
342.434732 -285.002691
341.643264 -284.391442
340.851889 -283.780073
340.060513 -283.168705
339.269135 -282.557340

[left] sid=43, seg=0, num=67
390.555739 -324.104709
389.763644 -323.494273
388.971549 -322.883837
388.179756 -322.273011
387.388612 -321.661342
386.597469 -321.049674
385.806325 -320.438006
385.015182 -319.826337
384.224039 -319.214668
383.432426 -318.603609
382.639960 -317.993654
381.847494 -317.383700
381.055028 -316.773746
380.262365 -316.164048
379.469647 -315.554421
378.676930 -314.944794
377.884212 -314.335167
377.091687 -313.725290
376.299659 -313.114767
375.507631 -312.504245
374.715603 -311.893722
373.923575 -311.283199
373.131547 -310.672677
372.340128 -310.061367
371.550230 -309.448090
370.760333 -308.834813
369.970435 -308.221536
369.180538 -307.608259
368.391510 -306.993865
367.602647 -306.379258
366.813784 -305.764651
366.024921 -305.150044
365.234740 -304.537138
364.442833 -303.926457
363.650927 -303.315776
362.859021 -302.705096
362.067115 -302.094415
361.275209 -301.483734
360.484479 -300.871534
359.695120 -300.257564
358.905761 -299.643594
358.116696 -299.029247
357.327974 -298.414459
356.539251 -297.799672
355.750529 -297.184884
354.961016 -296.571114
354.170701 -295.958376
353.380385 -295.345637
352.590070 -294.732899
351.799416 -294.120597
351.008601 -293.508505
350.217785 -292.896412
349.425982 -292.285599
348.633704 -291.675400
347.841427 -291.065200
347.048845 -290.455397
346.256117 -289.845784
345.463388 -289.236171
344.670659 -288.626558
343.878019 -288.016831
343.085544 -287.406887
342.293069 -286.796944
341.500595 -286.187002
340.708140 -285.577032
339.915854 -284.966844
339.123568 -284.356656
338.331282 -283.746468

[right] sid=43, seg=0, num=67
392.428969 -321.729942
391.637625 -321.118533
390.846281 -320.507124
390.054937 -319.895715
389.263593 -319.284306
388.472250 -318.672897
387.680906 -318.061487
386.889562 -317.450078
386.098218 -316.838670
385.306873 -316.227261
384.515529 -315.615853
383.724184 -315.004444
382.932307 -314.393728
382.139306 -313.784469
381.346305 -313.175210
380.553305 -312.565952
379.760303 -311.956694
378.967302 -311.347436
378.174301 -310.738177
377.381918 -310.128119
376.591715 -309.515236
375.801511 -308.902354
375.011307 -308.289472
374.221104 -307.676589
373.430900 -307.063707
372.640697 -306.450825
371.850493 -305.837942
371.060290 -305.225060
370.270086 -304.612178
369.479883 -303.999295
368.689679 -303.386413
367.899475 -302.773531
367.109272 -302.160648
366.319068 -301.547766
365.528688 -300.935112
364.737353 -300.323691
363.946019 -299.712269
363.154685 -299.100847
362.363350 -298.489426
361.572016 -297.878004
360.780682 -297.266582
359.989347 -296.655161
359.198013 -296.043739
358.406679 -295.432317
357.615344 -294.820896
356.824010 -294.209474
356.032675 -293.598052
355.241341 -292.986630
354.450007 -292.375209
353.658673 -291.763787
352.867339 -291.152365
352.076004 -290.540943
351.284670 -289.929521
350.493336 -289.318100
349.702001 -288.706678
348.910552 -288.095405
348.118830 -287.484485
347.327108 -286.873565
346.535386 -286.262646
345.743663 -285.651727
344.951941 -285.040808
344.160219 -284.429888
343.368880 -283.818472
342.578417 -283.205925
341.787954 -282.593377
340.997490 -281.980830
340.207027 -281.368283

[center] sid=44, seg=0, num=67
393.373648 -320.532594
392.582616 -319.920781
391.791508 -319.309067
391.000399 -318.697353
390.209194 -318.085765
389.417384 -317.474960
388.625574 -316.864154
387.833760 -316.253354
387.041919 -315.642590
386.250077 -315.031825
385.458205 -314.421100
384.666136 -313.810631
383.874132 -313.200077
383.082278 -312.589329
382.290423 -311.978581
381.498888 -311.367420
380.708027 -310.755386
379.917166 -310.143353
379.126385 -309.531216
378.336094 -308.918447
377.547026 -308.304104
376.757958 -307.689761
375.968893 -307.075412
375.179842 -306.461047
374.390792 -305.846681
373.601659 -305.232421
372.812228 -304.618543
372.022797 -304.004666
371.233220 -303.390977
370.443114 -302.777970
369.653007 -302.164962
368.862807 -301.552075
368.072264 -300.939631
367.281720 -300.327187
366.490913 -299.715084
365.698659 -299.104855
364.906405 -298.494626
364.113789 -297.884869
363.318789 -297.278221
362.523788 -296.671574
361.728899 -296.064781
360.934656 -295.457142
360.140413 -294.849504
359.346403 -294.241563
358.553564 -293.632093
357.760725 -293.022624
356.968141 -292.412824
356.176676 -291.801571
355.385210 -291.190319
354.593918 -290.578843
353.803329 -289.966458
353.012740 -289.354072
352.222235 -288.741579
351.432039 -288.128687
350.641843 -287.515796
349.851474 -286.903126
349.060681 -286.291004
348.269888 -285.678883
347.478985 -285.066903
346.687822 -284.455260
345.896658 -283.843617
345.105726 -283.231676
344.315485 -282.618841
343.525690 -282.005432
342.735894 -281.392024
341.946099 -280.778616
341.156303 -280.165208

[left] sid=44, seg=0, num=67
392.428969 -321.729942
391.637625 -321.118533
390.846281 -320.507124
390.054937 -319.895715
389.263593 -319.284306
388.472250 -318.672897
387.680906 -318.061487
386.889562 -317.450078
386.098218 -316.838670
385.306873 -316.227261
384.515529 -315.615853
383.724184 -315.004444
382.932307 -314.393728
382.139306 -313.784469
381.346305 -313.175210
380.553305 -312.565952
379.760303 -311.956694
378.967302 -311.347436
378.174301 -310.738177
377.381918 -310.128119
376.591715 -309.515236
375.801511 -308.902354
375.011307 -308.289472
374.221104 -307.676589
373.430900 -307.063707
372.640697 -306.450825
371.850493 -305.837942
371.060290 -305.225060
370.270086 -304.612178
369.479883 -303.999295
368.689679 -303.386413
367.899475 -302.773531
367.109272 -302.160648
366.319068 -301.547766
365.528688 -300.935112
364.737353 -300.323691
363.946019 -299.712269
363.154685 -299.100847
362.363350 -298.489426
361.572016 -297.878004
360.780682 -297.266582
359.989347 -296.655161
359.198013 -296.043739
358.406679 -295.432317
357.615344 -294.820896
356.824010 -294.209474
356.032675 -293.598052
355.241341 -292.986630
354.450007 -292.375209
353.658673 -291.763787
352.867339 -291.152365
352.076004 -290.540943
351.284670 -289.929521
350.493336 -289.318100
349.702001 -288.706678
348.910552 -288.095405
348.118830 -287.484485
347.327108 -286.873565
346.535386 -286.262646
345.743663 -285.651727
344.951941 -285.040808
344.160219 -284.429888
343.368880 -283.818472
342.578417 -283.205925
341.787954 -282.593377
340.997490 -281.980830
340.207027 -281.368283

[right] sid=44, seg=0, num=67
394.318326 -319.335250
393.527625 -318.723010
392.736923 -318.110770
391.946223 -317.498530
391.154814 -316.887205
390.362539 -316.277004
389.570263 -315.666803
388.777988 -315.056601
387.985712 -314.446400
387.193437 -313.836199
386.400917 -313.226315
385.608123 -312.616786
384.815330 -312.007258
384.023896 -311.395971
383.233985 -310.782710
382.444075 -310.169450
381.654955 -309.555175
380.866722 -308.939760
380.078490 -308.324345
379.290257 -307.708930
378.502072 -307.093454
377.714321 -306.477423
376.926570 -305.861391
376.138819 -305.245360
375.351068 -304.629328
374.562691 -304.014098
373.774034 -303.399227
372.985378 -302.784355
372.196721 -302.169484
371.407733 -301.555039
370.617001 -300.942839
369.826268 -300.330638
369.035536 -299.718438
368.244804 -299.106238
367.453466 -298.494821
366.661945 -297.883642
365.870424 -297.272462
365.073262 -296.668680
364.274354 -296.067187
363.475447 -295.465695
362.677457 -294.862987
361.879750 -294.259903
361.082043 -293.656818
360.286378 -293.051047
359.491346 -292.444441
358.696314 -291.837835
357.903902 -291.227815
357.112306 -290.616733
356.320710 -290.005650
355.529113 -289.394568
354.739314 -288.781165
353.949630 -288.167613
353.159946 -287.554061
352.370262 -286.940510
351.581596 -286.325650
350.793058 -285.710625
350.004521 -285.095601
349.213784 -284.483408
348.422768 -283.871574
347.631752 -283.259741
346.840737 -282.647905
346.051527 -282.033745
345.262400 -281.419477
344.473273 -280.805209
343.684146 -280.190941
342.895019 -279.576673
342.105892 -278.962405

[center] sid=45, seg=0, num=67
395.225755 -318.184942
394.435348 -317.572323
393.644941 -316.959703
392.854533 -316.347084
392.063780 -315.734912
391.272584 -315.123312
390.481387 -314.511712
389.690191 -313.900112
388.898994 -313.288513
388.107797 -312.676914
387.316481 -312.065469
386.525024 -311.454205
385.733568 -310.842942
384.942775 -310.230821
384.152762 -309.617693
383.362749 -309.004565
382.573122 -308.390942
381.783947 -307.776735
380.994772 -307.162529
380.205597 -306.548323
379.416443 -305.934090
378.627508 -305.319575
377.838573 -304.705060
377.049639 -304.090545
376.260704 -303.476030
375.471463 -302.861910
374.682076 -302.247976
373.892689 -301.634042
373.103303 -301.020107
372.313763 -300.406371
371.523339 -299.793773
370.732915 -299.181175
369.942491 -298.568577
369.152067 -297.955979
368.361345 -297.343766
367.570526 -296.731678
366.779707 -296.119589
365.985596 -295.511786
365.190400 -294.905395
364.395205 -294.299004
363.600435 -293.692055
362.805808 -293.084919
362.011180 -292.477783
361.217032 -291.870020
360.423045 -291.262048
359.629058 -290.654075
358.836279 -290.044529
358.043915 -289.434442
357.251552 -288.824355
356.459166 -288.214295
355.667137 -287.603774
354.875139 -286.993212
354.083141 -286.382650
353.290790 -285.772548
352.498898 -285.161848
351.707084 -284.551048
350.915269 -283.940248
350.126431 -283.325612
349.338062 -282.710372
348.549693 -282.095131
347.761604 -281.479531
346.972365 -280.865408
346.183072 -280.251353
345.393779 -279.637298
344.604266 -279.023527
343.814744 -278.409766
343.025222 -277.796006

[left] sid=45, seg=0, num=67
394.318326 -319.335250
393.527625 -318.723010
392.736923 -318.110770
391.946223 -317.498530
391.154814 -316.887205
390.362539 -316.277004
389.570263 -315.666803
388.777988 -315.056601
387.985712 -314.446400
387.193437 -313.836199
386.400917 -313.226315
385.608123 -312.616786
384.815330 -312.007258
384.023896 -311.395971
383.233985 -310.782710
382.444075 -310.169450
381.654955 -309.555175
380.866722 -308.939760
380.078490 -308.324345
379.290257 -307.708930
378.502072 -307.093454
377.714321 -306.477423
376.926570 -305.861391
376.138819 -305.245360
375.351068 -304.629328
374.562691 -304.014098
373.774034 -303.399227
372.985378 -302.784355
372.196721 -302.169484
371.407733 -301.555039
370.617001 -300.942839
369.826268 -300.330638
369.035536 -299.718438
368.244804 -299.106238
367.453466 -298.494821
366.661945 -297.883642
365.870424 -297.272462
365.073262 -296.668680
364.274354 -296.067187
363.475447 -295.465695
362.677457 -294.862987
361.879750 -294.259903
361.082043 -293.656818
360.286378 -293.051047
359.491346 -292.444441
358.696314 -291.837835
357.903902 -291.227815
357.112306 -290.616733
356.320710 -290.005650
355.529113 -289.394568
354.739314 -288.781165
353.949630 -288.167613
353.159946 -287.554061
352.370262 -286.940510
351.581596 -286.325650
350.793058 -285.710625
350.004521 -285.095601
349.213784 -284.483408
348.422768 -283.871574
347.631752 -283.259741
346.840737 -282.647905
346.051527 -282.033745
345.262400 -281.419477
344.473273 -280.805209
343.684146 -280.190941
342.895019 -279.576673
342.105892 -278.962405

[right] sid=45, seg=0, num=67
396.133184 -317.034634
395.343068 -316.421639
394.552952 -315.808643
393.762837 -315.195648
392.972722 -314.582652
392.182607 -313.969655
391.392491 -313.356659
390.602376 -312.743663
389.812261 -312.130667
389.022146 -311.517671
388.232030 -310.904676
387.441915 -310.291680
386.651799 -309.678684
385.861684 -309.065688
385.071568 -308.452692
384.281453 -307.839697
383.491337 -307.226701
382.701222 -306.613705
381.911107 -306.000709
381.120991 -305.387713
380.330876 -304.774717
379.540761 -304.161721
378.750645 -303.548725
377.960530 -302.935729
377.170415 -302.322733
376.380299 -301.709737
375.590184 -301.096741
374.800068 -300.483745
374.009953 -299.870749
373.219838 -299.257753
372.429722 -298.644757
371.639607 -298.031761
370.849491 -297.418765
370.059376 -296.805769
369.269261 -296.192773
368.479145 -295.579777
367.689030 -294.966781
366.898063 -294.354885
366.106536 -293.743713
365.315009 -293.132541
364.523482 -292.521369
363.731955 -291.910196
362.940428 -291.299024
362.147996 -290.689027
361.354996 -290.079767
360.561996 -289.470508
359.768995 -288.861248
358.975846 -288.252183
358.182658 -287.643168
357.389470 -287.034154
356.596281 -286.425139
355.801855 -285.817742
355.006786 -285.211185
354.211717 -284.604628
353.416648 -283.998070
352.621579 -283.391513
351.826510 -282.784956
351.038109 -282.169803
350.253038 -281.550360
349.467967 -280.930917
348.682896 -280.311474
347.894565 -279.696195
347.104649 -279.082941
346.314734 -278.469687
345.524818 -277.856434
344.734903 -277.243181
343.944987 -276.629927

[center] sid=46, seg=0, num=67
397.125510 -315.776894
396.334120 -315.165545
395.542754 -314.554165
394.751388 -313.942785
393.960022 -313.331405
393.168656 -312.720024
392.377290 -312.108644
391.585923 -311.497264
390.794557 -310.885884
390.003191 -310.274504
389.211825 -309.663123
388.420458 -309.051743
387.629092 -308.440363
386.837726 -307.828982
386.046360 -307.217602
385.254994 -306.606222
384.463628 -305.994842
383.672261 -305.383461
382.880895 -304.772081
382.089529 -304.160701
381.298163 -303.549321
380.506796 -302.937940
379.715430 -302.326560
378.924064 -301.715180
378.132698 -301.103799
377.341332 -300.492419
376.549966 -299.881039
375.758600 -299.269658
374.967226 -298.658287
374.175847 -298.046924
373.384467 -297.435561
372.593063 -296.824230
371.801640 -296.212923
371.010217 -295.601617
370.218793 -294.990310
369.427370 -294.379004
368.635947 -293.767697
367.844112 -293.156924
367.051985 -292.546530
366.259857 -291.936137
365.467729 -291.325743
364.675602 -290.715350
363.883474 -290.104956
363.090908 -289.495132
362.298045 -288.885695
361.505181 -288.276258
360.712317 -287.666821
359.919380 -287.057479
359.126422 -286.448164
358.333464 -285.838850
357.540506 -285.229536
356.746947 -284.621005
355.953047 -284.012918
355.159147 -283.404832
354.365247 -282.796745
353.571347 -282.188658
352.777448 -281.580571
351.986775 -280.968306
351.197861 -280.353765
350.408946 -279.739224
349.620032 -279.124683
348.829543 -278.512172
348.038219 -277.900736
347.246895 -277.289301
346.455745 -276.677640
345.664682 -276.065868
344.873618 -275.454097

[left] sid=46, seg=0, num=67
396.133184 -317.034634
395.343068 -316.421639
394.552952 -315.808643
393.762837 -315.195648
392.972722 -314.582652
392.182607 -313.969655
391.392491 -313.356659
390.602376 -312.743663
389.812261 -312.130667
389.022146 -311.517671
388.232030 -310.904676
387.441915 -310.291680
386.651799 -309.678684
385.861684 -309.065688
385.071568 -308.452692
384.281453 -307.839697
383.491337 -307.226701
382.701222 -306.613705
381.911107 -306.000709
381.120991 -305.387713
380.330876 -304.774717
379.540761 -304.161721
378.750645 -303.548725
377.960530 -302.935729
377.170415 -302.322733
376.380299 -301.709737
375.590184 -301.096741
374.800068 -300.483745
374.009953 -299.870749
373.219838 -299.257753
372.429722 -298.644757
371.639607 -298.031761
370.849491 -297.418765
370.059376 -296.805769
369.269261 -296.192773
368.479145 -295.579777
367.689030 -294.966781
366.898063 -294.354885
366.106536 -293.743713
365.315009 -293.132541
364.523482 -292.521369
363.731955 -291.910196
362.940428 -291.299024
362.147996 -290.689027
361.354996 -290.079767
360.561996 -289.470508
359.768995 -288.861248
358.975846 -288.252183
358.182658 -287.643168
357.389470 -287.034154
356.596281 -286.425139
355.801855 -285.817742
355.006786 -285.211185
354.211717 -284.604628
353.416648 -283.998070
352.621579 -283.391513
351.826510 -282.784956
351.038109 -282.169803
350.253038 -281.550360
349.467967 -280.930917
348.682896 -280.311474
347.894565 -279.696195
347.104649 -279.082941
346.314734 -278.469687
345.524818 -277.856434
344.734903 -277.243181
343.944987 -276.629927

[right] sid=46, seg=0, num=67
398.117840 -314.519155
397.325226 -313.909392
396.532613 -313.299630
395.740000 -312.689867
394.947386 -312.080106
394.154772 -311.470344
393.362158 -310.860582
392.569544 -310.250820
391.776930 -309.641058
390.984317 -309.031296
390.191703 -308.421534
389.399089 -307.811772
388.606476 -307.202010
387.813862 -306.592248
387.021248 -305.982486
386.228635 -305.372724
385.436021 -304.762962
384.643407 -304.153199
383.850794 -303.543437
383.058180 -302.933675
382.265566 -302.323913
381.472952 -301.714151
380.680339 -301.104389
379.887725 -300.494627
379.095112 -299.884865
378.302498 -299.275103
377.509884 -298.665340
376.717271 -298.055578
375.924657 -297.445816
375.132043 -296.836055
374.339403 -296.226326
373.546676 -295.616712
372.753948 -295.007098
371.961221 -294.397484
371.168493 -293.787869
370.375765 -293.178255
369.583038 -292.568641
368.790310 -291.959027
367.997583 -291.349413
367.204855 -290.739799
366.412127 -290.130185
365.619400 -289.520571
364.826672 -288.910957
364.033945 -288.301343
363.241217 -287.691728
362.448490 -287.082114
361.655762 -286.472500
360.863034 -285.862886
360.070306 -285.253272
359.277579 -284.643657
358.484852 -284.034043
357.692124 -283.424429
356.899396 -282.814815
356.106668 -282.205201
355.313940 -281.595587
354.521213 -280.985973
353.728485 -280.376359
352.935758 -279.766744
352.143030 -279.157130
351.350303 -278.547516
350.557575 -277.937902
349.764847 -277.328288
348.972119 -276.718674
348.179391 -276.109060
347.386664 -275.499446
346.593936 -274.889832
345.801915 -274.279303

[center] sid=47, seg=0, num=67
399.088425 -313.205360
398.296928 -312.594149
397.505431 -311.982938
396.713935 -311.371726
395.922452 -310.760497
395.130970 -310.149267
394.339488 -309.538037
393.548005 -308.926807
392.756523 -308.315577
391.965041 -307.704347
391.173558 -307.093118
390.382076 -306.481888
389.590593 -305.870659
388.799111 -305.259429
388.007628 -304.648199
387.216146 -304.036969
386.424663 -303.425740
385.633181 -302.814510
384.841698 -302.203280
384.050216 -301.592051
383.258733 -300.980821
382.467251 -300.369591
381.675769 -299.758361
380.884286 -299.147131
380.092804 -298.535901
379.301321 -297.924672
378.509839 -297.313442
377.718370 -296.702194
376.927092 -296.090700
376.135814 -295.479206
375.344568 -294.867670
374.553410 -294.256020
373.762253 -293.644369
372.971096 -293.032719
372.179938 -292.421068
371.388781 -291.809417
370.597624 -291.197767
369.806466 -290.586116
369.015309 -289.974465
368.224152 -289.362815
367.432994 -288.751164
366.641837 -288.139513
365.850680 -287.527863
365.059523 -286.916212
364.268365 -286.304561
363.477001 -285.693178
362.685118 -285.082468
361.893234 -284.471758
361.101136 -283.861326
360.308488 -283.251609
359.515839 -282.641892
358.723190 -282.032176
357.930541 -281.422459
357.137892 -280.812743
356.345243 -280.203027
355.552594 -279.593310
354.759945 -278.983594
353.967296 -278.373877
353.174647 -277.764161
352.381998 -277.154444
351.589349 -276.544728
350.796700 -275.935011
350.004051 -275.325295
349.211403 -274.715578
348.418754 -274.105862
347.626105 -273.496145
346.833862 -272.885902

[left] sid=47, seg=0, num=67
398.117840 -314.519155
397.325226 -313.909392
396.532613 -313.299630
395.740000 -312.689867
394.947386 -312.080106
394.154772 -311.470344
393.362158 -310.860582
392.569544 -310.250820
391.776930 -309.641058
390.984317 -309.031296
390.191703 -308.421534
389.399089 -307.811772
388.606476 -307.202010
387.813862 -306.592248
387.021248 -305.982486
386.228635 -305.372724
385.436021 -304.762962
384.643407 -304.153199
383.850794 -303.543437
383.058180 -302.933675
382.265566 -302.323913
381.472952 -301.714151
380.680339 -301.104389
379.887725 -300.494627
379.095112 -299.884865
378.302498 -299.275103
377.509884 -298.665340
376.717271 -298.055578
375.924657 -297.445816
375.132043 -296.836055
374.339403 -296.226326
373.546676 -295.616712
372.753948 -295.007098
371.961221 -294.397484
371.168493 -293.787869
370.375765 -293.178255
369.583038 -292.568641
368.790310 -291.959027
367.997583 -291.349413
367.204855 -290.739799
366.412127 -290.130185
365.619400 -289.520571
364.826672 -288.910957
364.033945 -288.301343
363.241217 -287.691728
362.448490 -287.082114
361.655762 -286.472500
360.863034 -285.862886
360.070306 -285.253272
359.277579 -284.643657
358.484852 -284.034043
357.692124 -283.424429
356.899396 -282.814815
356.106668 -282.205201
355.313940 -281.595587
354.521213 -280.985973
353.728485 -280.376359
352.935758 -279.766744
352.143030 -279.157130
351.350303 -278.547516
350.557575 -277.937902
349.764847 -277.328288
348.972119 -276.718674
348.179391 -276.109060
347.386664 -275.499446
346.593936 -274.889832
345.801915 -274.279303

[right] sid=47, seg=0, num=6
404.158612 -314.966909
403.335676 -314.398734
402.522951 -313.816711
401.736890 -313.198524
400.949571 -312.581950
400.159223 -311.969255

[right] sid=47, seg=1, num=67
400.059012 -311.891565
399.268662 -311.278871
398.478314 -310.666176
397.687965 -310.053481
396.897616 -309.440786
396.107268 -308.828091
395.316920 -308.215395
394.526572 -307.602699
393.736224 -306.990004
392.945876 -306.377308
392.155527 -305.764612
391.365179 -305.151917
390.574830 -304.539222
389.784481 -303.926527
388.994133 -303.313832
388.203784 -302.701137
387.413436 -302.088441
386.623087 -301.475746
385.832739 -300.863051
385.042390 -300.250355
384.252042 -299.637660
383.461694 -299.024964
382.671345 -298.412269
381.880997 -297.799573
381.090649 -297.186878
380.300300 -296.574183
379.509951 -295.961488
378.719603 -295.348792
377.929254 -294.736097
377.139526 -294.122602
376.349945 -293.508919
375.560363 -292.895236
374.770781 -292.281553
373.981199 -291.667870
373.191618 -291.054186
372.402036 -290.440503
371.612454 -289.826820
370.822872 -289.213137
370.033291 -288.599454
369.243709 -287.985770
368.454127 -287.372087
367.664545 -286.758404
366.874963 -286.144721
366.085382 -285.531037
365.295800 -284.917354
364.506218 -284.303671
363.716637 -283.689987
362.924717 -283.079328
362.132147 -282.469509
361.339577 -281.859690
360.547006 -281.249871
359.754436 -280.640052
358.961866 -280.030233
358.169296 -279.420414
357.376726 -278.810595
356.584156 -278.200776
355.791586 -277.590958
354.999015 -276.981139
354.206445 -276.371320
353.413875 -275.761502
352.621305 -275.151683
351.828734 -274.541864
351.036164 -273.932044
350.243595 -273.322225
349.451025 -272.712406
348.658454 -272.102587
347.865884 -271.492769

[center] sid=48, seg=0, num=10
336.739323 -284.462645
335.949487 -283.849288
335.159652 -283.235931
334.369816 -282.622574
333.579981 -282.009217
332.790146 -281.395860
332.000295 -280.782522
331.209368 -280.170574
330.418441 -279.558626
329.627513 -278.946677

[left] sid=48, seg=0, num=10
335.794866 -285.677501
335.004272 -285.065122
334.213678 -284.452743
333.423084 -283.840364
332.632490 -283.227985
331.841896 -282.615607
331.051302 -282.003228
330.260708 -281.390849
329.470114 -280.778470
328.679520 -280.166091

[right] sid=48, seg=0, num=10
337.683783 -283.247790
336.894708 -282.633455
336.105632 -282.019121
335.316557 -281.404787
334.527481 -280.790452
333.738406 -280.176118
332.949331 -279.561783
332.158062 -278.950277
331.366791 -278.338772
330.575521 -277.727268

[center] sid=49, seg=0, num=10
338.634250 -282.066915
337.844657 -281.453246
337.055064 -280.839577
336.265471 -280.225908
335.475017 -279.613348
334.684535 -279.000824
333.894053 -278.388301
333.102511 -277.777148
332.310933 -277.166042
331.519356 -276.554935

[left] sid=49, seg=0, num=10
337.683783 -283.247790
336.894708 -282.633455
336.105632 -282.019121
335.316557 -281.404787
334.527481 -280.790452
333.738406 -280.176118
332.949331 -279.561783
332.158062 -278.950277
331.366791 -278.338772
330.575521 -277.727268

[right] sid=49, seg=0, num=10
339.584717 -280.886042
338.794656 -280.272976
338.004594 -279.659910
337.214533 -279.046844
336.422648 -278.436135
335.630764 -277.825426
334.838879 -277.214717
334.046995 -276.604007
333.255111 -275.993298
332.463226 -275.382589

[center] sid=50, seg=0, num=10
340.526974 -279.676430
339.736098 -279.064416
338.945222 -278.452402
338.154345 -277.840388
337.362353 -277.229818
336.570352 -276.619260
335.778347 -276.008708
334.985295 -275.399515
334.192243 -274.790322
333.399194 -274.181127

[left] sid=50, seg=0, num=10
339.584717 -280.886042
338.794656 -280.272976
338.004594 -279.659910
337.214533 -279.046844
336.422648 -278.436135
335.630764 -277.825426
334.838879 -277.214717
334.046995 -276.604007
333.255111 -275.993298
332.463226 -275.382589

[right] sid=50, seg=0, num=10
341.439124 -278.443384
340.647406 -277.832459
339.855687 -277.221535
339.063969 -276.610610
338.272251 -275.999686
337.480532 -275.388761
336.687553 -274.779477
335.893337 -274.171804
335.099121 -273.564130
334.304905 -272.956456

[center] sid=51, seg=0, num=10
342.425987 -277.330091
341.634540 -276.718816
340.843092 -276.107541
340.051644 -275.496266
339.260189 -274.885001
338.468733 -274.273737
337.676770 -273.663130
336.884063 -273.053489
336.091355 -272.443848
335.298631 -271.834230

[left] sid=51, seg=0, num=10
341.439124 -278.443384
340.647406 -277.832459
339.855687 -277.221535
339.063969 -276.610610
338.272251 -275.999686
337.480532 -275.388761
336.687553 -274.779477
335.893337 -274.171804
335.099121 -273.564130
334.304905 -272.956456

[right] sid=51, seg=0, num=10
343.412847 -276.216797
342.621653 -275.605193
341.830459 -274.993589
341.039266 -274.381986
340.248072 -273.770382
339.456878 -273.158778
338.665684 -272.547175
337.874491 -271.935571
337.083297 -271.323967
336.292103 -270.712363

[center] sid=52, seg=0, num=94
346.347093 -272.509783
345.578424 -271.870099
344.821668 -271.216730
344.082684 -270.543015
343.406091 -269.807065
342.786192 -269.023060
342.254920 -268.177139
341.766761 -267.304443
341.347256 -266.398180
340.998685 -265.461261
340.774648 -264.492026
340.746987 -263.494599
340.846185 -262.499513
341.008855 -261.513005
341.251876 -260.543048
341.623087 -259.615649
342.111580 -258.743757
342.632845 -257.890988
343.189390 -257.060136
343.770294 -256.246360
344.361552 -255.439842
344.954889 -254.634854
345.579307 -253.854235
346.219676 -253.086131
346.860045 -252.318028
347.500411 -251.549921
348.140776 -250.781814
348.783855 -250.015980
349.427717 -249.250801
350.071578 -248.485622
350.715436 -247.720441
351.359294 -246.955259
352.002994 -246.189945
352.646607 -245.424557
353.290219 -244.659169
353.933830 -243.893779
354.577441 -243.128390
355.221051 -242.363000
355.863765 -241.596858
356.506005 -240.830317
357.148245 -240.063777
357.790493 -239.297244
358.432744 -238.530713
359.075718 -237.764790
359.721049 -237.000851
360.366381 -236.236912
361.011713 -235.472973
361.657044 -234.709033
362.302375 -233.945094
362.947594 -233.181060
363.592657 -232.416894
364.237720 -231.652728
364.882512 -230.888334
365.526921 -230.123616
366.171329 -229.358897
366.815189 -228.593718
367.458268 -227.827882
368.101347 -227.062046
368.744424 -226.296207
369.386993 -225.529944
370.028794 -224.763036
370.670595 -223.996128
371.312400 -223.229224
371.954211 -222.462325
372.596022 -221.695426
373.236076 -220.927064
373.873493 -220.156510
374.510911 -219.385955
375.148328 -218.615399
375.785743 -217.844843
376.423159 -217.074286
377.060577 -216.303732
377.697998 -215.533180
378.335419 -214.762628
378.972840 -213.992076
379.610261 -213.221524
380.247272 -212.450633
380.884176 -211.679654
381.521081 -210.908676
382.157990 -210.137701
382.794900 -209.366726
383.431810 -208.595752
384.068713 -207.824772
384.705613 -207.053789
385.342513 -206.282806
385.979416 -205.511826
386.616327 -204.740853
387.253541 -203.970130
387.892051 -203.200480
388.530561 -202.430831
389.169067 -201.661178
389.807560 -200.891514
390.446052 -200.121849
391.084556 -199.352195

[left] sid=52, seg=0, num=76
342.138201 -255.834202
342.774551 -255.062766
343.410901 -254.291329
344.047251 -253.519892
344.683601 -252.748455
345.320234 -251.977254
345.964801 -251.212670
346.609368 -250.448085
347.253935 -249.683501
347.898502 -248.918916
348.543069 -248.154332
349.187904 -247.389974
349.832764 -246.625636
350.477623 -245.861298
351.122482 -245.096959
351.767340 -244.332620
352.412198 -243.568281
353.055063 -242.802266
353.697742 -242.036094
354.340420 -241.269921
354.983099 -240.503749
355.625777 -239.737576
356.267580 -238.970671
356.908498 -238.203025
357.549416 -237.435379
358.190334 -236.667733
358.831252 -235.900088
359.472170 -235.132442
360.117528 -234.368536
360.765113 -233.606506
361.412697 -232.844476
362.060282 -232.082446
362.707866 -231.320415
363.355451 -230.558385
364.003036 -229.796355
364.650620 -229.034325
365.298205 -228.272294
365.945789 -227.510264
366.589070 -226.744608
367.230052 -225.977016
367.871035 -225.209424
368.512017 -224.441832
369.152999 -223.674240
369.793982 -222.906648
370.434964 -222.139056
371.075946 -221.371464
371.716928 -220.603872
372.357911 -219.836280
372.997331 -219.067390
373.634543 -218.296665
374.271755 -217.525940
374.908967 -216.755216
375.546179 -215.984491
376.183391 -215.213766
376.820664 -214.443092
377.458012 -213.672480
378.095360 -212.901867
378.732708 -212.131255
379.375053 -211.364805
380.017901 -210.598776
380.660750 -209.832746
381.300710 -209.064309
381.938376 -208.293960
382.576042 -207.523611
383.213709 -206.753262
383.851375 -205.982913
384.489042 -205.212565
385.126709 -204.442217
385.764376 -203.671868
386.402043 -202.901520
387.039710 -202.131171
387.677377 -201.360823
388.315044 -200.590474
388.935901 -199.806625
389.550536 -199.017778
390.165171 -198.228931

[right] sid=52, seg=0, num=8
347.304908 -271.061141
346.613642 -270.338508
345.941503 -269.600948
345.408542 -268.754779
344.926649 -267.881910
344.535977 -266.961351
344.201273 -266.021582
343.944269 -265.055144

[right] sid=52, seg=1, num=57
344.710877 -257.867272
345.134861 -256.961570
345.625223 -256.090978
346.209867 -255.280345
346.832517 -254.498249
347.470643 -253.728281
348.113530 -252.962290
348.757638 -252.197319
349.401746 -251.432348
350.045854 -250.667376
350.689007 -249.901603
351.331543 -249.135310
351.974078 -248.369018
352.616613 -247.602725
353.259148 -246.836432
353.902240 -246.070607
354.545988 -245.305333
355.189737 -244.540060
355.833486 -243.774786
356.477235 -243.009513
357.120984 -242.244240
357.764497 -241.478769
358.406800 -240.712281
359.049102 -239.945793
359.691404 -239.179305
360.333706 -238.412817
360.976008 -237.646329
361.622980 -236.883784
362.271004 -236.122128
362.919029 -235.360471
363.567053 -234.598815
364.214050 -233.836292
364.855277 -233.068904
365.496503 -232.301516
366.137730 -231.534128
366.778956 -230.766740
367.420183 -229.999352
368.061409 -229.231964
368.704962 -228.466527
369.349088 -227.701571
369.993213 -226.936615
370.637339 -226.171659
371.281464 -225.406702
371.924180 -224.640563
372.566003 -223.873674
373.207827 -223.106785
373.849650 -222.339896
374.491473 -221.573007
375.133297 -220.806118
375.775120 -220.039229
376.422242 -219.276858
377.077909 -218.521771
377.733576 -217.766684
378.576188 -217.256121
379.531533 -216.962337
380.514975 -216.836258
381.513169 -216.890625

[right] sid=52, seg=2, num=7
384.499373 -210.824467
384.647908 -209.835782
384.952680 -208.893746
385.575437 -208.113300
386.211853 -207.341917
386.882625 -206.600548
387.763012 -206.191878

[center] sid=53, seg=0, num=10
344.339455 -275.040205
343.549897 -274.426492
342.760338 -273.812779
341.970779 -273.199066
341.181221 -272.585352
340.391662 -271.971639
339.602104 -271.357926
338.812545 -270.744213
338.022987 -270.130499
337.233428 -269.516786

[left] sid=53, seg=0, num=10
343.412847 -276.216797
342.621653 -275.605193
341.830459 -274.993589
341.039266 -274.381986
340.248072 -273.770382
339.456878 -273.158778
338.665684 -272.547175
337.874491 -271.935571
337.083297 -271.323967
336.292103 -270.712363

[center] sid=54, seg=0, num=19
329.292725 -278.687644
328.503003 -278.074141
327.713281 -277.460639
326.923558 -276.847136
326.133848 -276.233617
325.344139 -275.620099
324.554429 -275.006580
323.764719 -274.393061
322.975010 -273.779541
322.185300 -273.166022
321.395604 -272.552486
320.605908 -271.938950
319.816211 -271.325414
319.026682 -270.711663
318.237155 -270.097909
317.447628 -269.484154
316.656012 -268.873097
315.864363 -268.262083
315.072713 -267.651070

[left] sid=54, seg=0, num=19
328.338439 -279.901898
327.551250 -279.285148
326.764061 -278.668398
325.976872 -278.051649
325.189682 -277.434899
324.402492 -276.818150
323.615303 -276.201401
322.828114 -275.584651
322.040925 -274.967902
321.253736 -274.351152
320.466547 -273.734402
319.679358 -273.117652
318.892169 -272.500902
318.104980 -271.884152
317.317790 -271.267403
316.530601 -270.650653
315.739165 -270.039363
314.947718 -269.428086
314.156272 -268.816809

[right] sid=54, seg=0, num=19
330.247012 -277.473392
329.454795 -276.863114
328.662578 -276.252837
327.870361 -275.642559
327.078144 -275.032281
326.285927 -274.422003
325.493710 -273.811725
324.701493 -273.201447
323.909277 -272.591169
323.117060 -271.980891
322.324843 -271.370613
321.532626 -270.760335
320.740473 -270.149974
319.948620 -269.539224
319.156767 -268.928474
318.364914 -268.317724
317.573061 -267.706974
316.781208 -267.096224
315.989355 -266.485474

[center] sid=55, seg=0, num=19
331.193697 -276.303500
330.401288 -275.693472
329.608879 -275.083444
328.816470 -274.473415
328.024042 -273.863411
327.231613 -273.253408
326.439185 -272.643405
325.646975 -272.033118
324.854769 -271.422826
324.062562 -270.812535
323.270422 -270.202157
322.478282 -269.591779
321.686168 -268.981368
320.894210 -268.370754
320.102252 -267.760140
319.310483 -267.149281
318.519893 -266.536897
317.729302 -265.924514
316.938733 -265.312104

[left] sid=55, seg=0, num=19
330.247012 -277.473392
329.454795 -276.863114
328.662578 -276.252837
327.870361 -275.642559
327.078144 -275.032281
326.285927 -274.422003
325.493710 -273.811725
324.701493 -273.201447
323.909277 -272.591169
323.117060 -271.980891
322.324843 -271.370613
321.532626 -270.760335
320.740473 -270.149974
319.948620 -269.539224
319.156767 -268.928474
318.364914 -268.317724
317.573061 -267.706974
316.781208 -267.096224
315.989355 -266.485474

[right] sid=55, seg=0, num=20
332.140382 -275.133609
331.347876 -274.523707
330.555236 -273.913979
329.762596 -273.304251
328.969956 -272.694522
328.177316 -272.084794
327.384676 -271.475066
326.592185 -270.865144
325.800122 -270.254666
325.008060 -269.644187
324.215997 -269.033709
323.423934 -268.423231
322.631872 -267.812753
321.839809 -267.202275
321.047746 -266.591797
320.255684 -265.981318
319.466122 -265.367612
318.677084 -264.753229
317.888046 -264.138847
317.099008 -263.524465

[center] sid=56, seg=0, num=20
333.089658 -273.943282
332.297526 -273.332893
331.505472 -272.722404
330.713418 -272.111915
329.921364 -271.501426
329.129310 -270.890937
328.337255 -270.280447
327.545269 -269.669871
326.753504 -269.059007
325.961738 -268.448143
325.169973 -267.837279
324.378208 -267.226416
323.586442 -266.615552
322.794677 -266.004688
322.002912 -265.393824
321.211147 -264.782960
320.420595 -264.170527
319.630341 -263.557710
318.840086 -262.944893
318.049850 -262.332053

[left] sid=56, seg=0, num=20
332.140382 -275.133609
331.347876 -274.523707
330.555236 -273.913979
329.762596 -273.304251
328.969956 -272.694522
328.177316 -272.084794
327.384676 -271.475066
326.592185 -270.865144
325.800122 -270.254666
325.008060 -269.644187
324.215997 -269.033709
323.423934 -268.423231
322.631872 -267.812753
321.839809 -267.202275
321.047746 -266.591797
320.255684 -265.981318
319.466122 -265.367612
318.677084 -264.753229
317.888046 -264.138847
317.099008 -263.524465

[right] sid=56, seg=0, num=20
334.038934 -272.752955
333.247151 -272.142115
332.455683 -271.530866
331.664216 -270.919617
330.872748 -270.308368
330.081280 -269.697118
329.289813 -269.085869
328.498345 -268.474620
327.706877 -267.863371
326.915409 -267.252121
326.123941 -266.640872
325.332474 -266.029623
324.541006 -265.418374
323.749538 -264.807125
322.958070 -264.195875
322.166603 -263.584626
321.375135 -262.973377
320.583667 -262.362127
319.792200 -261.750878
319.000732 -261.139629

[center] sid=57, seg=0, num=20
334.971906 -271.582994
334.180394 -270.971803
333.389031 -270.360418
332.597669 -269.749032
331.806307 -269.137646
331.014945 -268.526260
330.223583 -267.914874
329.432220 -267.303489
328.640858 -266.692103
327.849496 -266.080717
327.058133 -265.469332
326.266771 -264.857946
325.475408 -264.246560
324.684046 -263.635175
323.892684 -263.023789
323.101322 -262.412403
322.309959 -261.801017
321.518597 -261.189631
320.727235 -260.578245
319.935872 -259.966860

[left] sid=57, seg=0, num=20
334.038934 -272.752955
333.247151 -272.142115
332.455683 -271.530866
331.664216 -270.919617
330.872748 -270.308368
330.081280 -269.697118
329.289813 -269.085869
328.498345 -268.474620
327.706877 -267.863371
326.915409 -267.252121
326.123941 -266.640872
325.332474 -266.029623
324.541006 -265.418374
323.749538 -264.807125
322.958070 -264.195875
322.166603 -263.584626
321.375135 -262.973377
320.583667 -262.362127
319.792200 -261.750878
319.000732 -261.139629

[right] sid=57, seg=0, num=20
335.904879 -270.413034
335.113633 -269.801498
334.322376 -269.189976
333.531119 -268.578454
332.739863 -267.966931
331.948606 -267.355409
331.157349 -266.743887
330.366092 -266.132365
329.574835 -265.520843
328.783578 -264.909320
327.992322 -264.297798
327.201065 -263.686276
326.409808 -263.074754
325.618551 -262.463232
324.827294 -261.851710
324.036037 -261.240187
323.244780 -260.628665
322.453524 -260.017143
321.662267 -259.405620
320.871010 -258.794098

[center] sid=58, seg=0, num=20
336.854513 -269.222260
336.069142 -268.603196
335.283771 -267.984133
334.498416 -267.365049
333.714743 -266.743838
332.931070 -266.122627
332.148037 -265.500610
331.365592 -264.877853
330.583147 -264.255095
329.800702 -263.632338
329.018256 -263.009581
328.235811 -262.386824
327.453366 -261.764067
326.670921 -261.141310
325.888476 -260.518552
325.106031 -259.895795
324.323585 -259.273038
323.541712 -258.649565
322.761146 -258.024454
321.980581 -257.399342

[left] sid=58, seg=0, num=20
335.904879 -270.413034
335.113633 -269.801498
334.322376 -269.189976
333.531119 -268.578454
332.739863 -267.966931
331.948606 -267.355409
331.157349 -266.743887
330.366092 -266.132365
329.574835 -265.520843
328.783578 -264.909320
327.992322 -264.297798
327.201065 -263.686276
326.409808 -263.074754
325.618551 -262.463232
324.827294 -261.851710
324.036037 -261.240187
323.244780 -260.628665
322.453524 -260.017143
321.662267 -259.405620
320.871010 -258.794098

[right] sid=58, seg=0, num=11
332.676564 -256.559400
331.752594 -256.941930
330.798785 -257.236647
329.821659 -257.446616
328.828310 -257.553507
327.830230 -257.491827
326.843880 -257.344011
325.869638 -257.118460
324.902406 -256.869667
323.979696 -256.484112
323.111942 -255.987879

[center] sid=59, seg=0, num=20
329.292725 -278.687644
328.344930 -278.368693
327.397135 -278.049741
326.449340 -277.730790
325.501546 -277.411839
324.553751 -277.092887
323.605956 -276.773936
322.770690 -276.225175
321.937553 -275.672066
321.104422 -275.118950
320.272007 -274.564755
319.439592 -274.010561
318.607156 -273.456398
317.774095 -272.903174
316.941034 -272.349951
316.107945 -271.796770
315.274352 -271.244350
314.440563 -270.692224
313.606775 -270.140097
312.772743 -269.588339

[left] sid=59, seg=0, num=20
328.338435 -279.901895
327.462174 -279.420010
326.585914 -278.938125
325.709653 -278.456240
324.833393 -277.974355
323.957132 -277.492470
323.081624 -277.009227
322.208186 -276.522245
321.334748 -276.035262
320.461626 -275.547715
319.589379 -275.058602
318.717132 -274.569489
317.844588 -274.080908
316.971214 -273.593811
316.097840 -273.106715
315.224465 -272.619618
314.351952 -272.130985
313.480621 -271.640243
312.609290 -271.149501
311.737958 -270.658759

[right] sid=59, seg=0, num=19
328.338439 -279.901898
327.551250 -279.285148
326.764061 -278.668398
325.976872 -278.051649
325.189682 -277.434899
324.402492 -276.818150
323.615303 -276.201401
322.828114 -275.584651
322.040925 -274.967902
321.253736 -274.351152
320.466547 -273.734402
319.679358 -273.117652
318.892169 -272.500902
318.104980 -271.884152
317.317790 -271.267403
316.530601 -270.650653
315.739165 -270.039363
314.947718 -269.428086
314.156272 -268.816809

[center] sid=60, seg=0, num=154
424.941309 -150.510910
424.297909 -151.276476
423.654509 -152.042042
423.011047 -152.807557
422.367061 -153.572629
421.723074 -154.337702
421.079088 -155.102776
420.434960 -155.867729
419.790692 -156.632565
419.146423 -157.397401
418.507777 -158.166906
417.874217 -158.940636
417.240657 -159.714365
416.607097 -160.488094
415.973537 -161.261824
415.339977 -162.035553
414.706417 -162.809282
414.072857 -163.583012
413.439296 -164.356741
412.800052 -165.125748
412.155626 -165.890451
411.511200 -166.655154
410.864511 -167.417941
410.216281 -168.179421
409.568050 -168.940902
408.920599 -169.703044
408.273711 -170.465666
407.626824 -171.228288
406.981840 -171.992517
406.338162 -172.757850
405.694485 -173.523184
405.053234 -174.290546
404.413877 -175.059492
403.774520 -175.828439
403.134684 -176.596986
402.494473 -177.365221
401.854261 -178.133455
401.213202 -178.900983
400.570278 -179.666948
399.927301 -180.432871
399.284324 -181.198793
398.640124 -181.963686
397.995900 -182.728559
397.351675 -183.493431
396.703592 -184.255037
396.055446 -185.016590
395.407300 -185.778142
394.759720 -186.540168
394.116406 -187.305807
393.473092 -188.071446
392.830057 -188.837318
392.184840 -189.601351
391.538690 -190.364598
390.892540 -191.127845
390.246195 -191.890926
389.599842 -192.654001
388.953489 -193.417076
388.307136 -194.180152
387.660783 -194.943227
387.014430 -195.706302
386.368078 -196.469377
385.721725 -197.232452
385.075372 -197.995527
384.429019 -198.758602
383.782666 -199.521677
383.136313 -200.284752
382.489961 -201.047828
381.843608 -201.810903
381.197255 -202.573978
380.550902 -203.337053
379.904549 -204.100128
379.258196 -204.863203
378.611843 -205.626278
377.965491 -206.389354
377.319138 -207.152429
376.675619 -207.917884
376.035861 -208.686496
375.396103 -209.455109
374.754364 -210.222065
374.110753 -210.987453
373.466861 -211.752607
372.822969 -212.517760
372.179889 -213.283592
371.539608 -214.051769
370.893114 -214.814724
370.246515 -215.577591
369.599917 -216.340458
368.955268 -217.104973
368.310637 -217.869504
367.666007 -218.634035
367.021377 -219.398566
366.376746 -220.163097
365.732116 -220.927628
365.087486 -221.692160
364.442838 -222.456675
363.798183 -223.221186
363.153528 -223.985696
362.509190 -224.750473
361.864956 -225.515338
361.220723 -226.280204
360.576489 -227.045069
359.932256 -227.809934
359.288022 -228.574799
358.643788 -229.339664
357.999554 -230.104529
357.355302 -230.869380
356.710803 -231.634021
356.066305 -232.398663
355.421853 -233.163345
354.778002 -233.928533
354.134151 -234.693720
353.490300 -235.458908
352.846450 -236.224096
352.202586 -236.989273
351.558642 -237.754381
350.914697 -238.519490
350.270753 -239.284599
349.626806 -240.049706
348.982859 -240.814813
348.338748 -241.579781
347.693769 -242.344018
347.048790 -243.108255
346.403925 -243.872588
345.759627 -244.637399
345.115329 -245.402210
344.471613 -246.167510
343.829256 -246.933953
343.186899 -247.700395
342.544543 -248.466838
341.905514 -249.236054
341.267156 -250.005831
340.628799 -250.775607
339.990443 -251.545385
339.351829 -252.314948
338.711053 -253.082713
338.070278 -253.850477
337.429502 -254.618242
336.788726 -255.386006
336.126487 -256.135312
335.463259 -256.883766
334.738110 -257.563088
333.910944 -258.123005
333.023224 -258.583444
332.067148 -258.873970
331.084162 -259.044076
330.091888 -259.145378
329.095625 -259.058750
328.122941 -258.827358
327.150684 -258.593347
326.178427 -258.359335
325.206170 -258.125323
324.233913 -257.891312
323.261656 -257.657300
322.289399 -257.423288

[left] sid=60, seg=0, num=47
426.025372 -151.422198
425.382211 -152.187965
424.739050 -152.953732
424.095879 -153.719491
423.452606 -154.485164
422.809333 -155.250837
422.166061 -156.016510
421.522495 -156.781938
420.878651 -157.547131
420.234807 -158.312323
419.590963 -159.077517
418.947120 -159.842710
418.303276 -160.607903
417.659432 -161.373096
417.015587 -162.138288
416.371742 -162.903480
415.727897 -163.668673
415.084053 -164.433866
414.440209 -165.199058
413.796365 -165.964252
413.152522 -166.729445
412.508678 -167.494638
411.864834 -168.259831
411.220989 -169.025023
410.577144 -169.790216
409.932912 -170.555082
409.288391 -171.319704
408.643869 -172.084326
407.999347 -172.848949
407.354825 -173.613571
406.710304 -174.378193
406.065391 -175.142485
405.420194 -175.906539
404.774998 -176.670592
404.131598 -177.436156
403.489505 -178.202819
402.847413 -178.969482
402.205321 -179.736146
401.563228 -180.502809
400.921136 -181.269473
400.279044 -182.036136
399.636951 -182.802799
398.994858 -183.569462
398.352765 -184.336125
397.705508 -185.098434
397.058141 -185.860648
396.410774 -186.622863

[left] sid=60, seg=1, num=88
395.938300 -187.179158
395.299542 -187.948602
394.660784 -188.718045
394.022026 -189.487489
393.379616 -190.253871
392.733265 -191.016947
392.086913 -191.780023
391.440561 -192.543099
390.794209 -193.306175
390.147857 -194.069250
389.501505 -194.832326
388.855152 -195.595402
388.208800 -196.358477
387.562448 -197.121553
386.916096 -197.884629
386.269744 -198.647705
385.623393 -199.410781
384.977041 -200.173857
384.330688 -200.936932
383.684337 -201.700008
383.038118 -202.463197
382.393696 -203.227904
381.749275 -203.992611
381.104853 -204.757317
380.460432 -205.522025
379.816011 -206.286732
379.171590 -207.051439
378.527170 -207.816147
377.884672 -208.582459
377.248058 -209.353677
376.611444 -210.124896
375.974829 -210.896114
375.338215 -211.667333
374.697351 -212.435023
374.056331 -213.202583
373.415311 -213.970144
372.774291 -214.737704
372.125723 -215.498873
371.474244 -216.257576
370.822764 -217.016279
370.175763 -217.778796
369.530501 -218.542794
368.885239 -219.306791
368.239977 -220.070789
367.594715 -220.834787
366.949453 -221.598785
366.304191 -222.362783
365.658929 -223.126781
365.013667 -223.890779
364.368405 -224.654777
363.723930 -225.419438
363.080309 -226.184819
362.436688 -226.950199
361.793066 -227.715580
361.149445 -228.480961
360.505824 -229.246342
359.862203 -230.011722
359.218581 -230.777103
358.574960 -231.542483
357.931339 -232.307864
357.287717 -233.073244
356.644096 -233.838625
356.001554 -234.604912
355.359281 -235.371424
354.717008 -236.137937
354.074736 -236.904451
353.432465 -237.670964
352.790192 -238.437477
352.147920 -239.203990
351.505647 -239.970503
350.863374 -240.737015
350.221101 -241.503528
349.578828 -242.270040
348.934726 -243.035016
348.290388 -243.799793
347.646050 -244.564571
347.001712 -245.329348
346.357373 -246.094125
345.713077 -246.858938
345.069984 -247.624762
344.426891 -248.390587
343.783798 -249.156412
343.145243 -249.926007
342.510162 -250.698488
341.875080 -251.470970
341.240000 -252.243452
340.604919 -253.015935
339.969839 -253.788417

[right] sid=60, seg=0, num=62
376.459392 -204.879539
376.308676 -205.863255
375.877348 -206.758641
375.239997 -207.529018
374.597560 -208.295393
373.948411 -209.056082
373.298036 -209.815732
372.647661 -210.575381
371.997285 -211.335031
371.356378 -212.102671
370.716837 -212.871464
370.077296 -213.640257
369.437590 -214.408913
368.793592 -215.173976
368.149594 -215.939040
367.505596 -216.704104
366.861598 -217.469167
366.217600 -218.234231
365.573602 -218.999295
364.929603 -219.764358
364.285605 -220.529422
363.641607 -221.294485
362.997609 -222.059549
362.353611 -222.824612
361.709149 -223.589285
361.064303 -224.353634
360.419456 -225.117983
359.774610 -225.882332
359.129764 -226.646681
358.484918 -227.411030
357.840072 -228.175379
357.195226 -228.939728
356.550380 -229.704077
355.905281 -230.468213
355.259855 -231.232072
354.614429 -231.995931
353.969003 -232.759791
353.323577 -233.523650
352.678151 -234.287509
352.032725 -235.051369
351.387299 -235.815228
350.741738 -236.578974
350.096119 -237.342670
349.450501 -238.106367
348.804883 -238.870065
348.159265 -239.633762
347.513647 -240.397459
346.868029 -241.161156
346.222410 -241.924853
345.576792 -242.688550
344.931174 -243.452247
344.285556 -244.215944
343.643544 -244.982674
343.001924 -245.749733
342.360304 -246.516792
341.718683 -247.283850
341.077062 -248.050909
340.435442 -248.817968
339.793821 -249.585027
339.152201 -250.352085
338.510581 -251.119145
337.868961 -251.886204

[right] sid=60, seg=1, num=3
389.989226 -190.132076
389.244847 -190.799163
388.362106 -191.262907

[right] sid=60, seg=2, num=4
382.856333 -197.840726
382.537318 -198.782791
381.968295 -199.594307
381.120518 -200.117064

[right] sid=60, seg=3, num=40
412.993650 -159.050916
413.241257 -160.019804
413.369593 -161.010416
413.280456 -161.997879
412.838710 -162.889147
412.272783 -163.711083
411.645718 -164.489893
411.010827 -165.262530
410.350310 -166.013331
409.689636 -166.764021
409.040389 -167.524635
408.391142 -168.285249
407.741896 -169.045863
407.092649 -169.806478
406.443402 -170.567092
405.794156 -171.327707
405.145641 -172.088933
404.512162 -172.862729
403.878683 -173.636525
403.245204 -174.410321
402.611726 -175.184117
401.978247 -175.957913
401.339508 -176.727358
400.698277 -177.494742
400.057045 -178.262126
399.415814 -179.029510
398.770655 -179.793589
398.124302 -180.556664
397.477950 -181.319740
396.831598 -182.082815
396.185246 -182.845891
395.538894 -183.608967
394.888432 -184.368539
394.237262 -185.127508
393.586092 -185.886476
392.937347 -186.647510
392.291432 -187.410956
391.645518 -188.174403
390.999603 -188.937849
390.353689 -189.701295

[right] sid=60, seg=4, num=8
421.172614 -152.789210
420.527921 -153.553688
419.883229 -154.318166
419.238536 -155.082644
418.593844 -155.847122
417.949151 -156.611600
417.304459 -157.376079
416.659766 -158.140557

[right] sid=60, seg=5, num=5
423.881574 -149.570703
423.237934 -150.336067
422.594293 -151.101431
421.950561 -151.866718
421.305868 -152.631196

[center] sid=61, seg=0, num=42
312.501451 -269.409383
311.708621 -268.799902
310.915791 -268.190421
310.122960 -267.580941
309.329974 -266.971661
308.536989 -266.362382
307.744004 -265.753103
306.951019 -265.143824
306.158033 -264.534544
305.365220 -263.925041
304.573283 -263.314400
303.781345 -262.703759
302.989535 -262.092954
302.197929 -261.481883
301.406324 -260.870812
300.614997 -260.259381
299.824091 -259.647405
299.033184 -259.035430
298.242278 -258.423454
297.451371 -257.811478
296.660465 -257.199503
295.869559 -256.587527
295.078652 -255.975551
294.287746 -255.363576
293.497567 -254.750662
292.708316 -254.136553
291.919065 -253.522444
291.129821 -252.908326
290.340593 -252.294188
289.551364 -251.680049
288.762044 -251.066030
287.972535 -250.452252
287.183026 -249.838474
286.393410 -249.224835
285.603593 -248.611454
284.813776 -247.998072
284.023802 -247.384893
283.233540 -246.772087
282.441306 -246.161831
281.648759 -245.551981
280.856212 -244.942132
280.063610 -244.332354

[left] sid=61, seg=0, num=42
311.596424 -270.579045
310.803562 -269.969606
310.010699 -269.360166
309.217837 -268.750727
308.424975 -268.141287
307.632113 -267.531848
306.839250 -266.922408
306.046388 -266.312969
305.253526 -265.703530
304.460663 -265.094090
303.667801 -264.484651
302.874939 -263.875212
302.082157 -263.265668
301.289503 -262.655957
300.496850 -262.046245
299.704197 -261.436534
298.911544 -260.826822
298.118891 -260.217111
297.326238 -259.607399
296.533585 -258.997688
295.740932 -258.387976
294.948279 -257.778265
294.155625 -257.168553
293.362972 -256.558842
292.571800 -255.947216
291.782549 -255.333107
290.993298 -254.718998
290.204097 -254.104824
289.415006 -253.490510
288.625914 -252.876196
287.836823 -252.261882
287.047731 -251.647568
286.258640 -251.033254
285.469548 -250.418939
284.680457 -249.804625
283.891366 -249.190310
283.102275 -248.575996
282.313184 -247.961681
281.520183 -247.352427
280.726566 -246.743971
279.932949 -246.135514
279.139331 -245.527058

[right] sid=61, seg=0, num=42
313.428240 -268.254510
312.635132 -267.645391
311.842024 -267.036272
311.048915 -266.427153
310.255807 -265.818033
309.462699 -265.208914
308.669590 -264.599795
307.876482 -263.990676
307.083374 -263.381557
306.290265 -262.772438
305.499170 -262.160708
304.708388 -261.548571
303.917606 -260.936435
303.126824 -260.324299
302.336042 -259.712162
301.546557 -259.098356
300.757404 -258.484121
299.968250 -257.869886
299.179097 -257.255651
298.389944 -256.641417
297.600791 -256.027182
296.811638 -255.412947
296.022485 -254.798712
295.233331 -254.184477
294.444178 -253.570243
293.655025 -252.956008
292.865715 -252.341974
292.076350 -251.728012
291.286985 -251.114049
290.497620 -250.500087
289.708255 -249.886125
288.918889 -249.272162
288.128651 -248.659325
287.338110 -248.046878
286.547568 -247.434431
285.757027 -246.821983
284.966250 -246.209840
284.174776 -245.598600
283.383301 -244.987359
282.591826 -244.376119
281.800352 -243.764878
281.008877 -243.153637

[center] sid=62, seg=0, num=42
314.344017 -267.088640
313.551539 -266.478702
312.759061 -265.868763
311.966582 -265.258824
311.174101 -264.648890
310.381620 -264.038955
309.589139 -263.429020
308.796864 -262.818817
308.004628 -262.208563
307.212393 -261.598309
306.421465 -260.986361
305.630759 -260.374127
304.840053 -259.761893
304.049388 -259.149605
303.258730 -258.537309
302.468712 -257.924188
301.678867 -257.310842
300.889023 -256.697496
300.099179 -256.084151
299.309334 -255.470805
298.519490 -254.857459
297.729697 -254.244048
296.939915 -253.630621
296.150133 -253.017195
295.360399 -252.403707
294.570675 -251.790206
293.780717 -251.177007
292.990672 -250.563920
292.200626 -249.950834
291.410010 -249.338483
290.619189 -248.726397
289.828369 -248.114310
289.037121 -247.502776
288.245714 -246.891448
287.454306 -246.280120
286.662900 -245.668792
285.871382 -245.057607
285.079508 -244.446884
284.287635 -243.836160
283.495768 -243.225427
282.703922 -242.614668
281.912076 -242.003909

[left] sid=62, seg=0, num=42
313.428240 -268.254510
312.635132 -267.645391
311.842024 -267.036272
311.048915 -266.427153
310.255807 -265.818033
309.462699 -265.208914
308.669590 -264.599795
307.876482 -263.990676
307.083374 -263.381557
306.290265 -262.772438
305.499170 -262.160708
304.708388 -261.548571
303.917606 -260.936435
303.126824 -260.324299
302.336042 -259.712162
301.546557 -259.098356
300.757404 -258.484121
299.968250 -257.869886
299.179097 -257.255651
298.389944 -256.641417
297.600791 -256.027182
296.811638 -255.412947
296.022485 -254.798712
295.233331 -254.184477
294.444178 -253.570243
293.655025 -252.956008
292.865715 -252.341974
292.076350 -251.728012
291.286985 -251.114049
290.497620 -250.500087
289.708255 -249.886125
288.918889 -249.272162
288.128651 -248.659325
287.338110 -248.046878
286.547568 -247.434431
285.757027 -246.821983
284.966250 -246.209840
284.174776 -245.598600
283.383301 -244.987359
282.591826 -244.376119
281.800352 -243.764878
281.008877 -243.153637

[right] sid=62, seg=0, num=42
315.259797 -265.922772
314.467944 -265.312022
313.676091 -264.701272
312.884238 -264.090522
312.092385 -263.479772
311.300531 -262.869022
310.508679 -262.258271
309.716826 -261.647521
308.925082 -261.036630
308.134410 -260.424352
307.343738 -259.812073
306.553066 -259.199795
305.762498 -258.587382
304.971964 -257.974926
304.181429 -257.362470
303.390895 -256.750014
302.600360 -256.137558
301.809826 -255.525102
301.019291 -254.912646
300.228757 -254.300190
299.438223 -253.687734
298.647688 -253.075278
297.857241 -252.462709
297.066947 -251.849943
296.276653 -251.237176
295.486360 -250.624410
294.696066 -250.011643
293.905772 -249.398876
293.114745 -248.787059
292.322474 -248.176851
291.530202 -247.566644
290.737931 -246.956437
289.945659 -246.346229
289.153388 -245.736022
288.361116 -245.125815
287.568844 -244.515607
286.776573 -243.905400
285.984301 -243.295193
285.192030 -242.684986
284.399758 -242.074778
283.607487 -241.464571
282.815215 -240.854363

[center] sid=63, seg=0, num=42
316.188304 -264.730550
315.395681 -264.120800
314.603058 -263.511049
313.810435 -262.901299
313.018872 -262.290173
312.227317 -261.679036
311.435835 -261.067805
310.644354 -260.456573
309.852923 -259.845276
309.062032 -259.233281
308.271140 -258.621286
307.480249 -258.009291
306.689410 -257.397229
305.898587 -256.785145
305.107764 -256.173062
304.316841 -255.561108
303.525888 -254.949193
302.734935 -254.337278
301.943927 -253.725433
301.152905 -253.113607
300.361883 -252.501780
299.570558 -251.890346
298.779196 -251.278960
297.987911 -250.667474
297.196626 -250.055987
296.405289 -249.444569
295.613860 -248.833269
294.822432 -248.221969
294.030825 -247.610900
293.238906 -247.000235
292.446987 -246.389571
291.655290 -245.778618
290.863953 -245.167200
290.072615 -244.555782
289.280941 -243.944799
288.488758 -243.334478
287.696574 -242.724157
286.904340 -242.113900
286.112033 -241.503739
285.319726 -240.893577
284.527514 -240.283293
283.735432 -239.672840

[left] sid=63, seg=0, num=42
315.259797 -265.922772
314.467944 -265.312022
313.676091 -264.701272
312.884238 -264.090522
312.092385 -263.479772
311.300531 -262.869022
310.508679 -262.258271
309.716826 -261.647521
308.925082 -261.036630
308.134410 -260.424352
307.343738 -259.812073
306.553066 -259.199795
305.762498 -258.587382
304.971964 -257.974926
304.181429 -257.362470
303.390895 -256.750014
302.600360 -256.137558
301.809826 -255.525102
301.019291 -254.912646
300.228757 -254.300190
299.438223 -253.687734
298.647688 -253.075278
297.857241 -252.462709
297.066947 -251.849943
296.276653 -251.237176
295.486360 -250.624410
294.696066 -250.011643
293.905772 -249.398876
293.114745 -248.787059
292.322474 -248.176851
291.530202 -247.566644
290.737931 -246.956437
289.945659 -246.346229
289.153388 -245.736022
288.361116 -245.125815
287.568844 -244.515607
286.776573 -243.905400
285.984301 -243.295193
285.192030 -242.684986
284.399758 -242.074778
283.607487 -241.464571
282.815215 -240.854363

[right] sid=63, seg=0, num=42
317.086614 -263.514814
316.293171 -262.906131
315.499728 -262.297447
314.706286 -261.688763
313.914938 -261.077360
313.123828 -260.465648
312.332717 -259.853936
311.541607 -259.242225
310.750496 -258.630513
309.959385 -258.018802
309.168275 -257.407090
308.377164 -256.795379
307.586053 -256.183667
306.794943 -255.571956
306.003833 -254.960244
305.212722 -254.348532
304.421264 -253.737271
303.629788 -253.126031
302.838313 -252.514791
302.046838 -251.903552
301.255363 -251.292312
300.463132 -250.682052
299.670858 -250.071848
298.878584 -249.461643
298.086311 -248.851439
297.294037 -248.241235
296.501763 -247.631030
295.708961 -247.021512
294.916139 -246.412020
294.123318 -245.802528
293.332828 -245.190015
292.542426 -244.577387
291.752025 -243.964760
290.961623 -243.352132
290.171121 -242.739635
289.378778 -242.129519
288.586436 -241.519404
287.794094 -240.909288
287.001752 -240.299173
286.209410 -239.689057
285.417067 -239.078942
284.625439 -238.467907

[center] sid=64, seg=0, num=42
318.031273 -262.317645
317.238822 -261.707672
316.446371 -261.097698
315.653920 -260.487724
314.862494 -259.876421
314.071205 -259.264940
313.279915 -258.653460
312.488626 -258.041979
311.697337 -257.430499
310.906048 -256.819018
310.114759 -256.207538
309.323470 -255.596057
308.532180 -254.984577
307.740891 -254.373097
306.949602 -253.761616
306.158313 -253.150135
305.366852 -252.538876
304.575381 -251.927632
303.783909 -251.316387
302.992438 -250.705143
302.200966 -250.093898
301.409123 -249.483135
300.617253 -248.872408
299.825382 -248.261681
299.033511 -247.650954
298.241640 -247.040227
297.449768 -246.429500
296.657637 -245.819111
295.865492 -245.208740
295.073347 -244.598369
294.282348 -243.986512
293.491413 -243.374574
292.700478 -242.762635
291.909543 -242.150697
291.118573 -241.538804
290.326667 -240.928121
289.534762 -240.317438
288.742857 -239.706756
287.950952 -239.096073
287.159047 -238.485390
286.367139 -237.874711
285.575474 -237.263718

[left] sid=64, seg=0, num=42
317.086614 -263.514814
316.293171 -262.906131
315.499728 -262.297447
314.706286 -261.688763
313.914938 -261.077360
313.123828 -260.465648
312.332717 -259.853936
311.541607 -259.242225
310.750496 -258.630513
309.959385 -258.018802
309.168275 -257.407090
308.377164 -256.795379
307.586053 -256.183667
306.794943 -255.571956
306.003833 -254.960244
305.212722 -254.348532
304.421264 -253.737271
303.629788 -253.126031
302.838313 -252.514791
302.046838 -251.903552
301.255363 -251.292312
300.463132 -250.682052
299.670858 -250.071848
298.878584 -249.461643
298.086311 -248.851439
297.294037 -248.241235
296.501763 -247.631030
295.708961 -247.021512
294.916139 -246.412020
294.123318 -245.802528
293.332828 -245.190015
292.542426 -244.577387
291.752025 -243.964760
290.961623 -243.352132
290.171121 -242.739635
289.378778 -242.129519
288.586436 -241.519404
287.794094 -240.909288
287.001752 -240.299173
286.209410 -239.689057
285.417067 -239.078942
284.625439 -238.467907

[right] sid=64, seg=0, num=42
318.975933 -261.120477
318.184466 -260.509228
317.392998 -259.897979
316.601530 -259.286729
315.810062 -258.675480
315.018594 -258.064231
314.227126 -257.452982
313.435659 -256.841732
312.644192 -256.230482
311.852724 -255.619233
311.061256 -255.007984
310.269788 -254.396734
309.478320 -253.785485
308.686852 -253.174236
307.895384 -252.562987
307.103917 -251.951738
306.312449 -251.340489
305.520981 -250.729239
304.729513 -250.117990
303.938046 -249.506740
303.146578 -248.895491
302.355111 -248.284241
301.563643 -247.672991
300.772175 -247.061742
299.980707 -246.450493
299.189239 -245.839244
298.397771 -245.227995
297.606303 -244.616746
296.814835 -244.005497
296.023367 -243.394247
295.231899 -242.782998
294.440431 -242.171749
293.648963 -241.560500
292.857495 -240.949251
292.066027 -240.338002
291.274559 -239.726753
290.483091 -239.115504
289.691623 -238.504254
288.900156 -237.893004
288.108688 -237.281754
287.317221 -236.670504
286.525537 -236.059534

[center] sid=65, seg=0, num=42
319.896738 -259.936627
319.105376 -259.325241
318.314014 -258.713855
317.522652 -258.102469
316.731289 -257.491084
315.939927 -256.879698
315.148564 -256.268312
314.357202 -255.656926
313.565840 -255.045540
312.774478 -254.434154
311.983115 -253.822769
311.191753 -253.211383
310.400391 -252.599997
309.609028 -251.988611
308.817666 -251.377226
308.026303 -250.765840
307.234941 -250.154454
306.443579 -249.543068
305.652216 -248.931682
304.860854 -248.320296
304.069492 -247.708910
303.278130 -247.097524
302.486768 -246.486138
301.695406 -245.874752
300.904043 -245.263366
300.112681 -244.651981
299.321318 -244.040595
298.529955 -243.429210
297.738593 -242.817824
296.947230 -242.206439
296.155867 -241.595053
295.364505 -240.983667
294.573142 -240.372282
293.781780 -239.760896
292.990417 -239.149511
292.199054 -238.538125
291.407692 -237.926739
290.616330 -237.315353
289.824967 -236.703967
289.033601 -236.092586
288.242235 -235.481205
287.450731 -234.870002

[left] sid=65, seg=0, num=42
318.975933 -261.120477
318.184466 -260.509228
317.392998 -259.897979
316.601530 -259.286729
315.810062 -258.675480
315.018594 -258.064231
314.227126 -257.452982
313.435659 -256.841732
312.644192 -256.230482
311.852724 -255.619233
311.061256 -255.007984
310.269788 -254.396734
309.478320 -253.785485
308.686852 -253.174236
307.895384 -252.562987
307.103917 -251.951738
306.312449 -251.340489
305.520981 -250.729239
304.729513 -250.117990
303.938046 -249.506740
303.146578 -248.895491
302.355111 -248.284241
301.563643 -247.672991
300.772175 -247.061742
299.980707 -246.450493
299.189239 -245.839244
298.397771 -245.227995
297.606303 -244.616746
296.814835 -244.005497
296.023367 -243.394247
295.231899 -242.782998
294.440431 -242.171749
293.648963 -241.560500
292.857495 -240.949251
292.066027 -240.338002
291.274559 -239.726753
290.483091 -239.115504
289.691623 -238.504254
288.900156 -237.893004
288.108688 -237.281754
287.317221 -236.670504
286.525537 -236.059534

[right] sid=65, seg=0, num=42
320.817544 -258.752778
320.026287 -258.141255
319.235030 -257.529733
318.443774 -256.918210
317.652517 -256.306688
316.861260 -255.695166
316.070003 -255.083644
315.278746 -254.472122
314.487489 -253.860600
313.696232 -253.249078
312.904975 -252.637556
312.113718 -252.026033
311.322461 -251.414511
310.531204 -250.802989
309.739947 -250.191467
308.948690 -249.579944
308.157433 -248.968422
307.366176 -248.356900
306.574920 -247.745377
305.783663 -247.133855
304.992406 -246.522332
304.201150 -245.910809
303.409893 -245.299287
302.618636 -244.687764
301.827379 -244.076242
301.036122 -243.464720
300.244865 -242.853198
299.453608 -242.241676
298.662351 -241.630154
297.871094 -241.018632
297.079837 -240.407110
296.288579 -239.795588
295.497322 -239.184066
294.706065 -238.572544
293.914808 -237.961022
293.123551 -237.349500
292.332294 -236.737977
291.541037 -236.126455
290.749780 -235.514932
289.958523 -234.903410
289.167267 -234.291887
288.375942 -233.680452

[center] sid=66, seg=0, num=41
321.890640 -257.327313
321.098319 -256.717170
320.305998 -256.107027
319.513710 -255.496841
318.722597 -254.885132
317.931485 -254.273423
317.141132 -253.660732
316.350833 -253.047974
315.560533 -252.435215
314.769393 -251.823542
313.978206 -251.211929
313.187019 -250.600316
312.395562 -249.989053
311.604085 -249.377815
310.812608 -248.766578
310.020437 -248.156241
309.228220 -247.545962
308.436004 -246.935683
307.643788 -246.325404
306.851572 -245.715125
306.059356 -245.104846
305.267139 -244.494567
304.474923 -243.884288
303.682707 -243.274009
302.890491 -242.663730
302.098274 -242.053452
301.306058 -241.443173
300.513841 -240.832894
299.721625 -240.222615
298.929408 -239.612337
298.137192 -239.002058
297.344975 -238.391779
296.552759 -237.781500
295.760543 -237.171222
294.968326 -236.560943
294.176110 -235.950664
293.383893 -235.340385
292.591677 -234.730106
291.799461 -234.119826
291.007366 -233.509391
290.215275 -232.898948

[left] sid=66, seg=0, num=42
320.817544 -258.752778
320.026287 -258.141255
319.235030 -257.529733
318.443774 -256.918210
317.652517 -256.306688
316.861260 -255.695166
316.070003 -255.083644
315.278746 -254.472122
314.487489 -253.860600
313.696232 -253.249078
312.904975 -252.637556
312.113718 -252.026033
311.322461 -251.414511
310.531204 -250.802989
309.739947 -250.191467
308.948690 -249.579944
308.157433 -248.968422
307.366176 -248.356900
306.574920 -247.745377
305.783663 -247.133855
304.992406 -246.522332
304.201150 -245.910809
303.409893 -245.299287
302.618636 -244.687764
301.827379 -244.076242
301.036122 -243.464720
300.244865 -242.853198
299.453608 -242.241676
298.662351 -241.630154
297.871094 -241.018632
297.079837 -240.407110
296.288579 -239.795588
295.497322 -239.184066
294.706065 -238.572544
293.914808 -237.961022
293.123551 -237.349500
292.332294 -236.737977
291.541037 -236.126455
290.749780 -235.514932
289.958523 -234.903410
289.167267 -234.291887
288.375942 -233.680452

[right] sid=66, seg=0, num=41
322.963734 -255.901849
322.170340 -255.293102
321.376946 -254.684354
320.583552 -254.075607
319.791014 -253.465752
319.001674 -252.851758
318.212334 -252.237764
317.422993 -251.623770
316.633653 -251.009776
315.843670 -250.396611
315.052021 -249.785596
314.260372 -249.174581
313.468723 -248.563567
312.677074 -247.952553
311.885351 -247.341634
311.092177 -246.732600
310.299003 -246.123566
309.505830 -245.514533
308.712656 -244.905499
307.919482 -244.296465
307.126308 -243.687431
306.333135 -243.078397
305.539961 -242.469363
304.746787 -241.860329
303.953613 -241.251295
303.160439 -240.642261
302.367266 -240.033227
301.574092 -239.424193
300.780918 -238.815159
299.987745 -238.206125
299.194571 -237.597091
298.401397 -236.988057
297.608223 -236.379023
296.815049 -235.769989
296.021876 -235.160955
295.228702 -234.551921
294.435528 -233.942887
293.642355 -233.333853
292.849181 -232.724818
292.056007 -232.115785
291.262833 -231.506751

[center] sid=67, seg=0, num=20
279.872610 -244.185416
279.076637 -243.580046
278.280663 -242.974675
277.484684 -242.369313
276.688493 -241.764228
275.892633 -241.158709
275.096770 -240.553193
274.300797 -239.947822
273.504824 -239.342451
272.708850 -238.737080
271.912877 -238.131710
271.116903 -237.526339
270.320930 -236.920968
269.524957 -236.315598
268.728983 -235.710227
267.933010 -235.104856
267.137037 -234.499485
266.341063 -233.894115
265.545090 -233.288744
264.749116 -232.683374

[left] sid=67, seg=0, num=20
278.846806 -245.475943
278.055289 -244.864758
277.263771 -244.253573
276.472253 -243.642388
275.680736 -243.031203
274.889218 -242.420018
274.097700 -241.808833
273.306183 -241.197648
272.514665 -240.586463
271.723147 -239.975278
270.931629 -239.364094
270.140112 -238.752909
269.348594 -238.141724
268.557076 -237.530539
267.765559 -236.919353
266.974041 -236.308168
266.182523 -235.696983
265.391006 -235.085799
264.599488 -234.474614
263.807970 -233.863429

[right] sid=67, seg=0, num=16
277.309129 -240.303576
276.516836 -239.693396
275.724543 -239.083217
274.932250 -238.473038
274.139956 -237.862859
273.347663 -237.252679
272.555370 -236.642500
271.763077 -236.032321
270.971505 -235.421209
270.181838 -234.807634
269.392172 -234.194060
268.602505 -233.580485
267.812838 -232.966910
267.023172 -232.353335
266.235333 -231.737433
265.452085 -231.115685

[center] sid=68, seg=0, num=20
281.740946 -241.871929
280.949180 -241.261066
280.157414 -240.650202
279.365648 -240.039339
278.573904 -239.428447
277.782165 -238.817548
276.990427 -238.206650
276.198689 -237.595751
275.406950 -236.984852
274.615212 -236.373952
273.823473 -235.763053
273.031735 -235.152154
272.239997 -234.541255
271.449321 -233.928982
270.658896 -233.316385
269.868471 -232.703788
269.078045 -232.091190
268.287620 -231.478593
267.497195 -230.865996
266.709693 -230.249649

[left] sid=68, seg=0, num=16
277.309129 -240.303576
276.516836 -239.693396
275.724543 -239.083217
274.932250 -238.473038
274.139956 -237.862859
273.347663 -237.252679
272.555370 -236.642500
271.763077 -236.032321
270.971505 -235.421209
270.181838 -234.807634
269.392172 -234.194060
268.602505 -233.580485
267.812838 -232.966910
267.023172 -232.353335
266.235333 -231.737433
265.452085 -231.115685

[right] sid=68, seg=0, num=20
282.656519 -240.731812
281.865203 -240.120365
281.073888 -239.508919
280.282572 -238.897472
279.491357 -238.285895
278.700175 -237.674277
277.908992 -237.062658
277.117809 -236.451040
276.326626 -235.839422
275.535443 -235.227803
274.744261 -234.616185
273.953078 -234.004566
273.161895 -233.392948
272.370712 -232.781329
271.579530 -232.169711
270.788347 -231.558092
269.997164 -230.946474
269.205981 -230.334856
268.414798 -229.723237
267.623616 -229.111618

[center] sid=69, seg=0, num=20
283.594740 -239.563605
282.805599 -238.949354
282.016458 -238.335103
281.227318 -237.720852
280.436482 -237.108787
279.645048 -236.497494
278.853613 -235.886202
278.061851 -235.275333
277.269964 -234.664626
276.478078 -234.053920
275.687539 -233.441471
274.897449 -232.828440
274.107360 -232.215410
273.316997 -231.602733
272.526543 -230.990173
271.736089 -230.377612
270.943879 -229.767328
270.151122 -229.157751
269.358364 -228.548175
268.564322 -227.940275

[left] sid=69, seg=0, num=20
282.656519 -240.731812
281.865203 -240.120365
281.073888 -239.508919
280.282572 -238.897472
279.491357 -238.285895
278.700175 -237.674277
277.908992 -237.062658
277.117809 -236.451040
276.326626 -235.839422
275.535443 -235.227803
274.744261 -234.616185
273.953078 -234.004566
273.161895 -233.392948
272.370712 -232.781329
271.579530 -232.169711
270.788347 -231.558092
269.997164 -230.946474
269.205981 -230.334856
268.414798 -229.723237
267.623616 -229.111618

[right] sid=69, seg=0, num=15
280.893444 -235.541900
280.099239 -234.934257
279.302178 -234.330318
278.505118 -233.726379
277.715261 -233.113083
276.927547 -232.497003
276.139833 -231.880924
275.349893 -231.267703
274.559682 -230.654830
273.769471 -230.041956
272.980115 -229.427982
272.190857 -228.813881
271.401599 -228.199781
270.603662 -227.597023
269.804634 -226.995689

[center] sid=70, seg=0, num=19
285.493281 -237.199768
284.703889 -236.585841
283.914496 -235.971914
283.125103 -235.357987
282.335711 -234.744060
281.546029 -234.130507
280.752195 -233.522334
279.958361 -232.914160
279.165085 -232.305264
278.375934 -231.691027
277.586782 -231.076790
276.797331 -230.462939
276.006933 -229.850306
275.216535 -229.237674
274.426390 -228.624716
273.637021 -228.010759
272.847651 -227.396802
272.057462 -226.783905
271.264730 -226.174296

[left] sid=70, seg=0, num=15
280.893444 -235.541900
280.099239 -234.934257
279.302178 -234.330318
278.505118 -233.726379
277.715261 -233.113083
276.927547 -232.497003
276.139833 -231.880924
275.349893 -231.267703
274.559682 -230.654830
273.769471 -230.041956
272.980115 -229.427982
272.190857 -228.813881
271.401599 -228.199781
270.603662 -227.597023
269.804634 -226.995689

[right] sid=70, seg=0, num=19
286.453605 -236.004138
285.661296 -235.393979
284.868987 -234.783821
284.076678 -234.173662
283.285400 -233.562168
282.494815 -232.949777
281.704230 -232.337386
280.913645 -231.724995
280.123060 -231.112604
279.332475 -230.500213
278.541890 -229.887822
277.751305 -229.275431
276.960720 -228.663040
276.170136 -228.050649
275.379551 -227.438258
274.588966 -226.825867
273.799835 -226.211606
273.011639 -225.596144
272.223442 -224.980681

[center] sid=71, seg=0, num=19
287.397468 -234.828929
286.605600 -234.218198
285.813732 -233.607467
285.021864 -232.996737
284.230468 -232.385394
283.439438 -231.773578
282.648408 -231.161762
281.857378 -230.549946
281.066348 -229.938130
280.275318 -229.326314
279.484481 -228.714249
278.693782 -228.102005
277.903083 -227.489761
277.112529 -226.877330
276.322079 -226.264765
275.531629 -225.652201
274.741913 -225.038689
273.952724 -224.424501
273.163534 -223.810313

[left] sid=71, seg=0, num=19
286.453605 -236.004138
285.661296 -235.393979
284.868987 -234.783821
284.076678 -234.173662
283.285400 -233.562168
282.494815 -232.949777
281.704230 -232.337386
280.913645 -231.724995
280.123060 -231.112604
279.332475 -230.500213
278.541890 -229.887822
277.751305 -229.275431
276.960720 -228.663040
276.170136 -228.050649
275.379551 -227.438258
274.588966 -226.825867
273.799835 -226.211606
273.011639 -225.596144
272.223442 -224.980681

[right] sid=71, seg=0, num=15
284.812032 -230.927841
284.020557 -230.316601
283.229083 -229.705360
282.437608 -229.094119
281.646133 -228.482878
280.854659 -227.871638
280.063184 -227.260397
279.272554 -226.648065
278.482239 -226.035326
277.691923 -225.422588
276.901607 -224.809850
276.111291 -224.197111
275.320976 -223.584373
274.530833 -222.971412
273.740754 -222.358368

[center] sid=72, seg=0, num=19
289.432850 -232.294669
288.642404 -231.682099
287.851957 -231.069530
287.061510 -230.456960
286.271410 -229.843944
285.481295 -229.230947
284.690675 -228.618601
283.900056 -228.006255
283.109291 -227.394097
282.318035 -226.782573
281.526779 -226.171050
280.735500 -225.559555
279.944148 -224.948156
279.152796 -224.336757
278.361438 -223.725364
277.570065 -223.113993
276.778691 -222.502621
275.986734 -221.892009
275.192864 -221.283882

[left] sid=72, seg=0, num=15
284.812032 -230.927841
284.020557 -230.316601
283.229083 -229.705360
282.437608 -229.094119
281.646133 -228.482878
280.854659 -227.871638
280.063184 -227.260397
279.272554 -226.648065
278.482239 -226.035326
277.691923 -225.422588
276.901607 -224.809850
276.111291 -224.197111
275.320976 -223.584373
274.530833 -222.971412
273.740754 -222.358368

[right] sid=72, seg=0, num=19
290.524370 -230.935618
289.734894 -230.321798
288.945418 -229.707979
288.155941 -229.094159
287.367195 -228.479402
286.578735 -227.864278
285.790275 -227.249153
284.999965 -226.636412
284.208927 -226.024605
283.417890 -225.412798
282.626853 -224.800991
281.835666 -224.189380
281.043237 -223.579377
280.250808 -222.969373
279.458379 -222.359370
278.665950 -221.749367
277.873522 -221.139364
277.081093 -220.529361
276.288664 -219.919358

[center] sid=73, seg=0, num=22
279.872610 -244.185417
279.076637 -243.580046
278.280663 -242.974675
277.484684 -242.369313
276.652153 -241.818788
275.726929 -241.445065
274.745124 -241.266082
273.747577 -241.295992
272.776064 -241.523880
271.871667 -241.945722
271.073851 -242.545177
270.411365 -243.291500
269.917691 -244.158788
269.611401 -245.108498
269.500314 -246.100319
269.599327 -247.093404
269.896497 -248.045978
270.377490 -248.920562
271.032778 -249.673451
271.806026 -250.306614
272.594387 -250.921863
273.383879 -251.535663

[center] sid=74, seg=0, num=22
164.379732 -115.301803
163.735047 -116.066289
163.090362 -116.830775
162.445624 -117.595215
161.794183 -118.353953
161.142743 -119.112690
160.491302 -119.871428
159.839861 -120.630165
159.110914 -121.313434
158.291366 -121.883645
157.393538 -122.322508
156.447464 -122.644695
155.483061 -122.899548
154.487931 -122.977458
153.492206 -122.888910
152.514775 -122.677546
151.606842 -122.258534
150.733693 -121.773652
149.876683 -121.258306
149.028559 -120.728517
148.182195 -120.195868
147.335830 -119.663219

[left] sid=74, seg=0, num=4
165.386376 -116.123504
164.747039 -116.892467
164.107701 -117.661431
163.468364 -118.430395

[right] sid=74, seg=0, num=4
163.319205 -114.436119
162.670749 -115.197409
162.022294 -115.958700
161.373839 -116.719990

[right] sid=74, seg=1, num=7
153.605174 -120.675118
152.606916 -120.734258
151.608858 -120.746960
150.616630 -120.631182
149.640675 -120.413101
148.679465 -120.139429
147.735731 -119.814854

[center] sid=75, seg=0, num=28
159.470833 -147.221031
158.681096 -146.607546
157.891354 -145.994068
157.101612 -145.380589
156.311869 -144.767111
155.522127 -144.153633
154.732384 -143.540156
153.942641 -142.926678
153.152899 -142.313199
152.363157 -141.699721
151.573415 -141.086243
150.783672 -140.472765
149.993930 -139.859287
149.204187 -139.245809
148.414444 -138.632332
147.624701 -138.018854
146.835039 -137.405273
146.045523 -136.791503
145.256008 -136.177733
144.466534 -135.563909
143.677190 -134.949919
142.887845 -134.335929
142.098480 -133.721965
141.308992 -133.108160
140.519504 -132.494355
139.729995 -131.880575
138.940365 -131.266953
138.150735 -130.653330

[left] sid=75, seg=0, num=28
158.541679 -148.385576
157.751599 -147.772533
156.961522 -147.159486
156.171445 -146.546439
155.381368 -145.933392
154.591289 -145.320347
153.801210 -144.707303
153.011132 -144.094257
152.221054 -143.481211
151.430976 -142.868165
150.640898 -142.255119
149.850820 -141.642073
149.060742 -141.029027
148.270664 -140.415982
147.480586 -139.802936
146.690507 -139.189891
145.900321 -138.576985
145.109954 -137.964312
144.319587 -137.351639
143.529217 -136.738969
142.738830 -136.126322
141.948443 -135.513674
141.158056 -134.901026
140.367668 -134.288380
139.577281 -133.675733
138.786893 -133.063087
137.996506 -132.450439
137.206119 -131.837792

[right] sid=75, seg=0, num=28
160.399985 -146.056485
159.610578 -145.442575
158.821171 -144.828665
158.031765 -144.214755
157.242358 -143.600845
156.452951 -142.986935
155.663545 -142.373025
154.874138 -141.759115
154.084732 -141.145204
153.295326 -140.531293
152.505920 -139.917383
151.716513 -139.303473
150.927105 -138.689564
150.137698 -138.075654
149.348291 -137.461744
148.558885 -136.847835
147.769478 -136.233925
146.980838 -135.619030
146.192317 -135.003982
145.403796 -134.388935
144.615486 -133.773618
143.827208 -133.158259
143.038930 -132.542900
142.250651 -131.927543
141.461949 -131.312727
140.673094 -130.698108
139.884239 -130.083489
139.095384 -129.468871

[center] sid=76, seg=0, num=28
161.343213 -144.874365
160.553772 -144.260500
159.764330 -143.646635
158.974889 -143.032770
158.185447 -142.418904
157.396006 -141.805039
156.606565 -141.191173
155.817123 -140.577308
155.027682 -139.963442
154.238241 -139.349576
153.448800 -138.735710
152.659262 -138.121969
151.869705 -137.508252
151.080148 -136.894536
150.290559 -136.280860
149.500965 -135.667191
148.711371 -135.053523
147.922053 -134.439498
147.132786 -133.825408
146.343519 -133.211319
145.554322 -132.597139
144.765139 -131.982942
143.975955 -131.368746
143.186770 -130.754550
142.397381 -130.140617
141.607910 -129.526790
140.818439 -128.912963
140.028981 -128.299118

[left] sid=76, seg=0, num=28
160.399985 -146.056485
159.610578 -145.442575
158.821171 -144.828665
158.031765 -144.214755
157.242358 -143.600845
156.452951 -142.986935
155.663545 -142.373025
154.874138 -141.759115
154.084732 -141.145204
153.295326 -140.531293
152.505920 -139.917383
151.716513 -139.303473
150.927105 -138.689564
150.137698 -138.075654
149.348291 -137.461744
148.558885 -136.847835
147.769478 -136.233925
146.980838 -135.619030
146.192317 -135.003982
145.403796 -134.388935
144.615486 -133.773618
143.827208 -133.158259
143.038930 -132.542900
142.250651 -131.927543
141.461949 -131.312727
140.673094 -130.698108
139.884239 -130.083489
139.095384 -129.468871

[right] sid=76, seg=0, num=28
162.286442 -143.692244
161.496966 -143.078423
160.707490 -142.464603
159.918014 -141.850782
159.128538 -141.236962
158.339061 -140.623142
157.549585 -140.009321
156.760109 -139.395500
155.970633 -138.781679
155.181158 -138.167858
154.391682 -137.554037
153.602180 -136.940249
152.812398 -136.326821
152.022617 -135.713393
151.232835 -135.099966
150.443053 -134.486539
149.653271 -133.873112
148.863461 -133.259721
148.073375 -132.646686
147.283289 -132.033650
146.493202 -131.420615
145.703114 -130.807583
144.913025 -130.194550
144.122937 -129.581518
143.332850 -128.968483
142.542763 -128.355449
141.752676 -127.742414
140.962588 -127.129381

[center] sid=77, seg=0, num=28
163.224743 -142.516209
162.435097 -141.902608
161.645451 -141.289006
160.855805 -140.675403
160.066160 -140.061800
159.276506 -139.448208
158.486720 -138.834785
157.696935 -138.221363
156.907147 -137.607944
156.117332 -136.994559
155.327516 -136.381175
154.537692 -135.767803
153.747724 -135.154615
152.957757 -134.541426
152.167789 -133.928238
151.377821 -133.315050
150.587853 -132.701863
149.797942 -132.088602
149.008753 -131.474412
148.219564 -130.860222
147.430377 -130.246030
146.641211 -129.631811
145.852044 -129.017592
145.062878 -128.403373
144.273712 -127.789153
143.484546 -127.174933
142.695379 -126.560716
141.906195 -125.946520

[left] sid=77, seg=0, num=28
162.286442 -143.692244
161.496966 -143.078423
160.707490 -142.464603
159.918014 -141.850782
159.128538 -141.236962
158.339061 -140.623142
157.549585 -140.009321
156.760109 -139.395500
155.970633 -138.781679
155.181158 -138.167858
154.391682 -137.554037
153.602180 -136.940249
152.812398 -136.326821
152.022617 -135.713393
151.232835 -135.099966
150.443053 -134.486539
149.653271 -133.873112
148.863461 -133.259721
148.073375 -132.646686
147.283289 -132.033650
146.493202 -131.420615
145.703114 -130.807583
144.913025 -130.194550
144.122937 -129.581518
143.332850 -128.968483
142.542763 -128.355449
141.752676 -127.742414
140.962588 -127.129381

[right] sid=77, seg=0, num=28
164.163048 -141.340177
163.373235 -140.726790
162.583422 -140.113403
161.793608 -139.500017
161.003794 -138.886631
160.213979 -138.273246
159.423987 -137.660090
158.633833 -137.047142
157.843679 -136.434195
157.053525 -135.821247
156.263371 -135.208299
155.473216 -134.595352
154.683063 -133.982403
153.892910 -133.369454
153.102756 -132.756506
152.312603 -132.143557
151.522449 -131.530608
150.732296 -130.917660
149.944020 -130.302299
149.155777 -129.686895
148.367534 -129.071492
147.579292 -128.456087
146.791049 -127.840683
146.002807 -127.225279
145.214564 -126.609875
144.426321 -125.994471
143.638078 -125.379068
142.849836 -124.763663

[center] sid=78, seg=0, num=28
165.104566 -140.160165
164.314119 -139.547595
163.523672 -138.935026
162.733227 -138.322453
161.942785 -137.709876
161.152343 -137.097300
160.361817 -136.484833
159.571205 -135.872475
158.780593 -135.260118
157.989981 -134.647761
157.199370 -134.035403
156.408758 -133.423046
155.618427 -132.810327
154.828360 -132.197267
154.038292 -131.584207
153.249151 -130.969957
152.460820 -130.354667
151.672490 -129.739376
150.885012 -129.122994
150.097559 -128.506579
149.310107 -127.890164
148.521849 -127.274779
147.733574 -126.659417
146.945300 -126.044054
146.156782 -125.429002
145.368256 -124.813962
144.579730 -124.198921
143.790858 -123.584323

[left] sid=78, seg=0, num=28
164.163048 -141.340177
163.373235 -140.726790
162.583422 -140.113403
161.793608 -139.500017
161.003794 -138.886631
160.213979 -138.273246
159.423987 -137.660090
158.633833 -137.047142
157.843679 -136.434195
157.053525 -135.821247
156.263371 -135.208299
155.473216 -134.595352
154.683063 -133.982403
153.892910 -133.369454
153.102756 -132.756506
152.312603 -132.143557
151.522449 -131.530608
150.732296 -130.917660
149.944020 -130.302299
149.155777 -129.686895
148.367534 -129.071492
147.579292 -128.456087
146.791049 -127.840683
146.002807 -127.225279
145.214564 -126.609875
144.426321 -125.994471
143.638078 -125.379068
142.849836 -124.763663

[right] sid=78, seg=0, num=28
166.046085 -138.980152
165.255014 -138.368388
164.463944 -137.756622
163.672877 -137.144854
162.881809 -136.533086
162.090741 -135.921319
161.299672 -135.309552
160.508603 -134.697786
159.717534 -134.086019
158.926465 -133.474253
158.135397 -132.862486
157.344328 -132.250718
156.553260 -131.638951
155.762192 -131.027183
154.972182 -130.414058
154.185681 -129.796430
153.399179 -129.178802
152.612678 -128.561175
151.826176 -127.943547
151.039675 -127.325919
150.252756 -126.708824
149.464449 -126.093503
148.676142 -125.478181
147.887835 -124.862860
147.099527 -124.247539
146.311014 -123.632483
145.521466 -123.018754
144.731918 -122.405026

[center] sid=79, seg=0, num=44
166.926517 -121.540844
167.571815 -120.776876
168.217172 -120.012957
168.862529 -119.249038
169.507885 -118.485119
170.153242 -117.721200
170.798599 -116.957281
171.444001 -116.193400
172.089565 -115.429657
172.735130 -114.665914
173.380680 -113.902158
174.026175 -113.138356
174.671670 -112.374554
175.317162 -111.610749
175.962644 -110.846936
176.608127 -110.083124
177.253609 -109.319311
177.899091 -108.555498
178.544574 -107.791685
179.190056 -107.027872
179.835538 -106.264059
180.481021 -105.500246
181.126604 -104.736519
181.772531 -103.973082
182.418457 -103.209644
183.064406 -102.446226
183.710431 -101.682873
184.356456 -100.919519
185.002481 -100.156165
185.648506 -99.392811
186.294530 -98.629456
186.940555 -97.866102
187.586580 -97.102748
188.232605 -96.339394
188.878629 -95.576040
189.524654 -94.812686
190.170678 -94.049332
190.816703 -93.285977
191.462728 -92.522623
192.108752 -91.759269
192.754777 -90.995915
193.400801 -90.232561
194.046825 -89.469206
194.693404 -88.706322

[left] sid=79, seg=0, num=44
165.882923 -120.638735
166.528656 -119.875134
167.174389 -119.111532
167.820121 -118.347931
168.465852 -117.584328
169.111583 -116.820726
169.757315 -116.057123
170.403143 -115.293603
171.049291 -114.530353
171.695439 -113.767103
172.341587 -113.003854
172.987735 -112.240604
173.633883 -111.477354
174.280031 -110.714104
174.926179 -109.950855
175.572327 -109.187605
176.218475 -108.424355
176.864623 -107.661105
177.510771 -106.897855
178.156918 -106.134605
178.803066 -105.371355
179.449214 -104.608105
180.095362 -103.844855
180.741509 -103.081605
181.387657 -102.318354
182.033804 -101.555104
182.679952 -100.791854
183.326101 -100.028605
183.972249 -99.265355
184.618396 -98.502105
185.264543 -97.738855
185.910691 -96.975604
186.556839 -96.212355
187.202987 -95.449105
187.849135 -94.685855
188.495283 -93.922605
189.141431 -93.159356
189.787579 -92.396106
190.433726 -91.632856
191.079874 -90.869606
191.726021 -90.106356
192.372169 -89.343105
193.018316 -88.579855
193.665541 -87.817522

[right] sid=79, seg=0, num=6
167.936281 -122.482825
168.581262 -121.718589
169.226244 -120.954353
169.871225 -120.190117
170.516206 -119.425881
171.161188 -118.661645

[right] sid=79, seg=1, num=38
171.323075 -118.469825
171.968057 -117.705589
172.613039 -116.941353
173.258020 -116.177117
173.903002 -115.412882
174.547983 -114.648646
175.192809 -113.884279
175.837626 -113.119904
176.482442 -112.355528
177.127258 -111.591153
177.772074 -110.826778
178.416891 -110.062403
179.061707 -109.298028
179.706524 -108.533653
180.351340 -107.769277
180.996156 -107.004902
181.640972 -106.240527
182.285789 -105.476152
182.931547 -104.712572
183.577449 -103.949114
184.223350 -103.185656
184.869252 -102.422198
185.515154 -101.658740
186.161055 -100.895281
186.806957 -100.131823
187.452859 -99.368365
188.098760 -98.604907
188.744662 -97.841448
189.390563 -97.077990
190.036465 -96.314532
190.682367 -95.551074
191.328268 -94.787615
191.974170 -94.024157
192.620072 -93.260699
193.265974 -92.497241
193.911876 -91.733784
194.557777 -90.970325
195.203678 -90.206866

[center] sid=80, seg=0, num=28
167.174773 -137.567249
166.383583 -136.955639
165.592393 -136.344029
164.801203 -135.732419
164.010013 -135.120810
163.218823 -134.509200
162.427632 -133.897590
161.636442 -133.285980
160.845252 -132.674371
160.054062 -132.062761
159.262872 -131.451151
158.471682 -130.839541
157.680492 -130.227931
156.889301 -129.616322
156.098111 -129.004712
155.306921 -128.393102
154.515731 -127.781492
153.724541 -127.169883
152.933351 -126.558273
152.142161 -125.946663
151.350970 -125.335053
150.559780 -124.723443
149.768590 -124.111834
148.977400 -123.500224
148.186209 -122.888614
147.395019 -122.277004
146.603830 -121.665394
145.812640 -121.053784

[left] sid=80, seg=0, num=28
166.046085 -138.980152
165.255014 -138.368388
164.463944 -137.756622
163.672877 -137.144854
162.881809 -136.533086
162.090741 -135.921319
161.299672 -135.309552
160.508603 -134.697786
159.717534 -134.086019
158.926465 -133.474253
158.135397 -132.862486
157.344328 -132.250718
156.553260 -131.638951
155.762192 -131.027183
154.972182 -130.414058
154.185681 -129.796430
153.399179 -129.178802
152.612678 -128.561175
151.826176 -127.943547
151.039675 -127.325919
150.252756 -126.708824
149.464449 -126.093503
148.676142 -125.478181
147.887835 -124.862860
147.099527 -124.247539
146.311014 -123.632483
145.521466 -123.018754
144.731918 -122.405026

[center] sid=81, seg=0, num=21
441.502265 -369.666364
442.294191 -370.277019
443.086117 -370.887673
443.878192 -371.498126
444.729356 -372.019068
445.669381 -372.353978
446.660069 -372.473386
447.654027 -372.385319
448.604531 -372.081898
449.470849 -371.586794
450.208837 -370.915407
450.789091 -370.103682
451.180638 -369.186077
451.368699 -368.206178
451.342783 -367.208878
451.104324 -366.240010
450.665710 -365.343955
450.044382 -364.563227
449.287719 -363.911272
448.498845 -363.296680
447.709971 -362.682087

[center] sid=82, seg=0, num=84
209.617946 153.283470
210.466133 152.753729
211.314321 152.223989
212.162508 151.694248
213.012824 151.167940
213.864176 150.643300
214.715528 150.118659
215.567324 149.594741
216.419338 149.071178
217.271352 148.547614
218.123366 148.024050
218.975379 147.500486
219.827393 146.976922
220.679557 146.453602
221.531786 145.930389
222.384016 145.407177
223.236246 144.883965
224.088476 144.360753
224.940759 143.837627
225.793160 143.314694
226.645561 142.791762
227.497963 142.268829
228.350364 141.745896
229.202765 141.222963
230.055166 140.700030
230.907567 140.177097
231.759969 139.654164
232.612603 139.131612
233.465760 138.609914
234.318917 138.088215
235.172186 137.566699
236.025713 137.045605
236.879240 136.524512
237.732767 136.003418
238.586294 135.482325
239.439821 134.961231
240.293348 134.440138
241.146874 133.919044
242.000401 133.397951
242.853928 132.876857
243.707455 132.355764
244.560982 131.834670
245.414499 131.313561
246.267994 130.792415
247.121489 130.271269
247.974977 129.750113
248.828452 129.228935
249.681927 128.707756
250.535376 128.186536
251.388768 127.665220
252.242159 127.143905
253.095543 126.622578
253.948911 126.101224
254.802279 125.579870
255.655647 125.058517
256.509015 124.537163
257.362372 124.015793
258.215730 123.494422
259.069087 122.973051
259.922247 122.451357
260.775403 121.929657
261.628560 121.407958
262.481627 120.886113
263.334693 120.364265
264.187758 119.842417
265.040802 119.320533
265.893846 118.798649
266.746889 118.276764
267.599917 117.754854
268.452944 117.232944
269.305971 116.711033
270.158998 116.189122
271.012025 115.667211
271.865052 115.145300
272.718080 114.623390
273.571108 114.101480
274.424136 113.579570
275.277253 113.057808
276.130373 112.536048
276.983492 112.014288
277.837606 111.494157
278.691742 110.974062
279.545877 110.453967
280.400018 109.933881

[left] sid=82, seg=0, num=83
210.750808 154.424146
211.599428 153.895098
212.448047 153.366049
213.296758 152.837150
214.148693 152.313457
215.000628 151.789764
215.852562 151.266072
216.704497 150.742379
217.556432 150.218686
218.408366 149.694993
219.260301 149.171300
220.112235 148.647607
220.964195 148.123955
221.816561 147.600965
222.668928 147.077976
223.521294 146.554986
224.373661 146.031996
225.226027 145.509007
226.078625 144.986395
226.931334 144.463964
227.784044 143.941534
228.636753 143.419103
229.489462 142.896672
230.342171 142.374242
231.194880 141.851811
232.047589 141.329380
232.900298 140.806949
233.753006 140.284518
234.605715 139.762087
235.458424 139.239655
236.311133 138.717225
237.163842 138.194794
238.016551 137.672363
238.869260 137.149932
239.721969 136.627502
240.574678 136.105071
241.427387 135.582640
242.280096 135.060209
243.132805 134.537778
243.985514 134.015347
244.838223 133.492916
245.690931 132.970485
246.543640 132.448054
247.396349 131.925623
248.249058 131.403192
249.101767 130.880761
249.954476 130.358331
250.807185 129.835900
251.659790 129.313300
252.512345 128.790618
253.364900 128.267936
254.217424 127.745203
255.069932 127.222445
255.922440 126.699687
256.774948 126.176928
257.627449 125.654158
258.479936 125.131365
259.332423 124.608573
260.184911 124.085781
261.037399 123.562990
261.889887 123.040198
262.742374 122.517406
263.594862 121.994614
264.447349 121.471822
265.299836 120.949030
266.152324 120.426238
267.004811 119.903445
267.857298 119.380653
268.709786 118.857862
269.562274 118.335070
270.414761 117.812278
271.267249 117.289486
272.119736 116.766694
272.972223 116.243902
273.824711 115.721111
274.677199 115.198319
275.529686 114.675527
276.382174 114.152735
277.234661 113.629944
278.087791 113.108204
278.942103 112.588398
279.796414 112.068592
280.650725 111.548786

[right] sid=82, seg=0, num=84
208.465300 152.134411
209.316116 151.608903
210.166932 151.083396
211.017669 150.557760
211.866138 150.028471
212.715344 149.500371
213.567437 148.976936
214.419530 148.453501
215.271623 147.930066
216.123716 147.406631
216.975809 146.883196
217.827902 146.359761
218.679995 145.836326
219.532088 145.312891
220.384181 144.789456
221.236275 144.266021
222.088368 143.742586
222.940461 143.219151
223.792554 142.695717
224.644647 142.172282
225.496740 141.648847
226.348833 141.125412
227.200926 140.601977
228.053019 140.078542
228.905113 139.555108
229.757206 139.031673
230.609299 138.508239
231.461392 137.984804
232.313486 137.461369
233.167684 136.941378
234.022026 136.421623
234.876369 135.901868
235.730712 135.382113
236.585054 134.862358
237.439397 134.342603
238.293739 133.822848
239.148082 133.303093
240.002425 132.783338
240.856767 132.263583
241.711110 131.743828
242.565452 131.224073
243.419795 130.704318
244.274137 130.184562
245.128480 129.664807
245.982734 129.144908
246.836983 128.624998
247.691231 128.105088
248.545474 127.585170
249.399700 127.065223
250.253925 126.545275
251.108150 126.025327
251.962376 125.505380
252.816601 124.985432
253.670826 124.465484
254.525052 123.945537
255.379277 123.425589
256.233502 122.905641
257.087727 122.385694
257.941953 121.865746
258.796084 121.345644
259.649848 120.824939
260.503611 120.304234
261.357347 119.783483
262.210972 119.262550
263.064597 118.741618
263.918222 118.220685
264.771847 117.699753
265.625416 117.178729
266.478982 116.657699
267.332548 116.136670
268.186114 115.615641
269.039680 115.094612
269.893246 114.573583
270.746813 114.052555
271.600379 113.531526
272.453946 113.010498
273.307512 112.489469
274.161078 111.968440
275.014644 111.447411
275.868600 110.927022
276.722560 110.406639
277.576521 109.886256
278.430481 109.365874
279.284441 108.845492

[center] sid=83, seg=0, num=84
207.259696 150.935240
208.114781 150.416707
208.969866 149.898175
209.824952 149.379643
210.680037 148.861110
211.535122 148.342578
212.390208 147.824046
213.245293 147.305513
214.100379 146.786981
214.955464 146.268449
215.810549 145.749916
216.665635 145.231384
217.518582 144.709346
218.371067 144.186550
219.223553 143.663754
220.075735 143.140464
220.927857 142.617077
221.779980 142.093690
222.632052 141.570220
223.484114 141.046735
224.336176 140.523250
225.188471 140.000144
226.040805 139.477101
226.893138 138.954058
227.745558 138.431155
228.597991 137.908275
229.450425 137.385395
230.302910 136.862598
231.155402 136.339813
232.009140 135.819071
232.863994 135.300158
233.718848 134.781244
234.573700 134.262327
235.428550 133.743407
236.283400 133.224487
237.137816 132.704852
237.991848 132.184587
238.845880 131.664322
239.700063 131.144306
240.554381 130.624510
241.408698 130.104713
242.263530 129.585764
243.118834 129.067592
243.974138 128.549421
244.829205 128.030860
245.684055 127.511939
246.538904 126.993018
247.393744 126.474081
248.248413 125.954864
249.103042 125.435579
249.957670 124.916293
250.812298 124.397008
251.666926 123.877723
252.521554 123.358437
253.376182 122.839152
254.230810 122.319867
255.085438 121.800582
255.939579 121.280496
256.793595 120.760205
257.647612 120.239914
258.501286 119.719061
259.354874 119.198070
260.208463 118.677078
261.061996 118.155995
261.915515 117.634889
262.769035 117.113783
263.622554 116.592677
264.476057 116.071545
265.329547 115.550391
266.183037 115.029237
267.036531 114.508090
267.890029 113.986950
268.743527 113.465810
269.597049 112.944709
270.450590 112.423637
271.304130 111.902566
272.157679 111.381509
273.011234 110.860463
273.864790 110.339416
274.718745 109.819025
275.572980 109.299094
276.427215 108.779163
277.281854 108.259896
278.136775 107.741093

[left] sid=83, seg=0, num=84
208.465300 152.134411
209.316116 151.608903
210.166932 151.083396
211.017669 150.557760
211.866138 150.028471
212.715344 149.500371
213.567437 148.976936
214.419530 148.453501
215.271623 147.930066
216.123716 147.406631
216.975809 146.883196
217.827902 146.359761
218.679995 145.836326
219.532088 145.312891
220.384181 144.789456
221.236275 144.266021
222.088368 143.742586
222.940461 143.219151
223.792554 142.695717
224.644647 142.172282
225.496740 141.648847
226.348833 141.125412
227.200926 140.601977
228.053019 140.078542
228.905113 139.555108
229.757206 139.031673
230.609299 138.508239
231.461392 137.984804
232.313486 137.461369
233.167684 136.941378
234.022026 136.421623
234.876369 135.901868
235.730712 135.382113
236.585054 134.862358
237.439397 134.342603
238.293739 133.822848
239.148082 133.303093
240.002425 132.783338
240.856767 132.263583
241.711110 131.743828
242.565452 131.224073
243.419795 130.704318
244.274137 130.184562
245.128480 129.664807
245.982734 129.144908
246.836983 128.624998
247.691231 128.105088
248.545474 127.585170
249.399700 127.065223
250.253925 126.545275
251.108150 126.025327
251.962376 125.505380
252.816601 124.985432
253.670826 124.465484
254.525052 123.945537
255.379277 123.425589
256.233502 122.905641
257.087727 122.385694
257.941953 121.865746
258.796084 121.345644
259.649848 120.824939
260.503611 120.304234
261.357347 119.783483
262.210972 119.262550
263.064597 118.741618
263.918222 118.220685
264.771847 117.699753
265.625416 117.178729
266.478982 116.657699
267.332548 116.136670
268.186114 115.615641
269.039680 115.094612
269.893246 114.573583
270.746813 114.052555
271.600379 113.531526
272.453946 113.010498
273.307512 112.489469
274.161078 111.968440
275.014644 111.447411
275.868600 110.927022
276.722560 110.406639
277.576521 109.886256
278.430481 109.365874
279.284441 108.845492

[right] sid=83, seg=0, num=7
206.192179 149.873421
207.041924 149.346182
207.891668 148.818944
208.741413 148.291705
209.587306 147.758308
210.433183 147.224886
211.279060 146.691464

[right] sid=83, seg=1, num=32
211.696786 146.428040
212.550681 145.907550
213.404576 145.387059
214.258462 144.866554
215.111338 144.344397
215.964215 143.822240
216.817092 143.300082
217.669969 142.777925
218.522845 142.255768
219.375259 141.732856
220.227290 141.209320
221.079322 140.685785
221.931353 140.162250
222.783385 139.638715
223.635416 139.115180
224.487809 138.592234
225.340473 138.069729
226.193137 137.547224
227.045800 137.024719
227.898592 136.502423
228.751457 135.980248
229.604323 135.458073
230.457189 134.935898
231.311754 134.416514
232.167118 133.898442
233.022483 133.380370
233.877847 132.862298
234.733211 132.344225
235.588575 131.826153
236.442825 131.306249
237.296547 130.785474
238.150268 130.264699

[right] sid=83, seg=2, num=47
238.771798 129.885561
239.625520 129.364787
240.479378 128.844236
241.335640 128.327650
242.191902 127.811064
243.048165 127.294478
243.904206 126.777526
244.759624 126.259543
245.615042 125.741560
246.470460 125.223577
247.325622 124.705171
248.180652 124.186549
249.035683 123.667926
249.890713 123.149303
250.745744 122.630681
251.600774 122.112058
252.455804 121.593435
253.310835 121.074813
254.165865 120.556190
255.020895 120.037567
255.874422 119.516474
256.727835 118.995195
257.581249 118.473916
258.434662 117.952637
259.288076 117.431358
260.141489 116.910079
260.994903 116.388800
261.848316 115.867521
262.701730 115.346242
263.555143 114.824962
264.408556 114.303683
265.261969 113.782404
266.115383 113.261125
266.968797 112.739846
267.822210 112.218567
268.675717 111.697442
269.529232 111.176328
270.382746 110.655214
271.236260 110.134101
272.089775 109.612987
272.943338 109.091953
273.796929 108.570966
274.650521 108.049978
275.505576 107.531401
276.361486 107.014232
277.217396 106.497062
278.073306 105.979894

[center] sid=84, seg=0, num=42
280.556747 109.838449
281.409433 109.315981
282.262119 108.793512
283.114805 108.271044
283.967494 107.748582
284.820184 107.226119
285.672873 106.703657
286.525742 106.181487
287.378611 105.659319
288.231480 105.137150
289.084349 104.614981
289.937218 104.092812
290.790092 103.570651
291.643190 103.048856
292.496288 102.527061
293.349386 102.005266
294.202484 101.483471
295.055582 100.961677
295.908680 100.439882
296.761778 99.918087
297.614877 99.396293
298.467975 98.874498
299.321073 98.352704
300.174171 97.830910
301.027269 97.309115
301.880367 96.787321
302.733465 96.265526
303.586563 95.743731
304.439662 95.221936
305.292760 94.700142
306.145858 94.178347
306.998956 93.656553
307.852054 93.134758
308.705152 92.612963
309.558252 92.091171
310.411351 91.569379
311.264461 91.047604
312.117696 90.526033
312.970931 90.004463
313.824166 89.482893
314.677406 88.961329
315.530645 88.439765

[left] sid=84, seg=0, num=42
281.367286 111.112790
282.219984 110.590342
283.072682 110.067894
283.925381 109.545446
284.778079 109.022998
285.630777 108.500550
286.483475 107.978102
287.336174 107.455655
288.188872 106.933207
289.041570 106.410759
289.894269 105.888311
290.746967 105.365863
291.599686 104.843450
292.452843 104.321750
293.305999 103.800051
294.159155 103.278351
295.012312 102.756652
295.865468 102.234953
296.718624 101.713253
297.571781 101.191554
298.424937 100.669855
299.278094 100.148156
300.131250 99.626457
300.984407 99.104758
301.837563 98.583058
302.690720 98.061359
303.543876 97.539660
304.397032 97.017960
305.250189 96.496261
306.103345 95.974562
306.956501 95.452862
307.809658 94.931163
308.662814 94.409463
309.515970 93.887764
310.369126 93.366065
311.222283 92.844365
312.075456 92.322694
312.928784 91.801276
313.782112 91.279857
314.635440 90.758438
315.488768 90.237020
316.342096 89.715602

[right] sid=84, seg=0, num=42
279.746201 108.564108
280.598875 108.041621
281.451549 107.519134
282.304224 106.996647
283.156898 106.474160
284.009573 105.951674
284.862254 105.429199
285.715294 104.907309
286.568334 104.385419
287.421374 103.863530
288.274414 103.341640
289.127454 102.819750
289.980494 102.297860
290.833534 101.775970
291.686574 101.254080
292.539613 100.732189
293.392653 100.210299
294.245693 99.688409
295.098732 99.166519
295.951772 98.644629
296.804812 98.122740
297.657852 97.600850
298.510892 97.078961
299.363932 96.557071
300.216972 96.035181
301.070012 95.513291
301.923052 94.991401
302.776091 94.469511
303.629131 93.947621
304.482171 93.425731
305.335211 92.903842
306.188251 92.381952
307.041290 91.860062
307.894330 91.338171
308.747370 90.816282
309.600410 90.294392
310.453464 89.772525
311.306606 89.250803
312.159748 88.729080
313.012890 88.207358
313.866032 87.685635
314.719174 87.163912

[center] sid=85, seg=0, num=42
278.916620 107.267849
279.768414 106.743928
280.620207 106.220006
281.472001 105.696085
282.323730 105.172058
283.175458 104.648029
284.027185 104.124001
284.879080 103.600243
285.730974 103.076486
286.582871 102.552731
287.435000 102.029356
288.287130 101.505981
289.139251 100.982593
289.990946 100.458510
290.842640 99.934427
291.694349 99.410368
292.546513 98.887049
293.398676 98.363730
294.250848 97.840423
295.103218 97.317440
295.955588 96.794457
296.807988 96.271523
297.660939 95.749488
298.513891 95.227454
299.366847 94.705427
300.219881 94.183527
301.072914 93.661627
301.925952 93.139733
302.779043 92.617927
303.632134 92.096121
304.485226 91.574317
305.338325 91.052524
306.191424 90.530731
307.044528 90.008947
307.897685 89.487248
308.750842 88.965549
309.604005 88.443861
310.457221 87.922259
311.310437 87.400658
312.163654 86.879057
313.016870 86.357455
313.870086 85.835854

[left] sid=85, seg=0, num=42
279.746201 108.564108
280.598875 108.041621
281.451549 107.519134
282.304224 106.996647
283.156898 106.474160
284.009573 105.951674
284.862254 105.429199
285.715294 104.907309
286.568334 104.385419
287.421374 103.863530
288.274414 103.341640
289.127454 102.819750
289.980494 102.297860
290.833534 101.775970
291.686574 101.254080
292.539613 100.732189
293.392653 100.210299
294.245693 99.688409
295.098732 99.166519
295.951772 98.644629
296.804812 98.122740
297.657852 97.600850
298.510892 97.078961
299.363932 96.557071
300.216972 96.035181
301.070012 95.513291
301.923052 94.991401
302.776091 94.469511
303.629131 93.947621
304.482171 93.425731
305.335211 92.903842
306.188251 92.381952
307.041290 91.860062
307.894330 91.338171
308.747370 90.816282
309.600410 90.294392
310.453464 89.772525
311.306606 89.250803
312.159748 88.729080
313.012890 88.207358
313.866032 87.685635
314.719174 87.163912

[right] sid=85, seg=0, num=42
278.087048 105.971589
278.937974 105.446259
279.788900 104.920929
280.639826 104.395599
281.490605 103.870032
282.341384 103.344464
283.192162 102.818896
284.042907 102.293272
284.893651 101.767649
285.744396 101.242025
286.595609 100.717161
287.446824 100.192301
288.298040 99.667441
289.148388 99.141176
289.998730 98.614902
290.849072 98.088627
291.699547 97.562569
292.551246 97.038494
293.402945 96.514419
294.254644 95.990344
295.106343 95.466269
295.958042 94.942193
296.810608 94.419531
297.663636 93.897621
298.516663 93.375710
299.369690 92.853800
300.222718 92.331890
301.075745 91.809980
301.928860 91.288213
302.782019 90.766517
303.635177 90.244821
304.488336 89.723126
305.341495 89.201430
306.194653 88.679735
307.047902 88.158186
307.901192 87.636705
308.754482 87.115225
309.607772 86.593744
310.461062 86.072264
311.314353 85.550784
312.167643 85.029304
313.020933 84.507823

[center] sid=86, seg=0, num=42
278.916620 107.267849
279.478002 106.440262
280.039384 105.612674
280.600766 104.785087
281.162149 103.957499
281.792215 103.195443
282.592516 102.595806
283.392818 101.996169
284.193119 101.396532
284.993421 100.796895
285.793722 100.197258
286.594024 99.597621
287.394325 98.997984
288.194626 98.398347
288.994928 97.798710
289.795229 97.199073
290.611984 96.622268
291.453080 96.081911
292.303914 95.556434
293.154749 95.030956
294.006813 94.507477
294.859452 93.984932
295.712217 93.462595
296.565455 92.941028
297.418692 92.419460
298.271802 91.897686
299.124487 91.375217
299.977173 90.852749
300.829874 90.330305
301.682626 89.807944
302.535377 89.285584
303.388129 88.763223
304.240880 88.240862
305.093631 87.718501
305.946399 87.196167
306.799216 86.673913
307.652034 86.151660
308.504659 85.629093
309.356694 85.105564
310.208729 84.582036
311.060577 84.058203
311.911870 83.533469

[left] sid=86, seg=0, num=42
278.087048 105.971589
278.937974 105.446259
279.788900 104.920929
280.639826 104.395599
281.490605 103.870032
282.341384 103.344464
283.192162 102.818896
284.042907 102.293272
284.893651 101.767649
285.744396 101.242025
286.595609 100.717161
287.446824 100.192301
288.298040 99.667441
289.148388 99.141176
289.998730 98.614902
290.849072 98.088627
291.699547 97.562569
292.551246 97.038494
293.402945 96.514419
294.254644 95.990344
295.106343 95.466269
295.958042 94.942193
296.810608 94.419531
297.663636 93.897621
298.516663 93.375710
299.369690 92.853800
300.222718 92.331890
301.075745 91.809980
301.928860 91.288213
302.782019 90.766517
303.635177 90.244821
304.488336 89.723126
305.341495 89.201430
306.194653 88.679735
307.047902 88.158186
307.901192 87.636705
308.754482 87.115225
309.607772 86.593744
310.461062 86.072264
311.314353 85.550784
312.167643 85.029304
313.020933 84.507823

[right] sid=86, seg=0, num=42
278.087053 105.971589
278.831170 105.303505
279.575288 104.635421
280.319406 103.967337
281.063524 103.299252
281.807012 102.630470
282.548285 101.959231
283.289559 101.287992
284.030832 100.616753
284.772106 99.945515
285.513379 99.274276
286.253698 98.601988
286.991239 97.926651
287.728781 97.251314
288.466322 96.575976
289.231277 95.931921
290.026570 95.329672
290.878979 94.806753
291.728032 94.278402
292.576972 93.749870
293.428322 93.225254
294.282870 92.705838
295.137419 92.186422
295.991967 91.667006
296.844539 91.144354
297.696883 90.621328
298.549227 90.098302
299.401570 89.575275
300.253914 89.052249
301.106257 88.529223
301.958601 88.006197
302.810945 87.483171
303.663288 86.960145
304.515632 86.437119
305.367976 85.914092
306.220319 85.391066
307.072663 84.868040
307.925006 84.345014
308.777350 83.821988
309.626788 83.294260
310.475902 82.766007
311.325016 82.237754

[center] sid=87, seg=0, num=26
315.261950 54.102732
315.902622 54.870584
316.543295 55.638435
317.183967 56.406286
317.824638 57.174138
318.465310 57.941989
319.105982 58.709840
319.746654 59.477692
320.387326 60.245543
321.027998 61.013395
321.668670 61.781246
322.309341 62.549098
322.950013 63.316949
323.650798 64.028489
324.375220 64.717885
325.099642 65.407282
325.885036 66.022051
326.705025 66.594476
327.530481 67.156040
328.478755 67.473570
329.427029 67.791099
330.383591 68.075973
331.368518 68.249081
332.353445 68.422189
333.340658 68.578685
334.335726 68.678113

[left] sid=87, seg=0, num=17
321.214080 63.434852
321.864830 64.194181
322.515580 64.953510
323.178052 65.702308
323.863603 66.430371
324.593132 67.111021
325.370598 67.739988
326.201295 68.294825
327.058881 68.806418
327.966544 69.226178
328.884476 69.619512
329.837412 69.922763
330.793192 70.216093
331.762072 70.463721
332.730952 70.711349
333.708782 70.918992
334.690772 71.108052

[left] sid=87, seg=1, num=4
313.929935 54.784331
314.567801 55.554515
315.205667 56.324699
315.844367 57.094147

[right] sid=87, seg=0, num=15
322.521841 60.438014
323.156577 61.210779
323.791314 61.983544
324.474259 62.713112
325.186467 63.413126
325.988593 64.010325
326.798122 64.597272
327.628522 65.150843
328.545556 65.549715
329.466873 65.936926
330.424089 66.226384
331.396237 66.455487
332.377993 66.645757
333.376127 66.646637
334.374098 66.596963

[center] sid=88, seg=0, num=27
315.710283 88.329957
316.563620 87.808553
317.416956 87.287149
318.270295 86.765749
319.123782 86.244590
319.977269 85.723432
320.830756 85.202273
321.684242 84.681115
322.537729 84.159956
323.391213 83.638793
324.244696 83.117628
325.098178 82.596462
325.951152 82.074465
326.803851 81.552019
327.656551 81.029574
328.508781 80.506363
329.360759 79.982743
330.212738 79.459122
331.064714 78.935498
331.915838 78.410492
332.766387 77.884552
333.616936 77.358613
334.467512 76.832717
335.318105 76.306850
336.168709 75.780999
337.019756 75.255867
337.870804 74.730735

[left] sid=88, seg=0, num=27
316.524654 89.604051
317.377982 89.082633
318.231309 88.561214
319.084652 88.039820
319.938281 87.518894
320.791909 86.997968
321.645538 86.477041
322.499166 85.956114
323.352794 85.435188
324.206422 84.914261
325.060051 84.393335
325.913679 83.872408
326.766963 83.350918
327.620083 82.829160
328.473203 82.307401
329.325955 81.785041
330.178530 81.262393
331.031106 80.739745
331.883681 80.217097
332.735933 79.693923
333.587983 79.170419
334.440033 78.646915
335.292084 78.123411
336.144134 77.599907
336.996130 77.076316
337.847003 76.550901
338.697877 76.025487

[right] sid=88, seg=0, num=27
314.895914 87.055864
315.749258 86.534473
316.602603 86.013082
317.455948 85.491691
318.309293 84.970301
319.162638 84.448910
320.015983 83.927520
320.869329 83.406129
321.722674 82.884739
322.576019 82.363349
323.429364 81.841959
324.282709 81.320568
325.135367 80.798056
325.987651 80.274932
326.839935 79.751809
327.691634 79.227735
328.543014 78.703143
329.394395 78.178550
330.245775 77.653958
331.095787 77.127155
331.944828 76.598785
332.793868 76.070414
333.642909 75.542043
334.491950 75.013673
335.341234 74.485694
336.192457 73.960848
337.043681 73.436002

[center] sid=89, seg=0, num=27
314.057001 85.721597
314.910090 85.199788
315.763179 84.677979
316.616268 84.156170
317.469358 83.634361
318.322447 83.112552
319.175536 82.590743
320.028625 82.068934
320.881714 81.547125
321.734787 81.025289
322.587851 80.503438
323.440915 79.981588
324.293644 79.459191
325.146177 78.936474
325.998710 78.413756
326.850959 77.890577
327.703041 77.367124
328.555123 76.843672
329.407237 76.320273
330.258738 75.795877
331.109754 75.270693
331.960769 74.745509
332.811577 74.219989
333.662232 73.694222
334.513510 73.169465
335.366257 72.647097
336.219004 72.124730

[left] sid=89, seg=0, num=27
314.895914 87.055864
315.749258 86.534473
316.602603 86.013082
317.455948 85.491691
318.309293 84.970301
319.162638 84.448910
320.015983 83.927520
320.869329 83.406129
321.722674 82.884739
322.576019 82.363349
323.429364 81.841959
324.282709 81.320568
325.135367 80.798056
325.987651 80.274932
326.839935 79.751809
327.691634 79.227735
328.543014 78.703143
329.394395 78.178550
330.245775 77.653958
331.095787 77.127155
331.944828 76.598785
332.793868 76.070414
333.642909 75.542043
334.491950 75.013673
335.341234 74.485694
336.192457 73.960848
337.043681 73.436002

[right] sid=89, seg=0, num=7
313.218090 84.387333
314.070946 83.865142
314.923801 83.342951
315.776656 82.820759
316.629512 82.298568
317.482367 81.776377
318.335220 81.254182

[right] sid=89, seg=1, num=19
318.766160 80.990239
319.618942 80.467928
320.471724 79.945617
321.324505 79.423305
322.177287 78.900994
323.030069 78.378682
323.882850 77.856371
324.735632 77.334060
325.588414 76.811748
326.441195 76.289437
327.293977 75.767125
328.146759 75.244814
328.999661 74.722700
329.852640 74.200710
330.705618 73.678720
331.558597 73.156731
332.411383 72.634427
333.263249 72.110624
334.115115 71.586821

[center] sid=90, seg=0, num=30
312.407911 83.227711
313.249253 82.687166
314.090595 82.146620
314.923747 81.594628
315.706881 80.972738
316.457364 80.312695
317.162263 79.605337
317.765293 78.813314
318.250699 77.939587
318.603548 77.003878
318.906331 76.050911
319.131069 75.078880
319.267687 74.088636
319.327906 73.091799
319.316018 72.092159
319.262004 71.093590
319.110627 70.106038
318.896973 69.130206
318.635573 68.164945
318.283635 67.229393
317.834936 66.336635
317.350543 65.462898
316.790350 64.634501
316.166589 63.853678
315.515310 63.094934
314.856025 62.343004
314.196739 61.591074
313.537454 60.839144
312.878168 60.087214
312.222206 59.332385

[left] sid=90, seg=0, num=18
318.766161 80.990239
319.423357 80.236487
319.999367 79.424820
320.498161 78.558070
320.917153 77.656989
321.203440 76.698816
321.435308 75.726548
321.579353 74.739579
321.627790 73.741326
321.606018 72.741841
321.541362 71.744498
321.375009 70.758432
321.132303 69.788302
320.830644 68.836660
320.471955 67.903362
320.036930 67.002911
319.522927 66.147902
318.955693 65.324410

[right] sid=90, seg=0, num=20
311.679258 82.000719
312.450124 81.363685
313.221425 80.727177
313.982748 80.080085
314.665839 79.349718
315.215200 78.516850
315.653079 77.617787
315.976803 76.674035
316.245923 75.711444
316.444510 74.731679
316.603975 73.744759
316.678586 72.747712
316.703090 71.747983
316.699813 70.748153
316.682628 69.748272
316.556888 68.756339
316.344553 67.781547
316.081278 66.816800
315.689376 65.897976
315.156208 65.051989

[center] sid=91, seg=0, num=32
338.302088 74.464615
339.149219 73.933235
339.992838 73.396250
340.836458 72.859266
341.676291 72.316409
342.503988 71.755905
343.304329 71.156321
344.104670 70.556737
344.905784 69.958189
345.705080 69.357310
346.490719 68.738588
347.276359 68.119866
348.061896 67.501014
348.847016 66.881632
349.628973 66.258266
350.410469 65.634318
351.191965 65.010370
351.973460 64.386421
352.754955 63.762473
353.536933 63.139132
354.321375 62.518892
355.105817 61.898652
355.890259 61.278412
356.682517 60.668205
357.475759 60.059261
358.269001 59.450316
359.067220 58.847918
359.866783 58.247339
360.690119 57.679745
361.527614 57.133687
362.374470 56.601823
363.220684 56.068937

[left] sid=91, seg=0, num=7
339.118048 75.766031
339.966819 75.237239
340.813791 74.705559
341.660763 74.173879
342.507795 73.642293
343.347502 73.099848
344.157957 72.514008

[left] sid=91, seg=1, num=25
344.884746 71.988646
345.695964 71.403877
346.514609 70.829538
347.305220 70.217355
348.093123 69.601519
348.881026 68.985682
349.668929 68.369845
350.450434 67.745965
351.227627 67.116666
352.004821 66.487368
352.782015 65.858069
353.559208 65.228770
354.336401 64.599471
355.111772 63.967929
355.886915 63.336106
356.662058 62.704284
357.439849 62.075731
358.218971 61.448821
358.998093 60.821912
359.777215 60.195002
360.556337 59.568092
361.354684 58.968494
362.207655 58.446492
363.078419 57.955300
363.963768 57.490947

[right] sid=91, seg=0, num=32
337.486126 73.163200
338.336123 72.636398
339.179059 72.098341
340.015901 71.551032
340.843123 70.989116
341.670344 70.427199
342.454158 69.806265
343.237564 69.184721
344.023172 68.565958
344.808780 67.947196
345.593969 67.327905
346.375683 66.704231
347.157397 66.080557
347.940144 65.458186
348.725905 64.839617
349.511666 64.221049
350.297426 63.602481
351.083187 62.983913
351.868948 62.365345
352.655737 61.748090
353.444769 61.133701
354.233802 60.519311
355.036884 59.923500
355.842922 59.331598
356.648961 58.739696
357.457448 58.151153
358.267660 57.564977
359.077872 56.978801
359.902786 56.413834
360.736012 55.860861
361.569239 55.307888
362.416439 54.776932

[center] sid=92, seg=0, num=32
336.638844 71.867548
337.475317 71.319498
338.311790 70.771448
339.148182 70.223280
339.960373 69.639849
340.772046 69.055729
341.558818 68.438447
342.340315 67.814657
343.107101 67.172718
343.845088 66.497951
344.581373 65.821244
345.317658 65.144538
346.053942 64.467831
346.790227 63.791124
347.529132 63.117440
348.303360 62.484495
349.077587 61.851551
349.872171 61.244945
350.679843 60.655274
351.496962 60.078915
352.320236 59.511231
353.149487 58.952318
353.978966 58.393739
354.808445 57.835160
355.637925 57.276582
356.467404 56.718003
357.296883 56.159424
358.126362 55.600845
358.957285 55.044422
359.789207 54.489487
360.621128 53.934552
361.453049 53.379617

[left] sid=92, seg=0, num=32
337.486126 73.163200
338.336123 72.636398
339.179059 72.098341
340.015901 71.551032
340.843123 70.989116
341.670344 70.427199
342.454158 69.806265
343.237564 69.184721
344.023172 68.565958
344.808780 67.947196
345.593969 67.327905
346.375683 66.704231
347.157397 66.080557
347.940144 65.458186
348.725905 64.839617
349.511666 64.221049
350.297426 63.602481
351.083187 62.983913
351.868948 62.365345
352.655737 61.748090
353.444769 61.133701
354.233802 60.519311
355.036884 59.923500
355.842922 59.331598
356.648961 58.739696
357.457448 58.151153
358.267660 57.564977
359.077872 56.978801
359.902786 56.413834
360.736012 55.860861
361.569239 55.307888
362.416439 54.776932

[right] sid=92, seg=0, num=30
334.965644 66.536027
335.955363 66.392844
336.910206 66.097234
337.840934 65.732600
338.740104 65.294947
339.626828 64.834887
340.473603 64.302893
341.320379 63.770899
342.167154 63.238905
343.013929 62.706911
343.860704 62.174916
344.711079 61.648730
345.564180 61.126940
346.417280 60.605150
347.269403 60.081767
348.120628 59.556924
348.971854 59.032080
349.823079 58.507236
350.678102 57.988608
351.533597 57.470754
352.389093 56.952900
353.243180 56.432734
354.095580 55.909801
354.947980 55.386868
355.796298 54.857368
356.642374 54.324262
357.488449 53.791156
358.338542 53.264536
359.192664 52.744419
360.046785 52.224302

[center] sid=93, seg=0, num=28
508.289336 -61.651440
508.933979 -60.886920
509.578621 -60.122400
510.223263 -59.357880
510.867906 -58.593360
511.512548 -57.828840
512.157191 -57.064320
512.801833 -56.299801
513.446476 -55.535281
514.091118 -54.770761
514.735761 -54.006241
515.398170 -53.257246
516.069349 -52.515914
516.766065 -51.799361
517.497007 -51.118658
518.322580 -50.554317
519.189600 -50.058667
520.080935 -49.605425
520.995659 -49.202669
521.947877 -48.902607
522.929008 -48.717061
523.921296 -48.788072
524.913315 -48.914280
525.905144 -49.042029
526.896972 -49.169777
527.888801 -49.297525
528.880629 -49.425273
529.872458 -49.553021

[left] sid=93, seg=0, num=12
513.193068 -53.849303
513.838551 -53.085493
514.484033 -52.321682
515.129516 -51.557872
515.774999 -50.794061
516.437866 -50.045482
517.125432 -49.320698
517.926951 -48.725816
518.793194 -48.229437
519.710558 -47.834901
520.662684 -47.529116
521.637665 -47.307880

[left] sid=93, seg=1, num=4
507.284037 -60.797427
507.922487 -60.027728
508.560937 -59.258029
509.211932 -58.498938

[right] sid=93, seg=0, num=16
515.266925 -55.499779
515.920106 -54.742542
516.605026 -54.014151
517.342659 -53.339322
518.126968 -52.719180
518.946151 -52.146920
519.829042 -51.681039
520.740533 -51.271294
521.675495 -50.917291
522.644300 -50.679171
523.630605 -50.514102
524.627259 -50.439935
525.627274 -50.443460
526.619962 -50.563792
527.596348 -50.774733
528.552563 -51.063671

[center] sid=94, seg=0, num=47
506.707602 -35.311397
507.322962 -36.099673
507.938323 -36.887949
508.553684 -37.676224
509.169045 -38.464500
509.784406 -39.252776
510.399766 -40.041052
511.015127 -40.829328
511.578014 -41.652706
512.063774 -42.525740
512.346972 -43.484829
512.322711 -44.481084
512.178253 -45.469504
511.920810 -46.435026
511.578111 -47.374501
511.187663 -48.295073
510.729851 -49.182166
510.181951 -50.017304
509.594033 -50.826093
508.958080 -51.597857
508.322128 -52.369620
507.686175 -53.141384
507.042398 -53.906617
506.396745 -54.670283
505.751091 -55.433949
505.105437 -56.197615
504.457836 -56.959628
503.809534 -57.721048
503.161233 -58.482468
502.512932 -59.243888
501.864631 -60.005307
501.216330 -60.766727
500.568029 -61.528147
499.919728 -62.289567
499.271427 -63.050987
498.623125 -63.812407
497.974824 -64.573827
497.326523 -65.335246
496.678222 -66.096666
496.029920 -66.858086
495.381619 -67.619506
494.733318 -68.380926
494.085017 -69.142346
493.436716 -69.903765
492.785724 -70.662883
492.133939 -71.421324
491.482154 -72.179764

[left] sid=94, seg=0, num=11
514.681257 -42.312663
514.734847 -43.311253
514.780116 -44.309722
514.697224 -45.306309
514.589536 -46.297395
514.237198 -47.232543
513.679938 -48.061751
513.051027 -48.839250
512.408938 -49.605916
511.766850 -50.372582
511.120243 -51.135417

[left] sid=94, seg=1, num=23
506.770003 -56.224549
506.118768 -56.983461
505.467532 -57.742372
504.816297 -58.501284
504.169941 -59.264355
503.523758 -60.027573
502.877575 -60.790791
502.231392 -61.554009
501.585208 -62.317227
500.940601 -63.081775
500.296857 -63.847052
499.653114 -64.612329
499.009294 -65.377542
498.365136 -66.142470
497.720979 -66.907399
497.076822 -67.672328
496.432665 -68.437257
495.788507 -69.202186
495.144119 -69.966919
494.498846 -70.730907
493.853572 -71.494895
493.208299 -72.258882
492.563026 -73.022870

[right] sid=94, seg=0, num=23
504.786854 -54.524423
504.124050 -55.273253
503.461247 -56.022082
502.798443 -56.770912
502.148054 -57.530538
501.498409 -58.290812
500.848764 -59.051085
500.199118 -59.811358
499.549473 -60.571631
498.899827 -61.331904
498.251177 -62.093026
497.603586 -62.855050
496.955995 -63.617074
496.308404 -64.379098
495.660813 -65.141122
495.013222 -65.903146
494.365399 -66.664972
493.717360 -67.426615
493.069321 -68.188258
492.421344 -68.949954
491.773592 -69.711841
491.125839 -70.473727
490.478086 -71.235614

[right] sid=94, seg=1, num=15
505.717038 -36.884457
506.423507 -37.592234
507.084339 -38.340611
507.667524 -39.151859
508.157530 -40.020816
508.569796 -40.931712
508.909506 -41.870417
509.153850 -42.837243
509.262496 -43.831288
509.302184 -44.829871
509.262577 -45.829115
509.143883 -46.821659
508.953332 -47.801740
508.682025 -48.763176
508.326270 -49.697411

[center] sid=95, seg=0, num=29
592.741931 -115.545552
593.385568 -114.780186
594.029205 -114.014819
594.672841 -113.249453
595.316478 -112.484087
595.960115 -111.718720
596.603751 -110.953354
597.247388 -110.187988
597.891025 -109.422621
598.534661 -108.657255
599.178298 -107.891889
599.821935 -107.126522
600.477427 -106.371812
601.170023 -105.650449
601.862619 -104.929087
602.568582 -104.220875
603.319786 -103.563284
604.112746 -102.954742
604.954455 -102.414765
605.842301 -101.970657
606.789438 -101.649758
607.774200 -101.479575
608.767111 -101.443650
609.764945 -101.509751
610.762780 -101.575851
611.760614 -101.641951
612.758449 -101.708051
613.756283 -101.774151
614.754117 -101.840252

[left] sid=95, seg=0, num=14
597.729965 -107.665275
598.390487 -106.914433
599.051010 -106.163591
599.715131 -105.415994
600.393723 -104.681442
601.075217 -103.949785
601.808018 -103.269303
602.559339 -102.609866
603.329009 -101.971391
604.101185 -101.335942
604.935426 -100.785544
605.776133 -100.244008
606.630897 -99.725957
607.505394 -99.240876

[left] sid=95, seg=1, num=4
591.768841 -114.772999
592.405250 -114.001612
593.041659 -113.230226
593.678068 -112.458839

[right] sid=95, seg=0, num=18
599.747859 -109.476633
600.390627 -108.710537
601.031294 -107.942687
601.675831 -107.178177
602.335776 -106.426827
603.021892 -105.699710
603.765618 -105.033197
604.581004 -104.456337
605.456021 -103.973066
606.384924 -103.604622
607.344539 -103.326151
608.326364 -103.141294
609.317447 -103.012096
610.316112 -102.962738
611.316120 -102.957528
612.312542 -103.040579
613.298185 -103.199849
614.258757 -103.476113

[center] sid=96, seg=0, num=66
452.295737 1.904331
453.149083 1.382943
454.002429 0.861554
454.855746 0.340119
455.708620 -0.182040
456.561495 -0.704198
457.414386 -1.226329
458.267528 -1.748051
459.120670 -2.269773
459.973812 -2.791494
460.826954 -3.313215
461.680096 -3.834936
462.533238 -4.356657
463.386380 -4.878379
464.239522 -5.400100
465.092664 -5.921822
465.945806 -6.443543
466.798948 -6.965265
467.652055 -7.487044
468.504933 -8.009196
469.357812 -8.531348
470.210679 -9.053518
471.063476 -9.575804
471.916272 -10.098091
472.769064 -10.620383
473.621835 -11.142711
474.474606 -11.665039
475.327377 -12.187367
476.180147 -12.709695
477.032976 -13.231927
477.885817 -13.754141
478.738658 -14.276354
479.591506 -14.798555
480.444356 -15.320755
481.297205 -15.842955
482.150116 -16.365054
483.003036 -16.887137
483.855957 -17.409221
484.708891 -17.931281
485.561827 -18.453338
486.414764 -18.975395
487.267747 -19.497376
488.120736 -20.019348
488.973725 -20.541320
489.826713 -21.063291
490.679702 -21.585263
491.532691 -22.107235
492.385770 -22.629058
493.238864 -23.150858
494.091957 -23.672659
494.945046 -24.194467
495.798135 -24.716275
496.651223 -25.238084
497.504280 -25.759944
498.357333 -26.281810
499.210387 -26.803676
500.063431 -27.325557
500.916474 -27.847439
501.770060 -28.368434
502.623987 -28.888870
503.477913 -29.409306
504.330300 -29.932255
505.181710 -30.456798
506.033119 -30.981341
506.885260 -31.504694
507.737901 -32.027235

[left] sid=96, seg=0, num=58
453.070222 3.177505
453.922665 2.654643
454.775109 2.131780
455.627658 1.609092
456.481838 1.089071
457.336017 0.569050
458.190157 0.048964
459.043653 -0.472178
459.897149 -0.993321
460.750645 -1.514463
461.604141 -2.035605
462.457637 -2.556748
463.311132 -3.077890
464.164628 -3.599033
465.018124 -4.120175
465.871620 -4.641318
466.725115 -5.162460
467.578611 -5.683603
468.432038 -6.204857
469.285008 -6.726861
470.137977 -7.248864
470.990925 -7.770903
471.843730 -8.293175
472.696534 -8.815448
473.549332 -9.337732
474.402086 -9.860087
475.254839 -10.382443
476.107593 -10.904799
476.960347 -11.427155
477.813082 -11.949541
478.665813 -12.471933
479.518544 -12.994326
480.371276 -13.516718
481.224007 -14.039110
482.076738 -14.561503
482.929469 -15.083895
483.782201 -15.606287
484.634932 -16.128680
485.487663 -16.651072
486.340394 -17.173464
487.193126 -17.695856
488.045857 -18.218249
488.898588 -18.740641
489.751319 -19.263033
490.604051 -19.785425
491.456782 -20.307818
492.309513 -20.830210
493.162426 -21.352305
494.015367 -21.874355
494.868308 -22.396405
495.721248 -22.918456
496.574189 -23.440506
497.427129 -23.962557
498.280070 -24.484608
499.133010 -25.006659
499.985950 -25.528710
500.838890 -26.050761
501.691830 -26.572812

[left] sid=96, seg=1, num=9
502.024366 -26.776344
502.879077 -27.295491
503.733788 -27.814638
504.588498 -28.333785
505.437778 -28.861770
506.287049 -29.389770
507.136319 -29.917769
507.987991 -30.441886
508.839707 -30.965933

[right] sid=96, seg=0, num=66
451.518504 0.632830
452.372749 0.112916
453.226994 -0.406997
454.081239 -0.926910
454.932271 -1.452067
455.783287 -1.977249
456.635840 -2.499931
457.488628 -3.022231
458.341416 -3.544531
459.194204 -4.066831
460.046992 -4.589131
460.899780 -5.111431
461.752567 -5.633732
462.605355 -6.156032
463.458143 -6.678332
464.310931 -7.200632
465.163719 -7.722932
466.016507 -8.245232
466.869294 -8.767532
467.722082 -9.289833
468.574870 -9.812133
469.427657 -10.334434
470.280445 -10.856734
471.133232 -11.379035
471.986020 -11.901334
472.838808 -12.423634
473.691596 -12.945934
474.544384 -13.468234
475.397172 -13.990534
476.250059 -14.512672
477.103027 -15.034678
477.955994 -15.556685
478.808961 -16.078692
479.661929 -16.600699
480.514896 -17.122705
481.367951 -17.644569
482.221077 -18.166317
483.074203 -18.688064
483.927329 -19.209812
484.780455 -19.731559
485.633615 -20.253251
486.486860 -20.774802
487.340106 -21.296353
488.193352 -21.817905
489.046598 -22.339456
489.899844 -22.861008
490.753090 -23.382559
491.606336 -23.904110
492.459582 -24.425661
493.312827 -24.947212
494.166073 -25.468764
495.019319 -25.990315
495.872544 -26.511901
496.725714 -27.033576
497.578884 -27.555252
498.432047 -28.076938
499.285193 -28.598652
500.138340 -29.120366
500.991484 -29.642083
501.844624 -30.163807
502.697764 -30.685532
503.551025 -31.207059
504.404607 -31.728058
505.258190 -32.249058
506.111773 -32.770057
506.965356 -33.291056

[center] sid=97, seg=0, num=9
508.492044 -32.489411
509.346788 -33.008503
510.201532 -33.527595
511.056276 -34.046687
511.911026 -34.565770
512.765775 -35.084854
513.620524 -35.603937
514.475281 -36.123008
515.330039 -36.642078

[left] sid=97, seg=0, num=9
509.285927 -31.240485
510.141190 -31.758723
510.996453 -32.276960
511.851715 -32.795197
512.706978 -33.313434
513.562240 -33.831672
514.417503 -34.349909
515.272766 -34.868146
516.128028 -35.386383

[right] sid=97, seg=0, num=9
507.698162 -33.738338
508.552398 -34.258267
509.406633 -34.778196
510.260868 -35.298125
511.115103 -35.818055
511.969338 -36.337984
512.823573 -36.857913
513.677808 -37.377843
514.532043 -37.897772

[center] sid=98, seg=0, num=66
450.576140 -0.926387
451.430171 -1.446652
452.284202 -1.966916
453.138230 -2.487187
453.990648 -3.010089
454.843067 -3.532992
455.696258 -4.054632
456.549561 -4.576092
457.402863 -5.097552
458.256165 -5.619010
459.109468 -6.140469
459.962771 -6.661927
460.815666 -7.184052
461.668512 -7.706256
462.521359 -8.228461
463.373929 -8.751116
464.226472 -9.273816
465.079014 -9.796517
465.931476 -10.319349
466.783930 -10.842194
467.636384 -11.365039
468.488824 -11.887905
469.341264 -12.410774
470.193703 -12.933642
471.046143 -13.456511
471.898583 -13.979379
472.751022 -14.502247
473.603467 -15.025106
474.455912 -15.547966
475.308425 -16.070714
476.160990 -16.593377
477.013556 -17.116040
477.866124 -17.638699
478.718694 -18.161355
479.571264 -18.684010
480.423881 -19.206588
481.276536 -19.729106
482.129190 -20.251624
482.981844 -20.774141
483.834499 -21.296659
484.687171 -21.819148
485.539885 -22.341568
486.392599 -22.863988
487.245314 -23.386408
488.098028 -23.908828
488.950742 -24.431248
489.803457 -24.953668
490.656171 -25.476088
491.508885 -25.998508
492.361599 -26.520928
493.214314 -27.043348
494.067028 -27.565768
494.919731 -28.088205
495.772408 -28.610687
496.625084 -29.133169
497.477757 -29.655656
498.330422 -30.178156
499.183087 -30.700657
500.035752 -31.223158
500.888414 -31.745662
501.741077 -32.268166
502.593773 -32.790615
503.446552 -33.312929
504.299332 -33.835243
505.152040 -34.357672
506.004583 -34.880372

[left] sid=98, seg=0, num=66
451.518504 0.632830
452.372749 0.112916
453.226994 -0.406997
454.081239 -0.926910
454.932271 -1.452067
455.783287 -1.977249
456.635840 -2.499931
457.488628 -3.022231
458.341416 -3.544531
459.194204 -4.066831
460.046992 -4.589131
460.899780 -5.111431
461.752567 -5.633732
462.605355 -6.156032
463.458143 -6.678332
464.310931 -7.200632
465.163719 -7.722932
466.016507 -8.245232
466.869294 -8.767532
467.722082 -9.289833
468.574870 -9.812133
469.427657 -10.334434
470.280445 -10.856734
471.133232 -11.379035
471.986020 -11.901334
472.838808 -12.423634
473.691596 -12.945934
474.544384 -13.468234
475.397172 -13.990534
476.250059 -14.512672
477.103027 -15.034678
477.955994 -15.556685
478.808961 -16.078692
479.661929 -16.600699
480.514896 -17.122705
481.367951 -17.644569
482.221077 -18.166317
483.074203 -18.688064
483.927329 -19.209812
484.780455 -19.731559
485.633615 -20.253251
486.486860 -20.774802
487.340106 -21.296353
488.193352 -21.817905
489.046598 -22.339456
489.899844 -22.861008
490.753090 -23.382559
491.606336 -23.904110
492.459582 -24.425661
493.312827 -24.947212
494.166073 -25.468764
495.019319 -25.990315
495.872544 -26.511901
496.725714 -27.033576
497.578884 -27.555252
498.432047 -28.076938
499.285193 -28.598652
500.138340 -29.120366
500.991484 -29.642083
501.844624 -30.163807
502.697764 -30.685532
503.551025 -31.207059
504.404607 -31.728058
505.258190 -32.249058
506.111773 -32.770057
506.965356 -33.291056

[right] sid=98, seg=0, num=66
449.633777 -2.485602
450.487592 -3.006220
451.341408 -3.526838
452.195224 -4.047456
453.049039 -4.568074
453.902855 -5.088693
454.756671 -5.609311
455.610486 -6.129929
456.464302 -6.650547
457.318118 -7.171165
458.171934 -7.691784
459.025749 -8.212402
459.879472 -8.733172
460.732028 -9.255850
461.584584 -9.778528
462.437115 -10.301249
463.289308 -10.824518
464.141502 -11.347787
464.993688 -11.871068
465.845779 -12.394505
466.697870 -12.917941
467.549960 -13.441378
468.402051 -13.964815
469.254142 -14.488251
470.106233 -15.011687
470.958324 -15.535123
471.810415 -16.058559
472.662506 -16.581995
473.514597 -17.105431
474.366756 -17.628757
475.218918 -18.152077
476.071081 -18.675396
476.923244 -19.198716
477.775408 -19.722032
478.627590 -20.245320
479.479772 -20.768608
480.331954 -21.291896
481.184136 -21.815184
482.036318 -22.338472
482.888500 -22.861760
483.740682 -23.385048
484.592864 -23.908336
485.445045 -24.431624
486.297227 -24.954912
487.149409 -25.478200
488.001591 -26.001488
488.853773 -26.524776
489.705955 -27.048064
490.558137 -27.571352
491.410318 -28.094640
492.262500 -28.617928
493.114682 -29.141216
493.966864 -29.664504
494.819046 -30.187792
495.671228 -30.711080
496.523410 -31.234368
497.375592 -31.757656
498.227774 -32.280942
499.079959 -32.804225
499.932145 -33.327507
500.784330 -33.850789
501.636516 -34.374071
502.488701 -34.897353
503.340736 -35.420880
504.192215 -35.945311
505.043694 -36.469741

[center] sid=99, seg=0, num=9
506.707602 -35.311397
507.565407 -35.825415
508.423212 -36.339433
509.281017 -36.853451
510.138821 -37.367469
510.996626 -37.881488
511.854431 -38.395506
512.712236 -38.909524
513.570041 -39.423542

[left] sid=99, seg=0, num=9
507.698162 -33.738338
508.552398 -34.258267
509.406633 -34.778196
510.260868 -35.298125
511.115103 -35.818055
511.969338 -36.337984
512.823573 -36.857913
513.677808 -37.377843
514.532043 -37.897772

[center] sid=100, seg=0, num=72
531.972840 -46.829045
532.825631 -47.351339
533.678284 -47.873857
534.530912 -48.396419
535.383539 -48.918981
536.236166 -49.441542
537.088793 -49.964105
537.941420 -50.486667
538.794047 -51.009229
539.646674 -51.531790
540.499302 -52.054351
541.351929 -52.576913
542.204556 -53.099475
543.057183 -53.622037
543.909817 -54.144588
544.762472 -54.667103
545.615128 -55.189618
546.467785 -55.712131
547.320447 -56.234635
548.173109 -56.757140
549.025774 -57.279640
549.878448 -57.802125
550.731122 -58.324611
551.583795 -58.847097
552.436469 -59.369582
553.289143 -59.892068
554.141850 -60.414499
554.994667 -60.936750
555.847485 -61.459001
556.700302 -61.981252
557.553120 -62.503502
558.405938 -63.025753
559.258845 -63.547857
560.111782 -64.069912
560.964719 -64.591968
561.817656 -65.114023
562.670594 -65.636079
563.523531 -66.158134
564.376468 -66.680189
565.229405 -67.202245
566.082342 -67.724301
566.935485 -68.246019
567.788684 -68.767647
568.641883 -69.289274
569.495083 -69.810900
570.348282 -70.332526
571.201482 -70.854152
572.054682 -71.375778
572.907882 -71.897404
573.761082 -72.419029
574.614282 -72.940655
575.467482 -73.462281
576.320681 -73.983906
577.173881 -74.505532
578.027081 -75.027159
578.880280 -75.548785
579.733480 -76.070411
580.586680 -76.592037
581.439879 -77.113663
582.293079 -77.635289
583.146279 -78.156914
583.999479 -78.678539
584.852679 -79.200165
585.705879 -79.721792
586.559078 -80.243418
587.412278 -80.765044
588.265477 -81.286671
589.118676 -81.808297
589.971718 -82.330181
590.824739 -82.852099
591.677760 -83.374018
592.530730 -83.896019

[left] sid=100, seg=0, num=72
532.773208 -45.547337
533.626521 -46.068779
534.479555 -46.590676
535.332540 -47.112653
536.185525 -47.634630
537.038510 -48.156608
537.891494 -48.678587
538.744478 -49.200566
539.597462 -49.722545
540.450448 -50.244521
541.303434 -50.766497
542.156419 -51.288473
543.009404 -51.810452
543.862388 -52.332430
544.715373 -52.854408
545.568358 -53.376384
546.421344 -53.898361
547.274329 -54.420337
548.127314 -54.942315
548.980299 -55.464292
549.833284 -55.986270
550.686268 -56.508248
551.539253 -57.030226
552.392238 -57.552203
553.245223 -58.074180
554.098208 -58.596158
554.951263 -59.118021
555.804535 -59.639529
556.657807 -60.161037
557.511079 -60.682545
558.364351 -61.204052
559.217623 -61.725560
560.071078 -62.246769
560.924589 -62.767886
561.778099 -63.289003
562.631610 -63.810120
563.485121 -64.331236
564.338632 -64.852353
565.192143 -65.373470
566.045653 -65.894588
566.899164 -66.415705
567.752674 -66.936823
568.606185 -67.457940
569.459695 -67.979058
570.313206 -68.500175
571.166716 -69.021292
572.020227 -69.542410
572.873737 -70.063526
573.727248 -70.584643
574.580760 -71.105759
575.434270 -71.626877
576.287780 -72.147994
577.141291 -72.669112
577.994801 -73.190229
578.848312 -73.711346
579.701822 -74.232464
580.555333 -74.753581
581.408843 -75.274699
582.262353 -75.795817
583.115864 -76.316934
583.969375 -76.838051
584.822885 -77.359168
585.676396 -77.880285
586.529906 -78.401403
587.383416 -78.922520
588.236927 -79.443637
589.090438 -79.964753
589.943949 -80.485870
590.797138 -81.007513
591.650290 -81.529218
592.503441 -82.050923
593.356492 -82.572792

[right] sid=100, seg=0, num=72
531.172484 -48.110732
532.024753 -48.633877
532.877022 -49.157023
533.729291 -49.680170
534.581560 -50.203316
535.433828 -50.726462
536.286097 -51.249607
537.138366 -51.772753
537.990635 -52.295899
538.842904 -52.819044
539.695173 -53.342190
540.547442 -53.865336
541.399711 -54.388482
542.251980 -54.911628
543.104260 -55.434754
543.956586 -55.957808
544.808912 -56.480861
545.661238 -57.003913
546.513565 -57.526965
547.365902 -58.049999
548.218264 -58.572993
549.070627 -59.095986
549.922989 -59.618979
550.775351 -60.141973
551.627714 -60.664967
552.480076 -61.187960
553.332438 -61.710954
554.184801 -62.233947
555.037163 -62.756941
555.889525 -63.279934
556.741888 -63.802927
557.594250 -64.325921
558.446612 -64.848914
559.298975 -65.371907
560.151337 -65.894901
561.003699 -66.417894
561.856062 -66.940887
562.708424 -67.463881
563.560786 -67.986874
564.413149 -68.509867
565.265511 -69.032861
566.118278 -69.555194
566.971167 -70.077328
567.824055 -70.599463
568.676944 -71.121597
569.529833 -71.643732
570.382721 -72.165866
571.235610 -72.688001
572.088499 -73.210135
572.941387 -73.732270
573.794276 -74.254404
574.647165 -74.776538
575.500054 -75.298673
576.352942 -75.820807
577.205831 -76.342941
578.058720 -76.865076
578.911609 -77.387210
579.764497 -77.909345
580.617386 -78.431479
581.470274 -78.953614
582.323163 -79.475748
583.176052 -79.997882
584.028941 -80.520016
584.881829 -81.042151
585.734718 -81.564285
586.587606 -82.086420
587.440495 -82.608555
588.293383 -83.130690
589.146272 -83.652824
589.999161 -84.174957
590.852050 -84.697091
591.704939 -85.219225

[center] sid=101, seg=0, num=72
530.242273 -49.600653
531.092450 -50.127193
531.942626 -50.653733
532.792802 -51.180272
533.642979 -51.706812
534.493776 -52.232341
535.347731 -52.752730
536.201686 -53.273119
537.055495 -53.793747
537.908662 -54.315427
538.761828 -54.837108
539.614975 -55.358822
540.468035 -55.880676
541.321095 -56.402530
542.174161 -56.924376
543.027249 -57.446184
543.880338 -57.967992
544.733427 -58.489800
545.586516 -59.011607
546.439610 -59.533406
547.292717 -60.055184
548.145824 -60.576962
548.998930 -61.098741
549.852037 -61.620519
550.705144 -62.142297
551.558250 -62.664076
552.411357 -63.185854
553.264464 -63.707632
554.117571 -64.229410
554.970678 -64.751188
555.823784 -65.272967
556.676891 -65.794745
557.529998 -66.316523
558.383105 -66.838301
559.236211 -67.360080
560.089318 -67.881858
560.942425 -68.403636
561.795532 -68.925414
562.648638 -69.447192
563.501745 -69.968971
564.354852 -70.490749
565.208155 -71.012205
566.061525 -71.533554
566.914894 -72.054902
567.767571 -72.577382
568.620032 -73.100214
569.472493 -73.623046
570.324764 -74.146189
571.176982 -74.669417
572.029200 -75.192646
572.881418 -75.715874
573.733636 -76.239103
574.585854 -76.762331
575.438072 -77.285560
576.290289 -77.808788
577.142507 -78.332017
577.994725 -78.855246
578.846943 -79.378475
579.699161 -79.901703
580.551379 -80.424932
581.403597 -80.948160
582.255815 -81.471388
583.108033 -81.994616
583.960251 -82.517845
584.812469 -83.041073
585.664687 -83.564302
586.516904 -84.087530
587.369122 -84.610759
588.217509 -85.140170
589.065308 -85.670528
589.913107 -86.200887
590.759738 -86.733108

[left] sid=101, seg=0, num=72
531.172484 -48.110732
532.024753 -48.633877
532.877022 -49.157023
533.729291 -49.680170
534.581560 -50.203316
535.433828 -50.726462
536.286097 -51.249607
537.138366 -51.772753
537.990635 -52.295899
538.842904 -52.819044
539.695173 -53.342190
540.547442 -53.865336
541.399711 -54.388482
542.251980 -54.911628
543.104260 -55.434754
543.956586 -55.957808
544.808912 -56.480861
545.661238 -57.003913
546.513565 -57.526965
547.365902 -58.049999
548.218264 -58.572993
549.070627 -59.095986
549.922989 -59.618979
550.775351 -60.141973
551.627714 -60.664967
552.480076 -61.187960
553.332438 -61.710954
554.184801 -62.233947
555.037163 -62.756941
555.889525 -63.279934
556.741888 -63.802927
557.594250 -64.325921
558.446612 -64.848914
559.298975 -65.371907
560.151337 -65.894901
561.003699 -66.417894
561.856062 -66.940887
562.708424 -67.463881
563.560786 -67.986874
564.413149 -68.509867
565.265511 -69.032861
566.118278 -69.555194
566.971167 -70.077328
567.824055 -70.599463
568.676944 -71.121597
569.529833 -71.643732
570.382721 -72.165866
571.235610 -72.688001
572.088499 -73.210135
572.941387 -73.732270
573.794276 -74.254404
574.647165 -74.776538
575.500054 -75.298673
576.352942 -75.820807
577.205831 -76.342941
578.058720 -76.865076
578.911609 -77.387210
579.764497 -77.909345
580.617386 -78.431479
581.470274 -78.953614
582.323163 -79.475748
583.176052 -79.997882
584.028941 -80.520016
584.881829 -81.042151
585.734718 -81.564285
586.587606 -82.086420
587.440495 -82.608555
588.293383 -83.130690
589.146272 -83.652824
589.999161 -84.174957
590.852050 -84.697091
591.704939 -85.219225

[right] sid=101, seg=0, num=72
529.191046 -51.284325
530.099200 -51.703012
530.964432 -52.203470
531.824835 -52.713128
532.685238 -53.222785
533.545642 -53.732440
534.402320 -54.248310
535.257124 -54.767301
536.111929 -55.286293
536.966272 -55.806044
537.820122 -56.326607
538.673971 -56.847169
539.527820 -57.367731
540.381670 -57.888293
541.235520 -58.408854
542.089369 -58.929416
542.943219 -59.449978
543.797069 -59.970540
544.650918 -60.491102
545.504768 -61.011663
546.358617 -61.532225
547.212467 -62.052787
548.066316 -62.573349
548.920166 -63.093911
549.774015 -63.614473
550.627865 -64.135035
551.481714 -64.655597
552.335564 -65.176159
553.189413 -65.696721
554.043263 -66.217283
554.897112 -66.737845
555.750961 -67.258407
556.604811 -67.778969
557.458660 -68.299531
558.312510 -68.820093
559.166359 -69.340655
560.020209 -69.861217
560.874058 -70.381779
561.727907 -70.902341
562.581757 -71.422903
563.435606 -71.943465
564.289455 -72.464027
565.143305 -72.984589
565.997154 -73.505151
566.850750 -74.026126
567.702296 -74.550448
568.553842 -75.074770
569.405387 -75.599092
570.256933 -76.123414
571.108479 -76.647735
571.960025 -77.172057
572.811571 -77.696379
573.663116 -78.220701
574.514662 -78.745023
575.366208 -79.269344
576.217754 -79.793666
577.069299 -80.317988
577.920845 -80.842310
578.772390 -81.366632
579.623936 -81.890954
580.475482 -82.415276
581.327027 -82.939598
582.178573 -83.463920
583.030119 -83.988242
583.881664 -84.512563
584.733210 -85.036885
585.584756 -85.561206
586.436302 -86.085528
587.285157 -86.614116
588.125195 -87.156684
588.965232 -87.699253
589.805270 -88.241820

[center] sid=102, seg=0, num=72
533.562916 -44.282678
534.416723 -44.803310
535.271282 -45.322706
536.126012 -45.841822
536.980741 -46.360937
537.835368 -46.880222
538.689323 -47.400612
539.543277 -47.921001
540.397233 -48.441389
541.251186 -48.961781
542.105119 -49.482206
542.959052 -50.002631
543.812985 -50.523056
544.666918 -51.043481
545.520851 -51.563906
546.374770 -52.084353
547.228610 -52.604931
548.082450 -53.125509
548.936290 -53.646087
549.790129 -54.166665
550.643969 -54.687244
551.497797 -55.207841
552.351570 -55.728528
553.205342 -56.249216
554.059115 -56.769904
554.912989 -57.290426
555.766947 -57.810810
556.620904 -58.331194
557.474896 -58.851524
558.328915 -59.371807
559.182934 -59.892091
560.036994 -60.412307
560.891089 -60.932467
561.745183 -61.452626
562.599294 -61.972758
563.453414 -62.492878
564.307527 -63.013007
565.161640 -63.533136
566.015753 -64.053265
566.869866 -64.573394
567.723978 -65.093525
568.578085 -65.613664
569.432193 -66.133802
570.286300 -66.653941
571.140407 -67.174080
571.994515 -67.694218
572.848622 -68.214357
573.702729 -68.734495
574.556837 -69.254634
575.410944 -69.774772
576.265052 -70.294911
577.119159 -70.815049
577.973266 -71.335188
578.827373 -71.855327
579.681480 -72.375466
580.535588 -72.895604
581.389695 -73.415743
582.243802 -73.935882
583.097902 -74.456032
583.951984 -74.976212
584.806066 -75.496393
585.660148 -76.016573
586.514229 -76.536754
587.368311 -77.056935
588.222377 -77.577141
589.076408 -78.097405
589.930438 -78.617670
590.784420 -79.138013
591.638296 -79.658533
592.492171 -80.179052
593.345972 -80.699692
594.199605 -81.220609

[left] sid=102, seg=0, num=72
534.352643 -43.017989
535.206952 -43.537796
536.063047 -44.054655
536.919513 -44.570902
537.775978 -45.087149
538.632216 -45.603771
539.487139 -46.122569
540.342061 -46.641367
541.196983 -47.160165
542.051901 -47.678972
542.906779 -48.197843
543.761657 -48.716713
544.616536 -49.235584
545.471413 -49.754456
546.326291 -50.273327
547.181140 -50.792246
548.035832 -51.311423
548.890524 -51.830601
549.745216 -52.349779
550.599908 -52.868956
551.454600 -53.388134
552.309268 -53.907351
553.163826 -54.426748
554.018385 -54.946146
554.872943 -55.465543
555.727618 -55.984748
556.582384 -56.503805
557.437149 -57.022861
558.291914 -57.541919
559.146678 -58.060978
560.001442 -58.580036
560.856192 -59.099119
561.710930 -59.618220
562.565668 -60.137321
563.420406 -60.656422
564.275133 -61.175544
565.129847 -61.694684
565.984561 -62.213825
566.839276 -62.732965
567.693990 -63.252105
568.548702 -63.771250
569.403405 -64.290409
570.258108 -64.809569
571.112811 -65.328728
571.967514 -65.847887
572.822217 -66.367046
573.676920 -66.886205
574.531623 -67.405364
575.386326 -67.924524
576.241029 -68.443683
577.095731 -68.962843
577.950434 -69.482002
578.805137 -70.001162
579.659840 -70.520321
580.514543 -71.039480
581.369246 -71.558639
582.223949 -72.077798
583.078652 -72.596957
583.933340 -73.116141
584.787992 -73.635384
585.642644 -74.154628
586.497295 -74.673871
587.351947 -75.193115
588.206598 -75.712359
589.061218 -76.231655
589.915767 -76.751068
590.770316 -77.270480
591.624865 -77.789892
592.479415 -78.309303
593.333965 -78.828715
594.188400 -79.348314
595.042590 -79.868316

[right] sid=102, seg=0, num=72
532.773208 -45.547337
533.626521 -46.068779
534.479555 -46.590676
535.332540 -47.112653
536.185525 -47.634630
537.038510 -48.156608
537.891494 -48.678587
538.744478 -49.200566
539.597462 -49.722545
540.450448 -50.244521
541.303434 -50.766497
542.156419 -51.288473
543.009404 -51.810452
543.862388 -52.332430
544.715373 -52.854408
545.568358 -53.376384
546.421344 -53.898361
547.274329 -54.420337
548.127314 -54.942315
548.980299 -55.464292
549.833284 -55.986270
550.686268 -56.508248
551.539253 -57.030226
552.392238 -57.552203
553.245223 -58.074180
554.098208 -58.596158
554.951263 -59.118021
555.804535 -59.639529
556.657807 -60.161037
557.511079 -60.682545
558.364351 -61.204052
559.217623 -61.725560
560.071078 -62.246769
560.924589 -62.767886
561.778099 -63.289003
562.631610 -63.810120
563.485121 -64.331236
564.338632 -64.852353
565.192143 -65.373470
566.045653 -65.894588
566.899164 -66.415705
567.752674 -66.936823
568.606185 -67.457940
569.459695 -67.979058
570.313206 -68.500175
571.166716 -69.021292
572.020227 -69.542410
572.873737 -70.063526
573.727248 -70.584643
574.580760 -71.105759
575.434270 -71.626877
576.287780 -72.147994
577.141291 -72.669112
577.994801 -73.190229
578.848312 -73.711346
579.701822 -74.232464
580.555333 -74.753581
581.408843 -75.274699
582.262353 -75.795817
583.115864 -76.316934
583.969375 -76.838051
584.822885 -77.359168
585.676396 -77.880285
586.529906 -78.401403
587.383416 -78.922520
588.236927 -79.443637
589.090438 -79.964753
589.943949 -80.485870
590.797138 -81.007513
591.650290 -81.529218
592.503441 -82.050923
593.356492 -82.572792

[center] sid=103, seg=0, num=20
515.603972 -36.808430
516.587326 -36.990247
517.570680 -37.172065
518.554035 -37.353882
519.537389 -37.535700
520.520743 -37.717517
521.504097 -37.899334
522.472028 -38.134715
523.401480 -38.503716
524.330932 -38.872718
525.260384 -39.241719
526.122279 -39.746178
526.976205 -40.266613
527.830132 -40.787049
528.683960 -41.307646
529.537769 -41.828275
530.391578 -42.348903
531.245389 -42.869528
532.099201 -43.390152
532.953013 -43.910776

[left] sid=103, seg=0, num=10
516.407532 -35.555741
517.343110 -35.908921
518.291748 -36.222744
519.271917 -36.416984
520.251263 -36.619098
521.230074 -36.823967
522.208885 -37.028836
523.185599 -37.242605
524.152884 -37.496385
525.120168 -37.750165

[left] sid=103, seg=1, num=10
525.893773 -37.953131
526.775749 -38.407790
527.630057 -38.927598
528.484366 -39.447406
529.338675 -39.967215
530.192983 -40.487023
531.047292 -41.006831
531.901601 -41.526640
532.755909 -42.046448
533.610218 -42.566256

[right] sid=103, seg=0, num=20
516.407528 -35.555745
517.261231 -36.076548
518.114934 -36.597350
518.968636 -37.118153
519.822339 -37.638957
520.676041 -38.159760
521.529743 -38.680565
522.383342 -39.201538
523.236940 -39.722511
524.090539 -40.243485
524.944137 -40.764458
525.797736 -41.285432
526.651334 -41.806406
527.504648 -42.327846
528.357961 -42.849286
529.211275 -43.370726
530.064588 -43.892167
530.917902 -44.413607
531.771216 -44.935047
532.624530 -45.456485

[center] sid=104, seg=0, num=20
515.603972 -36.808430
516.456951 -37.330416
517.309931 -37.852403
518.162911 -38.374389
519.015897 -38.896364
519.868884 -39.418339
520.721870 -39.940314
521.574806 -40.462372
522.427740 -40.984433
523.280674 -41.506493
524.133609 -42.028553
524.986543 -42.550613
525.839478 -43.072673
526.692279 -43.594951
527.545068 -44.117248
528.397858 -44.639545
529.250649 -45.161839
530.103441 -45.684132
530.956232 -46.206425
531.809025 -46.728718

[left] sid=104, seg=0, num=20
516.407528 -35.555745
517.261231 -36.076548
518.114934 -36.597350
518.968636 -37.118153
519.822339 -37.638957
520.676041 -38.159760
521.529743 -38.680565
522.383342 -39.201538
523.236940 -39.722511
524.090539 -40.243485
524.944137 -40.764458
525.797736 -41.285432
526.651334 -41.806406
527.504648 -42.327846
528.357961 -42.849286
529.211275 -43.370726
530.064588 -43.892167
530.917902 -44.413607
531.771216 -44.935047
532.624530 -45.456485

[right] sid=104, seg=0, num=20
514.800416 -38.061115
515.652684 -38.584261
516.504953 -39.107407
517.357222 -39.630553
518.209492 -40.153698
519.061761 -40.676844
519.914030 -41.199989
520.766299 -41.723136
521.618567 -42.246283
522.470835 -42.769430
523.323104 -43.292575
524.175374 -43.815721
525.027643 -44.338866
525.879912 -44.862011
526.732182 -45.385156
527.584451 -45.908301
528.436720 -46.431447
529.288989 -46.954592
530.141258 -47.477738
530.993528 -48.000883

[center] sid=105, seg=0, num=20
513.859316 -39.596884
514.714499 -40.115253
515.569682 -40.633621
516.424865 -41.151990
517.280048 -41.670358
518.135231 -42.188727
518.990414 -42.707095
519.845597 -43.225464
520.700780 -43.743832
521.555963 -44.262201
522.411146 -44.780569
523.266329 -45.298938
524.121512 -45.817306
524.974986 -46.338464
525.825163 -46.865003
526.675339 -47.391543
527.525515 -47.918083
528.375692 -48.444623
529.225868 -48.971163
530.076044 -49.497703

[left] sid=105, seg=0, num=20
514.800416 -38.061115
515.652684 -38.584261
516.504953 -39.107407
517.357222 -39.630553
518.209492 -40.153698
519.061761 -40.676844
519.914030 -41.199989
520.766299 -41.723136
521.618567 -42.246283
522.470835 -42.769430
523.323104 -43.292575
524.175374 -43.815721
525.027643 -44.338866
525.879912 -44.862011
526.732182 -45.385156
527.584451 -45.908301
528.436720 -46.431447
529.288989 -46.954592
530.141258 -47.477738
530.993528 -48.000883

[right] sid=105, seg=0, num=10
514.681257 -42.312663
515.534157 -42.834780
516.387056 -43.356897
517.239956 -43.879015
518.093844 -44.399512
518.949241 -44.917527
519.804838 -45.435212
520.660435 -45.952897
521.516442 -46.469904
522.372511 -46.986807

[center] sid=106, seg=0, num=29
594.810743 -81.593547
595.664321 -82.114554
596.517899 -82.635561
597.371477 -83.156567
598.225060 -83.677566
599.078643 -84.198564
599.932227 -84.719561
600.785816 -85.240549
601.639406 -85.761536
602.493034 -86.282461
603.347073 -86.802711
604.201113 -87.322961
605.055152 -87.843211
605.909191 -88.363461
606.763269 -88.883648
607.617822 -89.403053
608.472376 -89.922457
609.326948 -90.441832
610.181720 -90.960877
611.036493 -91.479921
611.891264 -91.998968
612.746023 -92.518035
613.600781 -93.037102
614.455541 -93.556167
615.310309 -94.075218
616.165078 -94.594270
617.019845 -95.113322
617.874611 -95.632378
618.729376 -96.151434

[left] sid=106, seg=0, num=29
595.660916 -80.244735
596.515076 -80.764786
597.369237 -81.284837
598.223398 -81.804888
599.077560 -82.324936
599.931721 -82.844985
600.785883 -83.365034
601.640044 -83.885085
602.494205 -84.405135
603.348365 -84.925187
604.202518 -85.445250
605.056672 -85.965312
605.910826 -86.485374
606.764978 -87.005438
607.619137 -87.525492
608.473344 -88.045466
609.327552 -88.565440
610.181759 -89.085414
611.035966 -89.605388
611.890174 -90.125362
612.744372 -90.645350
613.598510 -91.165439
614.452647 -91.685528
615.306785 -92.205616
616.160922 -92.725705
617.015059 -93.245794
617.869197 -93.765883
618.723334 -94.285971
619.577472 -94.806059

[right] sid=106, seg=0, num=29
593.960559 -82.942361
594.813563 -83.464308
595.666566 -83.986254
596.519570 -84.508201
597.372573 -85.030147
598.225577 -85.552094
599.078581 -86.074040
599.931584 -86.595987
600.784587 -87.117934
601.637692 -87.639715
602.491617 -88.160152
603.345542 -88.680590
604.199467 -89.201028
605.053392 -89.721466
605.907317 -90.241904
606.761562 -90.761813
607.616821 -91.280056
608.472081 -91.798298
609.327365 -92.316498
610.182731 -92.834564
611.038096 -93.352631
611.893462 -93.870698
612.748837 -94.388747
613.604235 -94.906761
614.459633 -95.424774
615.315031 -95.942787
616.170428 -96.460800
617.025826 -96.978814
617.881224 -97.496827

[center] sid=107, seg=0, num=29
593.132217 -84.264128
593.985163 -84.786168
594.838109 -85.308209
595.691055 -85.830249
596.544001 -86.352290
597.396948 -86.874330
598.249894 -87.396371
599.102839 -87.918412
599.955785 -88.440453
600.808787 -88.962403
601.662324 -89.483475
602.515862 -90.004548
603.369412 -90.525600
604.223070 -91.046475
605.076728 -91.567350
605.930563 -92.087937
606.785011 -92.607514
607.639459 -93.127092
608.494001 -93.646517
609.348874 -94.165396
610.203747 -94.684274
611.058675 -95.203062
611.913816 -95.721499
612.768983 -96.239894
613.624150 -96.758288
614.479330 -97.276660
615.334542 -97.794981
616.189753 -98.313301
617.044969 -98.831615

[left] sid=107, seg=0, num=29
593.960559 -82.942361
594.813563 -83.464308
595.666566 -83.986254
596.519570 -84.508201
597.372573 -85.030147
598.225577 -85.552094
599.078581 -86.074040
599.931584 -86.595987
600.784587 -87.117934
601.637692 -87.639715
602.491617 -88.160152
603.345542 -88.680590
604.199467 -89.201028
605.053392 -89.721466
605.907317 -90.241904
606.761562 -90.761813
607.616821 -91.280056
608.472081 -91.798298
609.327365 -92.316498
610.182731 -92.834564
611.038096 -93.352631
611.893462 -93.870698
612.748837 -94.388747
613.604235 -94.906761
614.459633 -95.424774
615.315031 -95.942787
616.170428 -96.460800
617.025826 -96.978814
617.881224 -97.496827

[right] sid=107, seg=0, num=29
592.303881 -85.585893
593.156769 -86.108028
594.009658 -86.630163
594.862546 -87.152297
595.715435 -87.674432
596.568323 -88.196566
597.421212 -88.718700
598.274100 -89.240835
599.126989 -89.762970
599.979877 -90.285105
600.832766 -90.807238
601.685977 -91.328845
602.539368 -91.850158
603.392759 -92.371470
604.246151 -92.892782
605.099542 -93.414094
605.952934 -93.935406
606.806659 -94.456171
607.660552 -94.976661
608.514446 -95.497150
609.368995 -96.016561
610.223890 -96.535403
611.078785 -97.054246
611.933714 -97.573034
612.788660 -98.091792
613.643606 -98.610551
614.498616 -99.129203
615.353664 -99.647794
616.208711 -100.166385

[center] sid=108, seg=0, num=17
591.329984 -87.091739
591.953753 -87.873378
592.577522 -88.655016
593.201291 -89.436655
593.825060 -90.218293
594.448829 -90.999932
595.072599 -91.781571
595.696368 -92.563209
596.189528 -93.428343
596.454658 -94.383962
596.532004 -95.377994
596.526062 -96.377207
596.462644 -97.375222
596.319780 -98.363019
596.128590 -99.344600
595.863242 -100.308735
595.595088 -101.272134

[left] sid=108, seg=0, num=10
599.024952 -93.726329
598.884183 -94.716400
598.738347 -95.705708
598.581553 -96.693367
598.414293 -97.679020
598.194609 -98.654620
597.953339 -99.624708
597.678441 -100.586210
597.321687 -101.519597
596.934832 -102.441456

[right] sid=108, seg=0, num=14
590.396802 -88.623881
591.126909 -89.307248
591.795661 -90.048236
592.404643 -90.840485
592.944851 -91.681115
593.402449 -92.568766
593.777192 -93.494251
594.066379 -94.450775
594.256892 -95.431753
594.364208 -96.426005
594.403468 -97.424607
594.354113 -98.421735
594.239694 -99.414669
594.048350 -100.395984

[center] sid=109, seg=0, num=73
619.104206 -96.379050
619.958982 -96.898089
620.813751 -97.417139
621.668645 -97.935983
622.524361 -98.453471
623.380077 -98.970958
624.235793 -99.488446
625.091175 -100.006484
625.946092 -100.525289
626.801010 -101.044094
627.655895 -101.562953
628.510736 -102.081885
629.365576 -102.600818
630.220416 -103.119751
631.075256 -103.638684
631.930163 -104.157506
632.785109 -104.676265
633.640054 -105.195024
634.495000 -105.713783
635.349946 -106.232541
636.204892 -106.751300
637.059838 -107.270058
637.914784 -107.788817
638.769730 -108.307575
639.624675 -108.826334
640.479621 -109.345093
641.334567 -109.863852
642.189513 -110.382610
643.044459 -110.901369
643.899404 -111.420127
644.754350 -111.938886
645.609296 -112.457645
646.464242 -112.976403
647.319187 -113.495162
648.174133 -114.013921
649.029079 -114.532679
649.884025 -115.051438
650.738971 -115.570196
651.593504 -116.089634
652.448019 -116.609101
653.302535 -117.128568
654.156969 -117.648168
655.011401 -118.167772
655.865834 -118.687376
656.720166 -119.207145
657.574495 -119.726918
658.428825 -120.246690
659.283133 -120.766498
660.137441 -121.286306
660.991749 -121.806115
661.846016 -122.325990
662.700283 -122.845866
663.554550 -123.365741
664.408836 -123.885585
665.263123 -124.405429
666.117409 -124.925272
666.971691 -125.445124
667.825973 -125.964975
668.679862 -126.485470
669.533370 -127.006591
670.386878 -127.527711
671.240785 -128.048178
672.095068 -128.568025
672.949363 -129.087856
673.803677 -129.607653
674.657992 -130.127451
675.512308 -130.647245
676.366627 -131.167035
677.220946 -131.686825
678.074965 -132.207107
678.928381 -132.728378
679.781797 -133.249649
680.634086 -133.772753

[left] sid=109, seg=0, num=73
619.937556 -95.025316
620.791693 -95.545405
621.645831 -96.065493
622.500241 -96.585132
623.356275 -97.102093
624.212310 -97.619053
625.068344 -98.136014
625.923825 -98.653887
626.778574 -99.172972
627.633322 -99.692056
628.488220 -100.210894
629.343318 -100.729400
630.198417 -101.247907
631.053516 -101.766414
631.908614 -102.284921
632.763848 -102.803204
633.619158 -103.321363
634.474467 -103.839521
635.329777 -104.357680
636.185086 -104.875839
637.040396 -105.393998
637.895706 -105.912156
638.751015 -106.430315
639.606325 -106.948474
640.461634 -107.466632
641.316944 -107.984791
642.172253 -108.502950
643.027563 -109.021109
643.882872 -109.539267
644.738182 -110.057426
645.593491 -110.575584
646.448801 -111.093743
647.304110 -111.611902
648.159420 -112.130061
649.014729 -112.648220
649.870039 -113.166378
650.725348 -113.684537
651.580657 -114.202696
652.435316 -114.721928
653.289953 -115.241194
654.144590 -115.760461
654.999228 -116.279728
655.853865 -116.798995
656.708502 -117.318262
657.563140 -117.837527
658.417778 -118.356792
659.272416 -118.876058
660.127054 -119.395323
660.981693 -119.914588
661.836329 -120.433855
662.690704 -120.953554
663.545079 -121.473252
664.399453 -121.992951
665.253828 -122.512649
666.108203 -123.032347
666.962578 -123.552044
667.816953 -124.071743
668.671328 -124.591441
669.525232 -125.111911
670.378691 -125.633113
671.232149 -126.154315
672.085607 -126.675517
672.939066 -127.196719
673.792452 -127.718039
674.645701 -128.239583
675.498950 -128.761127
676.352199 -129.282672
677.205449 -129.804215
678.058698 -130.325759
678.911747 -130.847630
679.764411 -131.370131
680.617074 -131.892633
681.467962 -132.418002

[right] sid=109, seg=0, num=62
618.270853 -97.732781
619.126251 -98.250794
619.981648 -98.768808
620.837046 -99.286820
621.692444 -99.804834
622.547841 -100.322847
623.403239 -100.840860
624.258637 -101.358873
625.114035 -101.876886
625.968983 -102.395642
626.823565 -102.914999
627.678146 -103.434357
628.532728 -103.953716
629.387310 -104.473074
630.241891 -104.992433
631.096473 -105.511791
631.951055 -106.031149
632.805636 -106.550508
633.660218 -107.069866
634.514800 -107.589224
635.369381 -108.108583
636.223963 -108.627941
637.078545 -109.147299
637.933126 -109.666658
638.787708 -110.186016
639.642290 -110.705374
640.496871 -111.224733
641.351453 -111.744091
642.206035 -112.263449
643.060616 -112.782807
643.915198 -113.302166
644.769780 -113.821524
645.624361 -114.340882
646.478943 -114.860241
647.333524 -115.379599
648.188106 -115.898957
649.042688 -116.418315
649.897270 -116.937673
650.751852 -117.457030
651.606239 -117.976708
652.460466 -118.496649
653.314693 -119.016591
654.168920 -119.536532
655.023148 -120.056473
655.877263 -120.576598
656.731240 -121.096949
657.585217 -121.617301
658.439194 -122.137652
659.293172 -122.658004
660.147149 -123.178355
661.001230 -123.698537
661.855427 -124.218526
662.709624 -124.738516
663.563822 -125.258506
664.418020 -125.778495
665.272217 -126.298484
666.126415 -126.818474
666.980612 -127.338464
667.834459 -127.859028
668.688000 -128.380095
669.541542 -128.901160
670.395920 -129.420851

[right] sid=109, seg=1, num=11
670.551207 -129.515009
671.406315 -130.033501
672.261422 -130.551993
673.116530 -131.070485
673.972109 -131.588197
674.827877 -132.105598
675.683645 -132.622999
676.538857 -133.141317
677.393449 -133.660659
678.248040 -134.180001
679.102002 -134.700375

[center] sid=110, seg=0, num=73
617.445176 -99.074155
618.300398 -99.592458
619.155620 -100.110762
620.010822 -100.629098
620.865911 -101.147621
621.720999 -101.666145
622.576054 -102.184725
623.431101 -102.703316
624.286148 -103.221908
625.140907 -103.740974
625.995468 -104.260367
626.850028 -104.779760
627.704589 -105.299153
628.559150 -105.818546
629.413711 -106.337938
630.268271 -106.857331
631.122832 -107.376725
631.977392 -107.896118
632.831953 -108.415511
633.686514 -108.934904
634.541075 -109.454296
635.395635 -109.973689
636.250196 -110.493082
637.104756 -111.012475
637.959317 -111.531868
638.813878 -112.051261
639.668438 -112.570654
640.522927 -113.090165
641.377356 -113.609775
642.231784 -114.129385
643.086129 -114.649133
643.940404 -115.168996
644.794678 -115.688860
645.648952 -116.208723
646.503227 -116.728587
647.357501 -117.248451
648.211775 -117.768314
649.066050 -118.288177
649.920325 -118.808040
650.774503 -119.328062
651.628600 -119.848217
652.482696 -120.368372
653.336864 -120.888412
654.191087 -121.408358
655.045455 -121.928067
655.900008 -122.447473
656.754561 -122.966879
657.609178 -123.486179
658.463874 -124.005350
659.318569 -124.524520
660.173062 -125.044024
661.027317 -125.563920
661.881571 -126.083816
662.735721 -126.603885
663.589748 -127.124154
664.443775 -127.644423
665.297803 -128.164692
666.151829 -128.684962
667.005681 -129.205520
667.859375 -129.726336
668.713069 -130.247152
669.567175 -130.767290
670.421653 -131.286820
671.276130 -131.806349
672.130657 -132.325797
672.985369 -132.844940
673.840209 -133.363873
674.695048 -133.882807
675.549633 -134.402159
676.403691 -134.922379
677.257748 -135.442598
678.111589 -135.963173
678.964884 -136.484643

[left] sid=110, seg=0, num=62
618.270853 -97.732781
619.126251 -98.250794
619.981648 -98.768808
620.837046 -99.286820
621.692444 -99.804834
622.547841 -100.322847
623.403239 -100.840860
624.258637 -101.358873
625.114035 -101.876886
625.968983 -102.395642
626.823565 -102.914999
627.678146 -103.434357
628.532728 -103.953716
629.387310 -104.473074
630.241891 -104.992433
631.096473 -105.511791
631.951055 -106.031149
632.805636 -106.550508
633.660218 -107.069866
634.514800 -107.589224
635.369381 -108.108583
636.223963 -108.627941
637.078545 -109.147299
637.933126 -109.666658
638.787708 -110.186016
639.642290 -110.705374
640.496871 -111.224733
641.351453 -111.744091
642.206035 -112.263449
643.060616 -112.782807
643.915198 -113.302166
644.769780 -113.821524
645.624361 -114.340882
646.478943 -114.860241
647.333524 -115.379599
648.188106 -115.898957
649.042688 -116.418315
649.897270 -116.937673
650.751852 -117.457030
651.606239 -117.976708
652.460466 -118.496649
653.314693 -119.016591
654.168920 -119.536532
655.023148 -120.056473
655.877263 -120.576598
656.731240 -121.096949
657.585217 -121.617301
658.439194 -122.137652
659.293172 -122.658004
660.147149 -123.178355
661.001230 -123.698537
661.855427 -124.218526
662.709624 -124.738516
663.563822 -125.258506
664.418020 -125.778495
665.272217 -126.298484
666.126415 -126.818474
666.980612 -127.338464
667.834459 -127.859028
668.688000 -128.380095
669.541542 -128.901160
670.395920 -129.420851

[left] sid=110, seg=1, num=11
670.551207 -129.515009
671.406315 -130.033501
672.261422 -130.551993
673.116530 -131.070485
673.972109 -131.588197
674.827877 -132.105598
675.683645 -132.622999
676.538857 -133.141317
677.393449 -133.660659
678.248040 -134.180001
679.102002 -134.700375

[right] sid=110, seg=0, num=58
616.619497 -100.415529
617.474545 -100.934120
618.329593 -101.452711
619.184602 -101.971365
620.039381 -102.490399
620.894160 -103.009433
621.748938 -103.528467
622.603717 -104.047502
623.458289 -104.566876
624.312828 -105.086304
625.167368 -105.605731
626.021907 -106.125159
626.876447 -106.644587
627.730986 -107.164015
628.585526 -107.683442
629.440066 -108.202870
630.294605 -108.722297
631.149145 -109.241725
632.003685 -109.761152
632.858225 -110.280579
633.712764 -110.800007
634.567304 -111.319434
635.421843 -111.838862
636.276383 -112.358290
637.130923 -112.877717
637.985462 -113.397145
638.840002 -113.916572
639.694541 -114.436000
640.549081 -114.955427
641.403093 -115.475721
642.257060 -115.996090
643.111027 -116.516458
643.964994 -117.036827
644.818961 -117.557196
645.672927 -118.077564
646.526894 -118.597933
647.380861 -119.118302
648.234827 -119.638671
649.088794 -120.159040
649.942761 -120.679408
650.796727 -121.199777
651.650694 -121.720146
652.504661 -122.240515
653.358627 -122.760884
654.213604 -123.279590
655.068677 -123.798140
655.923749 -124.316690
656.779132 -124.834727
657.634545 -125.352715
658.489958 -125.870704
659.345370 -126.388693
660.199888 -126.908153
661.053745 -127.428702
661.907602 -127.949250
662.761459 -128.469799
663.615316 -128.990348
664.469172 -129.510897
665.323029 -130.031446

[right] sid=110, seg=1, num=15
665.743948 -130.288055
666.597794 -130.808622
667.451640 -131.329189
668.305485 -131.849757
669.159330 -132.370325
670.013176 -132.890893
670.867027 -133.411451
671.721061 -133.931708
672.575096 -134.451964
673.429119 -134.972241
674.282776 -135.493117
675.136433 -136.013994
675.990078 -136.534890
676.843415 -137.056290
677.696753 -137.577689

[center] sid=111, seg=0, num=72
615.703932 -101.903171
616.559429 -102.421022
617.414925 -102.938872
618.270421 -103.456722
619.125917 -103.974573
619.981189 -104.492793
620.835022 -105.013382
621.688855 -105.533970
622.542585 -106.054728
623.396298 -106.575512
624.250011 -107.096297
625.103714 -107.617099
625.957416 -108.137902
626.811118 -108.658706
627.664786 -109.179565
628.518449 -109.700431
629.372113 -110.221297
630.225777 -110.742163
631.079441 -111.263028
631.933105 -111.783893
632.786769 -112.304759
633.640432 -112.825624
634.494096 -113.346490
635.347760 -113.867356
636.201424 -114.388221
637.055088 -114.909087
637.908751 -115.429953
638.762415 -115.950818
639.616079 -116.471684
640.469479 -116.992981
641.322856 -117.514317
642.176233 -118.035653
643.029609 -118.556989
643.882986 -119.078325
644.736362 -119.599661
645.589833 -120.120844
646.443311 -120.642012
647.296790 -121.163181
648.150313 -121.684277
649.003841 -122.205366
649.857368 -122.726455
650.710895 -123.247545
651.564422 -123.768634
652.417949 -124.289724
653.271980 -124.809987
654.126062 -125.330167
654.980143 -125.850348
655.834380 -126.370273
656.688632 -126.890174
657.542884 -127.410074
658.397135 -127.929975
659.250942 -128.450604
660.104415 -128.971783
660.957887 -129.492962
661.811359 -130.014142
662.664831 -130.535321
663.518304 -131.056501
664.371776 -131.577679
665.225246 -132.098863
666.078712 -132.620052
666.932179 -133.141240
667.785645 -133.662429
668.639111 -134.183618
669.492578 -134.704807
670.345849 -135.226314
671.198951 -135.748099
672.052054 -136.269884
672.904740 -136.792348
673.757072 -137.315389
674.609405 -137.838430
675.461554 -138.361769
676.313552 -138.885354

[left] sid=111, seg=0, num=58
616.619497 -100.415529
617.474545 -100.934120
618.329593 -101.452711
619.184602 -101.971365
620.039381 -102.490399
620.894160 -103.009433
621.748938 -103.528467
622.603717 -104.047502
623.458289 -104.566876
624.312828 -105.086304
625.167368 -105.605731
626.021907 -106.125159
626.876447 -106.644587
627.730986 -107.164015
628.585526 -107.683442
629.440066 -108.202870
630.294605 -108.722297
631.149145 -109.241725
632.003685 -109.761152
632.858225 -110.280579
633.712764 -110.800007
634.567304 -111.319434
635.421843 -111.838862
636.276383 -112.358290
637.130923 -112.877717
637.985462 -113.397145
638.840002 -113.916572
639.694541 -114.436000
640.549081 -114.955427
641.403093 -115.475721
642.257060 -115.996090
643.111027 -116.516458
643.964994 -117.036827
644.818961 -117.557196
645.672927 -118.077564
646.526894 -118.597933
647.380861 -119.118302
648.234827 -119.638671
649.088794 -120.159040
649.942761 -120.679408
650.796727 -121.199777
651.650694 -121.720146
652.504661 -122.240515
653.358627 -122.760884
654.213604 -123.279590
655.068677 -123.798140
655.923749 -124.316690
656.779132 -124.834727
657.634545 -125.352715
658.489958 -125.870704
659.345370 -126.388693
660.199888 -126.908153
661.053745 -127.428702
661.907602 -127.949250
662.761459 -128.469799
663.615316 -128.990348
664.469172 -129.510897
665.323029 -130.031446

[left] sid=111, seg=1, num=15
665.743948 -130.288055
666.597794 -130.808622
667.451640 -131.329189
668.305485 -131.849757
669.159330 -132.370325
670.013176 -132.890893
670.867027 -133.411451
671.721061 -133.931708
672.575096 -134.451964
673.429119 -134.972241
674.282776 -135.493117
675.136433 -136.013994
675.990078 -136.534890
676.843415 -137.056290
677.696753 -137.577689

[right] sid=111, seg=0, num=6
676.168775 -140.955587
677.030815 -141.462470
677.884901 -141.982566
678.725680 -142.523801
679.527694 -143.119692
680.305045 -143.748727

[right] sid=111, seg=1, num=72
614.654916 -103.607382
615.566206 -104.018681
616.460396 -104.466415
617.349244 -104.923774
618.202129 -105.445913
619.055014 -105.968053
619.907899 -106.490193
620.760784 -107.012333
621.613669 -107.534474
622.466554 -108.056614
623.319438 -108.578756
624.172322 -109.100898
625.025206 -109.623039
625.878035 -110.145270
626.730820 -110.667573
627.583606 -111.189875
628.436391 -111.712178
629.289177 -112.234481
630.141962 -112.756783
630.994748 -113.279085
631.847533 -113.801387
632.700319 -114.323690
633.553105 -114.845992
634.405890 -115.368294
635.258676 -115.890597
636.111461 -116.412899
636.964247 -116.935201
637.817032 -117.457504
638.669818 -117.979806
639.522603 -118.502108
640.375389 -119.024411
641.228174 -119.546713
642.080960 -120.069016
642.933745 -120.591319
643.786530 -121.113622
644.639315 -121.635925
645.492383 -122.157765
646.345470 -122.679575
647.198557 -123.201385
648.051645 -123.723194
648.904732 -124.245003
649.757819 -124.766812
650.610906 -125.288622
651.463993 -125.810432
652.317080 -126.332241
653.170167 -126.854051
654.023255 -127.375860
654.876342 -127.897669
655.729429 -128.419479
656.582516 -128.941288
657.435603 -129.463098
658.288690 -129.984907
659.141777 -130.506717
659.994865 -131.028526
660.847952 -131.550335
661.701039 -132.072145
662.554125 -132.593955
663.407212 -133.115765
664.260299 -133.637574
665.113386 -134.159384
665.966474 -134.681193
666.819561 -135.203002
667.672648 -135.724812
668.525735 -136.246621
669.378822 -136.768430
670.231909 -137.290239
671.083164 -137.815032
671.934275 -138.340058
672.785387 -138.865083
673.636387 -139.390289
674.487026 -139.916079
675.337666 -140.441869

[center] sid=112, seg=0, num=29
591.329984 -87.091739
592.184588 -87.611061
593.039192 -88.130382
593.893797 -88.649703
594.748401 -89.169025
595.603005 -89.688346
596.457609 -90.207668
597.312214 -90.726989
598.166818 -91.246310
599.021422 -91.765632
599.876027 -92.284953
600.730631 -92.804275
601.585235 -93.323596
602.439840 -93.842917
603.294444 -94.362239
604.149048 -94.881560
605.003652 -95.400882
605.858257 -95.920203
606.712861 -96.439524
607.567465 -96.958846
608.422070 -97.478167
609.276674 -97.997488
610.131278 -98.516810
610.985882 -99.036131
611.840487 -99.555453
612.695091 -100.074774
613.549695 -100.594095
614.404299 -101.113417
615.258904 -101.632738

[left] sid=112, seg=0, num=29
592.303881 -85.585893
593.156769 -86.108028
594.009658 -86.630163
594.862546 -87.152297
595.715435 -87.674432
596.568323 -88.196566
597.421212 -88.718700
598.274100 -89.240835
599.126989 -89.762970
599.979877 -90.285105
600.832766 -90.807238
601.685977 -91.328845
602.539368 -91.850158
603.392759 -92.371470
604.246151 -92.892782
605.099542 -93.414094
605.952934 -93.935406
606.806659 -94.456171
607.660552 -94.976661
608.514446 -95.497150
609.368995 -96.016561
610.223890 -96.535403
611.078785 -97.054246
611.933714 -97.573034
612.788660 -98.091792
613.643606 -98.610551
614.498616 -99.129203
615.353664 -99.647794
616.208711 -100.166385

[right] sid=112, seg=0, num=11
599.024952 -93.726329
599.881107 -94.243091
600.737261 -94.759852
601.593416 -95.276614
602.449570 -95.793376
603.305927 -96.309801
604.162330 -96.826152
605.018732 -97.342503
605.875134 -97.858854
606.731537 -98.375205
607.587939 -98.891556

[center] sid=113, seg=0, num=197
687.211937 -133.104848
686.358927 -132.582912
685.505917 -132.060977
684.652907 -131.539042
683.799896 -131.017107
682.946886 -130.495172
682.093815 -129.973337
681.240229 -129.452345
680.386643 -128.931352
679.533057 -128.410359
678.679471 -127.889365
677.825452 -127.369083
676.971028 -126.849468
676.116603 -126.329852
675.262178 -125.810235
674.407755 -125.290617
673.553331 -124.770999
672.699003 -124.251224
671.844765 -123.731301
670.990527 -123.211378
670.136393 -122.691284
669.282351 -122.171039
668.428309 -121.650794
667.574324 -121.130455
666.720392 -120.610030
665.866459 -120.089605
665.012527 -119.569180
664.158595 -119.048754
663.304663 -118.528329
662.450731 -118.007904
661.596799 -117.487479
660.742866 -116.967054
659.888934 -116.446629
659.035001 -115.926205
658.181068 -115.405781
657.327136 -114.885356
656.473203 -114.364930
655.619271 -113.844505
654.765339 -113.324080
653.911407 -112.803655
653.057474 -112.283229
652.203542 -111.762805
651.349609 -111.242380
650.495676 -110.721956
649.641744 -110.201531
648.787812 -109.681105
647.933742 -109.160906
647.079272 -108.641364
646.224803 -108.121821
645.370287 -107.602354
644.515639 -107.083106
643.660990 -106.563857
642.806332 -106.044624
641.951648 -105.525436
641.096963 -105.006248
640.242242 -104.487118
639.387417 -103.968161
638.532591 -103.449204
637.677766 -102.930247
636.822941 -102.411289
635.968116 -101.892331
635.113291 -101.373374
634.258466 -100.854417
633.403640 -100.335459
632.548815 -99.816502
631.693990 -99.297545
630.839164 -98.778588
629.984339 -98.259631
629.129513 -97.740674
628.274688 -97.221717
627.419865 -96.702755
626.565049 -96.183783
625.710233 -95.664811
624.855432 -95.145812
624.000677 -94.626740
623.145922 -94.107667
622.291060 -93.588771
621.435884 -93.070392
620.580707 -92.552012
619.725532 -92.033632
618.870360 -91.515246
618.015118 -90.996976
617.159647 -90.479083
616.304177 -89.961191
615.448706 -89.443298
614.593235 -88.925405
613.737765 -88.407512
612.882294 -87.889619
612.026824 -87.371726
611.171353 -86.853833
610.315883 -86.335939
609.460412 -85.818046
608.604942 -85.300153
607.749932 -84.781502
606.896137 -84.260851
606.042342 -83.740200
605.188547 -83.219549
604.334752 -82.698898
603.480957 -82.178248
602.626668 -81.658409
601.771424 -81.140142
600.916179 -80.621876
600.061112 -80.103317
599.206451 -79.584089
598.351790 -79.064861
597.497143 -78.545609
596.642529 -78.026305
595.787914 -77.507000
594.932861 -76.988419
594.076979 -76.471206
593.221097 -75.953993
592.365232 -75.436753
591.509396 -74.919464
590.653560 -74.402174
589.797502 -73.885253
588.941069 -73.368953
588.084636 -72.852654
587.228428 -72.335981
586.372631 -71.818627
585.516834 -71.301273
584.661037 -70.783919
583.805240 -70.266565
582.949443 -69.749212
582.093176 -69.232637
581.236165 -68.717297
580.379154 -68.201958
579.522143 -67.686618
578.665845 -67.170097
577.811495 -66.650358
576.957144 -66.130620
576.102794 -65.610881
575.248443 -65.091142
574.394092 -64.571403
573.539741 -64.051665
572.685391 -63.531926
571.831040 -63.012188
570.976695 -62.492439
570.122367 -61.972664
569.268038 -61.452889
568.413723 -60.933092
567.559441 -60.413240
566.705159 -59.893388
565.850885 -59.373522
564.996632 -58.853624
564.142378 -58.333726
563.288125 -57.813826
562.433877 -57.293919
561.579629 -56.774011
560.725381 -56.254104
559.871132 -55.734197
559.016884 -55.214291
558.162635 -54.694384
557.308387 -54.174477
556.454138 -53.654570
555.599890 -53.134664
554.745641 -52.614757
553.891392 -52.094850
553.037060 -51.575081
552.182529 -51.055638
551.327999 -50.536195
550.473468 -50.016753
549.618903 -49.497365
548.764336 -48.977983
547.909768 -48.458601
547.055199 -47.939221
546.200630 -47.419840
545.346061 -46.900460
544.491493 -46.381080
543.636924 -45.861700
542.782355 -45.342320
541.928037 -44.822527
541.073731 -44.302714
540.219425 -43.782901
539.365152 -43.263035
538.510879 -42.743168
537.656606 -42.223301
536.802561 -41.703060
535.948517 -41.182818
535.094473 -40.662575
534.240428 -40.142333
533.386384 -39.622090
532.532340 -39.101848
531.678297 -38.581603
530.824484 -38.060981
529.970913 -37.539963
529.117342 -37.018944
528.263771 -36.497925
527.410200 -35.976906
526.556630 -35.455887
525.703048 -34.934886
524.849456 -34.413902
523.995864 -33.892917
523.142210 -33.372035
522.288497 -32.851249
521.434784 -32.330462
520.581030 -31.809744
519.727236 -31.289090

[left] sid=113, seg=0, num=188
686.134632 -134.881056
685.283674 -134.355782
684.432716 -133.830509
683.581757 -133.305235
682.730798 -132.779962
681.879839 -132.254690
681.028758 -131.729615
680.176643 -131.206220
679.324528 -130.682825
678.472413 -130.159431
677.620296 -129.636038
676.767312 -129.114064
675.913513 -128.593420
675.059714 -128.072776
674.205915 -127.552131
673.352118 -127.031485
672.498321 -126.510839
671.644523 -125.990193
670.790726 -125.469546
669.936928 -124.948900
669.083131 -124.428254
668.229333 -123.907608
667.375536 -123.386962
666.521738 -122.866316
665.667940 -122.345671
664.814142 -121.825025
663.960344 -121.304380
663.106546 -120.783734
662.252748 -120.263088
661.398950 -119.742443
660.545152 -119.221798
659.691353 -118.701154
658.837555 -118.180508
657.983758 -117.659863
657.129960 -117.139217
656.276162 -116.618572
655.422363 -116.097927
654.568565 -115.577282
653.714766 -115.056637
652.860968 -114.535992
652.007170 -114.015347
651.153372 -113.494701
650.299574 -112.974055
649.445776 -112.453410
648.591978 -111.932764
647.738180 -111.412119
646.884110 -110.891921
646.029239 -110.373040
645.174367 -109.854159
644.319496 -109.335277
643.464624 -108.816396
642.609753 -108.297515
641.754881 -107.778634
640.900010 -107.259753
640.045138 -106.740873
639.190266 -106.221992
638.335395 -105.703110
637.480524 -105.184228
636.625653 -104.665347
635.770781 -104.146466
634.915910 -103.627585
634.061038 -103.108703
633.206167 -102.589822
632.351295 -102.070941
631.496424 -101.552060
630.641552 -101.033179
629.786681 -100.514298
628.931810 -99.995416
628.076938 -99.476535
627.222066 -98.957654
626.367195 -98.438773
625.512323 -97.919892
624.657452 -97.401011
623.802580 -96.882130
622.947708 -96.363249
622.092837 -95.844368
621.237742 -95.325855
620.381994 -94.808422
619.526245 -94.290988
618.670496 -93.773555
617.814748 -93.256122
616.958861 -92.738917
616.102517 -92.222469
615.246173 -91.706021
614.389830 -91.189573
613.533486 -90.673125
612.677143 -90.156676
611.820799 -89.640228
610.964456 -89.123780
610.108112 -88.607331
609.251769 -88.090883
608.395425 -87.574435
607.539082 -87.057986
606.683653 -86.540033
605.830660 -86.018068
604.977667 -85.496104
604.124674 -84.974140
603.271681 -84.452176
602.418689 -83.930212
601.564861 -83.409620
600.709401 -82.891709
599.853941 -82.373798
598.998880 -81.855231
598.144726 -81.335169
597.290572 -80.815108
596.436418 -80.295046
595.582264 -79.774984
594.728110 -79.254922
593.873069 -78.736325
593.016353 -78.220495
592.159637 -77.704665
591.302921 -77.188835
590.446204 -76.673005
589.589488 -76.157175
588.732329 -75.642083
587.874419 -75.128240
587.016509 -74.614398
586.159048 -74.099809
585.302406 -73.583855
584.445764 -73.067902
583.589122 -72.551948
582.732480 -72.035995
581.875839 -71.520041
581.018263 -71.005646
580.159204 -70.493727
579.300145 -69.981807
578.441087 -69.469888
577.583448 -68.955613
576.729698 -68.434889
575.875947 -67.914165
575.022197 -67.393441
574.168446 -66.872717
573.314696 -66.351992
572.460946 -65.831268
571.607195 -65.310544
570.753444 -64.789820
569.899694 -64.269097
569.045943 -63.748372
568.192193 -63.227648
567.338443 -62.706923
566.484692 -62.186199
565.630942 -61.665475
564.777191 -61.144750
563.923441 -60.624026
563.069691 -60.103302
562.215940 -59.582577
561.362190 -59.061852
560.508440 -58.541128
559.654690 -58.020403
558.800940 -57.499678
557.947189 -56.978954
557.093439 -56.458230
556.239688 -55.937506
555.385937 -55.416783
554.532186 -54.896060
553.678435 -54.375335
552.824685 -53.854611
551.970768 -53.334160
551.116453 -52.814362
550.262138 -52.294564
549.407824 -51.774766
548.553440 -51.255082
547.699048 -50.735409
546.844657 -50.215737
545.990266 -49.696065
545.135874 -49.176393
544.281483 -48.656721
543.427091 -48.137050
542.572699 -47.617378
541.718307 -47.097707
540.863915 -46.578037
540.009523 -46.058366
539.155130 -45.538696
538.300740 -45.019022
537.446349 -44.499349
536.591958 -43.979675
535.737566 -43.460004
534.883175 -42.940332
534.028783 -42.420661
533.174390 -41.900991
532.319997 -41.381321
531.465605 -40.861651
530.611215 -40.341977
529.757279 -39.821557
528.903833 -39.300334
528.050387 -38.779110
527.196940 -38.257887
526.343493 -37.736666

[left] sid=113, seg=1, num=10
525.980361 -37.514890
525.126915 -36.993665
524.273429 -36.472508
523.419941 -35.951354
522.566452 -35.430201
521.712962 -34.909049
520.859473 -34.387896
520.005984 -33.866744
519.152495 -33.345590
518.299006 -32.824436

[right] sid=113, seg=0, num=197
688.309898 -131.341160
687.454849 -130.822572
686.599800 -130.303984
685.744751 -129.785396
684.889701 -129.266809
684.034651 -128.748223
683.179601 -128.229636
682.324552 -127.711048
681.469503 -127.192460
680.614454 -126.673872
679.759404 -126.155285
678.904354 -125.636699
678.049305 -125.118112
677.194256 -124.599523
676.339208 -124.080934
675.484159 -123.562345
674.629110 -123.043757
673.774061 -122.525169
672.919042 -122.006531
672.064714 -121.486755
671.210387 -120.966980
670.356059 -120.447204
669.501733 -119.927426
668.647657 -119.407236
667.793591 -118.887031
666.939524 -118.366826
666.085458 -117.846621
665.231392 -117.326416
664.377326 -116.806210
663.523259 -116.286006
662.669192 -115.765802
661.815125 -115.245597
660.961058 -114.725393
660.106992 -114.205189
659.252925 -113.684984
658.398859 -113.164779
657.544793 -112.644573
656.690727 -112.124367
655.836660 -111.604162
654.982593 -111.083958
654.128527 -110.563754
653.274460 -110.043549
652.420393 -109.523345
651.566326 -109.003141
650.712260 -108.482936
649.858193 -107.962730
649.004127 -107.442525
648.150060 -106.922322
647.295992 -106.402118
646.441925 -105.881915
645.587479 -105.362332
644.733017 -104.842777
643.878555 -104.323223
643.024093 -103.803667
642.169631 -103.284112
641.314988 -102.764855
640.460209 -102.245822
639.605430 -101.726789
638.750650 -101.207756
637.895871 -100.688723
637.041092 -100.169690
636.186313 -99.650656
635.331534 -99.131623
634.476755 -98.612590
633.621976 -98.093556
632.767197 -97.574523
631.912418 -97.055490
631.057638 -96.536456
630.202859 -96.017423
629.348080 -95.498390
628.493301 -94.979357
627.638522 -94.460324
626.783743 -93.941290
625.929051 -93.422112
625.074413 -92.902847
624.219775 -92.383582
623.365136 -91.864316
622.510530 -91.344999
621.655935 -90.825662
620.801340 -90.306326
619.946745 -89.786989
619.092150 -89.267653
618.237555 -88.748316
617.382960 -88.228980
616.528365 -87.709644
615.673769 -87.190308
614.819174 -86.670971
613.964579 -86.151635
613.109984 -85.632299
612.255389 -85.112963
611.400793 -84.593626
610.546198 -84.074290
609.691603 -83.554953
608.837008 -83.035617
607.982413 -82.516280
607.127818 -81.996944
606.273223 -81.477608
605.418628 -80.958271
604.564032 -80.438935
603.709437 -79.919599
602.854507 -79.400814
601.999339 -78.882421
601.144172 -78.364028
600.289004 -77.845634
599.433837 -77.327241
598.578669 -76.808847
597.723573 -76.290337
596.868528 -75.771742
596.013482 -75.253147
595.158437 -74.734552
594.303392 -74.215957
593.448369 -73.697325
592.593419 -73.178572
591.738469 -72.659820
590.883520 -72.141067
590.028570 -71.622314
589.173620 -71.103562
588.318670 -70.584809
587.463721 -70.066057
586.608771 -69.547304
585.753821 -69.028552
584.898872 -68.509799
584.043922 -67.991046
583.188972 -67.472293
582.334022 -66.953540
581.479072 -66.434788
580.624123 -65.916036
579.769173 -65.397283
578.914224 -64.878529
578.059274 -64.359776
577.204324 -63.841024
576.349375 -63.322271
575.494425 -62.803519
574.639475 -62.284767
573.784525 -61.766014
572.929575 -61.247262
572.074625 -60.728509
571.219675 -60.209756
570.364756 -59.690954
569.509943 -59.171975
568.655131 -58.652996
567.800318 -58.134017
566.945506 -57.615038
566.090744 -57.095975
565.235999 -56.576886
564.381254 -56.057796
563.526508 -55.538707
562.671762 -55.019618
561.817016 -54.500530
560.962270 -53.981441
560.107524 -53.462353
559.252778 -52.943264
558.398033 -52.424174
557.543288 -51.905085
556.688543 -51.385995
555.833797 -50.866906
554.979051 -50.347817
554.124305 -49.828729
553.269559 -49.309640
552.414813 -48.790552
551.560066 -48.271464
550.705321 -47.752374
549.850577 -47.233283
548.995832 -46.714193
548.141087 -46.195103
547.286341 -45.676013
546.431596 -45.156924
545.576850 -44.637835
544.722104 -44.118746
543.867358 -43.599657
543.013031 -43.079880
542.158846 -42.559868
541.304661 -42.039857
540.450477 -41.519844
539.596293 -40.999832
538.742188 -40.479689
537.888492 -39.958875
537.034797 -39.438060
536.181101 -38.917246
535.327404 -38.396433
534.473708 -37.875620
533.620012 -37.354807
532.766316 -36.833992
531.912620 -36.313178
531.058925 -35.792364
530.205228 -35.271551
529.351532 -34.750738
528.497835 -34.229924
527.644140 -33.709110
526.790444 -33.188295
525.936749 -32.667481
525.083053 -32.146666
524.229358 -31.625851
523.375563 -31.105199
522.521456 -30.585061
521.667348 -30.064922
520.813240 -29.544784

[center] sid=114, seg=0, num=197
689.475987 -129.425257
688.621319 -128.906040
687.766652 -128.386823
686.911985 -127.867606
686.057317 -127.348389
685.202649 -126.829173
684.347982 -126.309957
683.493315 -125.790740
682.638647 -125.271523
681.783980 -124.752306
680.929312 -124.233090
680.074644 -123.713875
679.219976 -123.194659
678.365308 -122.675442
677.510641 -122.156225
676.656098 -121.636805
675.804495 -121.112576
674.952893 -120.588348
674.101178 -120.064302
673.248124 -119.542438
672.395070 -119.020575
671.541971 -118.498785
670.688765 -117.977170
669.835559 -117.455555
668.982354 -116.933940
668.129148 -116.412325
667.275942 -115.890710
666.422736 -115.369095
665.569530 -114.847480
664.716324 -114.325865
663.863118 -113.804250
663.009911 -113.282636
662.156275 -112.761724
661.302640 -112.240812
660.449005 -111.719900
659.594781 -111.199954
658.740530 -110.680051
657.886280 -110.160149
657.033025 -109.638613
656.179803 -109.117024
655.326581 -108.595436
654.473359 -108.073847
653.620137 -107.552258
652.766915 -107.030669
651.913405 -106.509551
651.059886 -105.988449
650.206367 -105.467346
649.352830 -104.946273
648.499293 -104.425200
647.645755 -103.904127
646.792027 -103.383367
645.938292 -102.862619
645.084556 -102.341871
644.230821 -101.821123
643.377086 -101.300374
642.523260 -100.779775
641.669366 -100.259287
640.815472 -99.738798
639.961578 -99.218310
639.107684 -98.697822
638.253790 -98.177334
637.399915 -97.656815
636.546052 -97.136276
635.692189 -96.615737
634.838336 -96.095181
633.984490 -95.574615
633.130643 -95.054049
632.276797 -94.533482
631.422951 -94.012916
630.569105 -93.492349
629.715259 -92.971782
628.861413 -92.451215
628.007567 -91.930647
627.153765 -91.410008
626.299989 -90.889326
625.446213 -90.368644
624.592438 -89.847962
623.738678 -89.327253
622.884924 -88.806535
622.031170 -88.285817
621.177416 -87.765098
620.323662 -87.244381
619.469909 -86.723663
618.616154 -86.202945
617.762400 -85.682227
616.908646 -85.161509
616.054892 -84.640791
615.201138 -84.120074
614.347384 -83.599356
613.493630 -83.078638
612.639876 -82.557920
611.786122 -82.037202
610.932368 -81.516484
610.078614 -80.995766
609.224859 -80.475049
608.371106 -79.954331
607.517352 -79.433612
606.663598 -78.912894
605.809844 -78.392176
604.956090 -77.871458
604.102166 -77.351019
603.248124 -76.830773
602.394083 -76.310526
601.539980 -75.790380
600.685834 -75.270305
599.831689 -74.750229
598.977573 -74.230104
598.123479 -73.709946
597.269384 -73.189787
596.415289 -72.669627
595.561194 -72.149468
594.707111 -71.629290
593.853065 -71.109052
592.999018 -70.588814
592.144971 -70.068576
591.290924 -69.548339
590.436877 -69.028101
589.582830 -68.507864
588.728783 -67.987626
587.874737 -67.467388
587.020690 -66.947150
586.166643 -66.426912
585.312597 -65.906674
584.458550 -65.386436
583.604503 -64.866198
582.750456 -64.345961
581.896409 -63.825723
581.042362 -63.305485
580.188316 -62.785247
579.334269 -62.265009
578.480222 -61.744771
577.626175 -61.224533
576.772128 -60.704296
575.918081 -60.184058
575.064034 -59.663821
574.209987 -59.143583
573.355940 -58.623345
572.501893 -58.103107
571.647862 -57.582844
570.793884 -57.062493
569.939907 -56.542141
569.085929 -56.021790
568.231951 -55.501439
567.377999 -54.981046
566.524054 -54.460640
565.670110 -53.940233
564.816165 -53.419828
563.962221 -52.899422
563.108276 -52.379017
562.254331 -51.858611
561.400386 -51.338205
560.546442 -50.817800
559.692497 -50.297394
558.838552 -49.776988
557.984608 -49.256583
557.130663 -48.736177
556.276718 -48.215771
555.422774 -47.695366
554.568613 -47.175314
553.714383 -46.655376
552.860154 -46.135439
552.005912 -45.615522
551.151665 -45.095611
550.297419 -44.575700
549.443174 -44.055788
548.588928 -43.535877
547.734683 -43.015965
546.880436 -42.496054
546.026190 -41.976145
545.171943 -41.456235
544.317907 -40.935979
543.463942 -40.415607
542.609976 -39.895235
541.756011 -39.374863
540.902046 -38.854491
540.048121 -38.334053
539.194400 -37.813279
538.340680 -37.292505
537.486959 -36.771732
536.633238 -36.250959
535.779517 -35.730187
534.925796 -35.209414
534.072075 -34.688641
533.218354 -34.167869
532.364633 -33.647096
531.510912 -33.126323
530.657190 -32.605551
529.803488 -32.084748
528.949853 -31.563834
528.096218 -31.042920
527.242589 -30.521996
526.388982 -30.001037
525.535375 -29.480078
524.681717 -28.959202
523.827904 -28.438579
522.974091 -27.917957
522.120275 -27.397339

[left] sid=114, seg=0, num=197
688.309898 -131.341160
687.454849 -130.822572
686.599800 -130.303984
685.744751 -129.785396
684.889701 -129.266809
684.034651 -128.748223
683.179601 -128.229636
682.324552 -127.711048
681.469503 -127.192460
680.614454 -126.673872
679.759404 -126.155285
678.904354 -125.636699
678.049305 -125.118112
677.194256 -124.599523
676.339208 -124.080934
675.484159 -123.562345
674.629110 -123.043757
673.774061 -122.525169
672.919042 -122.006531
672.064714 -121.486755
671.210387 -120.966980
670.356059 -120.447204
669.501733 -119.927426
668.647657 -119.407236
667.793591 -118.887031
666.939524 -118.366826
666.085458 -117.846621
665.231392 -117.326416
664.377326 -116.806210
663.523259 -116.286006
662.669192 -115.765802
661.815125 -115.245597
660.961058 -114.725393
660.106992 -114.205189
659.252925 -113.684984
658.398859 -113.164779
657.544793 -112.644573
656.690727 -112.124367
655.836660 -111.604162
654.982593 -111.083958
654.128527 -110.563754
653.274460 -110.043549
652.420393 -109.523345
651.566326 -109.003141
650.712260 -108.482936
649.858193 -107.962730
649.004127 -107.442525
648.150060 -106.922322
647.295992 -106.402118
646.441925 -105.881915
645.587479 -105.362332
644.733017 -104.842777
643.878555 -104.323223
643.024093 -103.803667
642.169631 -103.284112
641.314988 -102.764855
640.460209 -102.245822
639.605430 -101.726789
638.750650 -101.207756
637.895871 -100.688723
637.041092 -100.169690
636.186313 -99.650656
635.331534 -99.131623
634.476755 -98.612590
633.621976 -98.093556
632.767197 -97.574523
631.912418 -97.055490
631.057638 -96.536456
630.202859 -96.017423
629.348080 -95.498390
628.493301 -94.979357
627.638522 -94.460324
626.783743 -93.941290
625.929051 -93.422112
625.074413 -92.902847
624.219775 -92.383582
623.365136 -91.864316
622.510530 -91.344999
621.655935 -90.825662
620.801340 -90.306326
619.946745 -89.786989
619.092150 -89.267653
618.237555 -88.748316
617.382960 -88.228980
616.528365 -87.709644
615.673769 -87.190308
614.819174 -86.670971
613.964579 -86.151635
613.109984 -85.632299
612.255389 -85.112963
611.400793 -84.593626
610.546198 -84.074290
609.691603 -83.554953
608.837008 -83.035617
607.982413 -82.516280
607.127818 -81.996944
606.273223 -81.477608
605.418628 -80.958271
604.564032 -80.438935
603.709437 -79.919599
602.854507 -79.400814
601.999339 -78.882421
601.144172 -78.364028
600.289004 -77.845634
599.433837 -77.327241
598.578669 -76.808847
597.723573 -76.290337
596.868528 -75.771742
596.013482 -75.253147
595.158437 -74.734552
594.303392 -74.215957
593.448369 -73.697325
592.593419 -73.178572
591.738469 -72.659820
590.883520 -72.141067
590.028570 -71.622314
589.173620 -71.103562
588.318670 -70.584809
587.463721 -70.066057
586.608771 -69.547304
585.753821 -69.028552
584.898872 -68.509799
584.043922 -67.991046
583.188972 -67.472293
582.334022 -66.953540
581.479072 -66.434788
580.624123 -65.916036
579.769173 -65.397283
578.914224 -64.878529
578.059274 -64.359776
577.204324 -63.841024
576.349375 -63.322271
575.494425 -62.803519
574.639475 -62.284767
573.784525 -61.766014
572.929575 -61.247262
572.074625 -60.728509
571.219675 -60.209756
570.364756 -59.690954
569.509943 -59.171975
568.655131 -58.652996
567.800318 -58.134017
566.945506 -57.615038
566.090744 -57.095975
565.235999 -56.576886
564.381254 -56.057796
563.526508 -55.538707
562.671762 -55.019618
561.817016 -54.500530
560.962270 -53.981441
560.107524 -53.462353
559.252778 -52.943264
558.398033 -52.424174
557.543288 -51.905085
556.688543 -51.385995
555.833797 -50.866906
554.979051 -50.347817
554.124305 -49.828729
553.269559 -49.309640
552.414813 -48.790552
551.560066 -48.271464
550.705321 -47.752374
549.850577 -47.233283
548.995832 -46.714193
548.141087 -46.195103
547.286341 -45.676013
546.431596 -45.156924
545.576850 -44.637835
544.722104 -44.118746
543.867358 -43.599657
543.013031 -43.079880
542.158846 -42.559868
541.304661 -42.039857
540.450477 -41.519844
539.596293 -40.999832
538.742188 -40.479689
537.888492 -39.958875
537.034797 -39.438060
536.181101 -38.917246
535.327404 -38.396433
534.473708 -37.875620
533.620012 -37.354807
532.766316 -36.833992
531.912620 -36.313178
531.058925 -35.792364
530.205228 -35.271551
529.351532 -34.750738
528.497835 -34.229924
527.644140 -33.709110
526.790444 -33.188295
525.936749 -32.667481
525.083053 -32.146666
524.229358 -31.625851
523.375563 -31.105199
522.521456 -30.585061
521.667348 -30.064922
520.813240 -29.544784

[right] sid=114, seg=0, num=23
690.736667 -127.566909
689.882382 -127.047064
689.028096 -126.527219
688.173811 -126.007374
687.319526 -125.487529
686.465240 -124.967684
685.610955 -124.447839
684.756669 -123.927994
683.902384 -123.408149
683.048099 -122.888304
682.193813 -122.368459
681.339528 -121.848614
680.485242 -121.328768
679.630957 -120.808923
678.776672 -120.289078
677.922386 -119.769233
677.070505 -119.245504
676.224196 -118.712772
675.377887 -118.180039
674.531578 -117.647307
673.679753 -117.123600
672.855060 -116.562420
672.164890 -115.853822

[right] sid=114, seg=1, num=169
666.772554 -111.973413
665.775955 -111.931801
664.823845 -111.649435
663.953684 -111.160011
663.101668 -110.636537
662.246239 -110.118576
661.390810 -109.600615
660.535379 -109.082656
659.680694 -108.563475
658.828319 -108.040502
657.975945 -107.517530
657.123570 -106.994558
656.271195 -106.471586
655.418820 -105.948614
654.566445 -105.425643
653.714000 -104.902785
652.860994 -104.380843
652.007988 -103.858900
651.154982 -103.336958
650.301975 -102.815017
649.448968 -102.293077
648.595961 -101.771137
647.742954 -101.249197
646.889947 -100.727256
646.036940 -100.205316
645.183934 -99.683374
644.330928 -99.161432
643.477922 -98.639490
642.624916 -98.117547
641.771910 -97.595605
640.918904 -97.073662
640.065897 -96.551722
639.212890 -96.029782
638.359882 -95.507842
637.506960 -94.985763
636.654049 -94.463665
635.801139 -93.941567
634.948228 -93.419470
634.095317 -92.897372
633.242406 -92.375274
632.389496 -91.853175
631.536586 -91.331076
630.683676 -90.808977
629.830765 -90.286879
628.977855 -89.764781
628.124944 -89.242683
627.272033 -88.720586
626.419121 -88.198489
625.566210 -87.676392
624.713300 -87.154293
623.860390 -86.632194
623.007480 -86.110095
622.154569 -85.587997
621.301659 -85.065898
620.448748 -84.543800
619.595837 -84.021702
618.742926 -83.499604
617.890015 -82.977507
617.037105 -82.455409
616.184194 -81.933311
615.331283 -81.411213
614.478372 -80.889115
613.625462 -80.367017
612.772551 -79.844919
611.919640 -79.322821
611.066729 -78.800723
610.213818 -78.278625
609.360908 -77.756526
608.507998 -77.234428
607.655087 -76.712329
606.802176 -76.190231
605.949265 -75.668133
605.096355 -75.146035
604.243443 -74.623938
603.390532 -74.101841
602.537476 -73.579980
601.684335 -73.058258
600.831194 -72.536536
599.978053 -72.014815
599.124911 -71.493094
598.271770 -70.971373
597.418629 -70.449652
596.565487 -69.927930
595.712346 -69.406208
594.859205 -68.884486
594.006064 -68.362765
593.152923 -67.841043
592.299782 -67.319322
591.446640 -66.797601
590.593499 -66.275880
589.740357 -65.754158
588.887216 -65.232436
588.034075 -64.710714
587.180934 -64.188993
586.327793 -63.667271
585.474652 -63.145550
584.621510 -62.623828
583.768369 -62.102107
582.915228 -61.580386
582.062086 -61.058664
581.208945 -60.536943
580.355803 -60.015221
579.502662 -59.493500
578.649521 -58.971779
577.796379 -58.450057
576.943238 -57.928336
576.090097 -57.406614
575.236956 -56.884892
574.383814 -56.363171
573.530673 -55.841449
572.677532 -55.319728
571.824390 -54.798006
570.971249 -54.276284
570.118108 -53.754562
569.264967 -53.232841
568.411826 -52.711119
567.558684 -52.189397
566.705543 -51.667676
565.852402 -51.145954
564.999260 -50.624232
564.146119 -50.102511
563.292977 -49.580790
562.439836 -49.059069
561.586694 -48.537348
560.733552 -48.015627
559.880411 -47.493905
559.027269 -46.972184
558.174128 -46.450462
557.320987 -45.928741
556.467845 -45.407019
555.614160 -44.886188
554.760414 -44.365456
553.906668 -43.844724
553.052922 -43.323993
552.199176 -42.803261
551.345430 -42.282530
550.491684 -41.761798
549.637938 -41.241066
548.784192 -40.720334
547.930446 -40.199603
547.076700 -39.678871
546.222954 -39.158140
545.369208 -38.637408
544.515462 -38.116676
543.661717 -37.595944
542.807971 -37.075212
541.954225 -36.554480
541.100479 -36.033748
540.246733 -35.513017
539.392987 -34.992285
538.539241 -34.471554
537.685494 -33.950822
536.831748 -33.430091
535.978002 -32.909359
535.124256 -32.388628
534.270510 -31.867896
533.416763 -31.347165
532.563017 -30.826433
531.709272 -30.305701
530.855526 -29.784969
530.001957 -29.263947
529.148439 -28.742842
528.294921 -28.221736
527.441401 -27.700633
526.587881 -27.179531
525.734361 -26.658428
524.880843 -26.137324
524.027324 -25.616219
523.173806 -25.095114

[center] sid=115, seg=0, num=69
519.078624 -30.893558
518.224849 -30.372873
517.371075 -29.852187
516.517301 -29.331502
515.663496 -28.810866
514.809691 -28.290231
513.955828 -27.769691
513.101883 -27.249285
512.247938 -26.728879
511.393994 -26.208473
510.540049 -25.688067
509.686104 -25.167661
508.832159 -24.647255
507.978214 -24.126850
507.124269 -23.606444
506.270325 -23.086038
505.416380 -22.565631
504.562436 -22.045225
503.708665 -21.524533
502.855101 -21.003502
502.001537 -20.482472
501.147973 -19.961442
500.294409 -19.440411
499.440943 -18.919221
498.587645 -18.397756
497.734346 -17.876291
496.881047 -17.354826
496.027749 -16.833361
495.174450 -16.311896
494.321151 -15.790431
493.467853 -15.268966
492.614554 -14.747501
491.761256 -14.226036
490.907957 -13.704571
490.054659 -13.183106
489.201360 -12.661641
488.348061 -12.140177
487.494762 -11.618712
486.641463 -11.097248
485.788164 -10.575783
484.934865 -10.054319
484.081567 -9.532854
483.228268 -9.011389
482.374969 -8.489924
481.521671 -7.968459
480.668372 -7.446994
479.815074 -6.925528
478.961775 -6.404064
478.108476 -5.882599
477.255177 -5.361135
476.401939 -4.839571
475.548807 -4.317834
474.695674 -3.796096
473.842097 -3.275088
472.987676 -2.755464
472.133255 -2.235840
471.278834 -1.716216
470.424413 -1.196592
469.569992 -0.676968
468.715571 -0.157345
467.861150 0.362279
467.006729 0.881903
466.152312 1.401534
465.297903 1.921178
464.443494 2.440822
463.589404 2.960990
462.735916 3.482144
461.882428 4.003299
461.029749 4.525774

[left] sid=115, seg=0, num=57
517.981891 -32.630803
517.127588 -32.110985
516.273285 -31.591166
515.418983 -31.071348
514.564680 -30.551531
513.710376 -30.031714
512.856073 -29.511896
512.001770 -28.992079
511.147467 -28.472261
510.293164 -27.952444
509.438860 -27.432627
508.584557 -26.912809
507.730254 -26.392992
506.875951 -25.873174
506.021648 -25.353356
505.167346 -24.833538
504.313043 -24.313720
503.458740 -23.793902
502.604809 -23.273474
501.751267 -22.752407
500.897725 -22.231340
500.044184 -21.710273
499.190642 -21.189206
498.337313 -20.667792
497.484302 -20.145856
496.631291 -19.623921
495.778280 -19.101986
494.925269 -18.580051
494.072258 -18.058116
493.219247 -17.536180
492.366236 -17.014245
491.513225 -16.492310
490.660214 -15.970375
489.807203 -15.448439
488.954191 -14.926504
488.101180 -14.404569
487.248169 -13.882633
486.395158 -13.360698
485.542147 -12.838763
484.689136 -12.316828
483.836125 -11.794892
482.983114 -11.272957
482.130103 -10.751021
481.277092 -10.229086
480.424081 -9.707151
479.571070 -9.185215
478.718059 -8.663280
477.865048 -8.141345
477.012037 -7.619410
476.159026 -7.097474
475.306157 -6.575306
474.453509 -6.052778
473.600861 -5.530251
472.747695 -5.008569
471.893691 -4.488260
471.039688 -3.967950
470.185684 -3.447640

[left] sid=115, seg=1, num=13
470.045096 -3.361985
469.191093 -2.841675
468.337089 -2.321365
467.483086 -1.801056
466.629082 -1.280746
465.775079 -0.760436
464.921075 -0.240126
464.067072 0.280184
463.213068 0.800494
462.359344 1.321263
461.505856 1.842418
460.652369 2.363574
459.798617 2.884296

[right] sid=115, seg=0, num=53
520.175353 -29.156320
519.322099 -28.634782
518.468845 -28.113244
517.615592 -27.591706
516.762338 -27.070168
515.909084 -26.548630
515.055566 -26.027524
514.201980 -25.506531
513.348393 -24.985537
512.494807 -24.464543
511.641221 -23.943549
510.787635 -23.422555
509.934048 -22.901561
509.080462 -22.380567
508.226876 -21.859573
507.373290 -21.338579
506.519705 -20.817584
505.666119 -20.296590
504.812533 -19.775596
503.958946 -19.254602
503.105360 -18.733608
502.251774 -18.212614
501.398187 -17.691620
500.544601 -17.170627
499.691015 -16.649632
498.837429 -16.128638
497.983843 -15.607644
497.130257 -15.086650
496.276671 -14.565655
495.423085 -14.044661
494.569499 -13.523666
493.715913 -13.002671
492.862328 -12.481677
492.008742 -11.960682
491.155156 -11.439687
490.301571 -10.918692
489.447984 -10.397698
488.594397 -9.876705
487.740811 -9.355712
486.887224 -8.834718
486.033637 -8.313725
485.180050 -7.792732
484.326465 -7.271737
483.472879 -6.750742
482.619293 -6.229747
481.765707 -5.708752
480.912122 -5.187757
480.058536 -4.666763
479.204949 -4.145769
478.351363 -3.624775
477.497776 -3.103781
476.644190 -2.582788
475.790603 -2.061794

[right] sid=115, seg=1, num=17
475.256059 -1.735531
474.401221 -1.216594
473.546383 -0.697656
472.691545 -0.178719
471.836707 0.340219
470.981869 0.859157
470.127031 1.378095
469.272193 1.897033
468.417355 2.415970
467.562516 2.934907
466.707678 3.453845
465.852840 3.972782
464.998002 4.491719
464.144483 5.012825
463.290972 5.533941
462.437460 6.055058
461.588890 6.584182

[center] sid=116, seg=0, num=69
521.508610 -27.024384
520.658473 -26.497781
519.808335 -25.971178
518.958198 -25.444576
518.105990 -24.921331
517.253774 -24.398099
516.401427 -23.875080
515.549044 -23.352120
514.696661 -22.829160
513.844277 -22.306201
512.991894 -21.783242
512.139510 -21.260282
511.286873 -20.737736
510.434179 -20.215283
509.581485 -19.692831
508.728449 -19.170936
507.875338 -18.649164
507.022228 -18.127392
506.169114 -17.605626
505.315999 -17.083860
504.462884 -16.562094
503.609684 -16.040469
502.756468 -15.518868
501.903253 -14.997267
501.050038 -14.475665
500.196823 -13.954064
499.343608 -13.432462
498.492668 -12.907159
497.642005 -12.381406
496.791342 -11.855653
495.941287 -11.328917
495.091266 -10.802126
494.241245 -10.275334
493.388636 -9.752744
492.535916 -9.230334
491.683196 -8.707924
490.829687 -8.186803
489.976135 -7.665753
489.122583 -7.144703
488.269025 -6.623661
487.415468 -6.102621
486.561910 -5.581580
485.707763 -5.061505
484.853607 -4.541446
483.999451 -4.021386
483.145114 -3.501625
482.290774 -2.981868
481.436434 -2.462111
480.582093 -1.942354
479.727753 -1.422598
478.873410 -0.902845
478.018905 -0.383360
477.164399 0.136125
476.309492 0.654947
475.453764 1.172416
474.598035 1.689884
473.743783 2.209773
472.891862 2.733485
472.039940 3.257197
471.186952 3.779162
470.331843 4.297653
469.476734 4.816144
468.621624 5.334633
467.766511 5.853118
466.911399 6.371603
466.056504 6.890447
465.202047 7.410012
464.347590 7.929577
463.493952 8.450481

[left] sid=116, seg=0, num=53
520.175353 -29.156320
519.322099 -28.634782
518.468845 -28.113244
517.615592 -27.591706
516.762338 -27.070168
515.909084 -26.548630
515.055566 -26.027524
514.201980 -25.506531
513.348393 -24.985537
512.494807 -24.464543
511.641221 -23.943549
510.787635 -23.422555
509.934048 -22.901561
509.080462 -22.380567
508.226876 -21.859573
507.373290 -21.338579
506.519705 -20.817584
505.666119 -20.296590
504.812533 -19.775596
503.958946 -19.254602
503.105360 -18.733608
502.251774 -18.212614
501.398187 -17.691620
500.544601 -17.170627
499.691015 -16.649632
498.837429 -16.128638
497.983843 -15.607644
497.130257 -15.086650
496.276671 -14.565655
495.423085 -14.044661
494.569499 -13.523666
493.715913 -13.002671
492.862328 -12.481677
492.008742 -11.960682
491.155156 -11.439687
490.301571 -10.918692
489.447984 -10.397698
488.594397 -9.876705
487.740811 -9.355712
486.887224 -8.834718
486.033637 -8.313725
485.180050 -7.792732
484.326465 -7.271737
483.472879 -6.750742
482.619293 -6.229747
481.765707 -5.708752
480.912122 -5.187757
480.058536 -4.666763
479.204949 -4.145769
478.351363 -3.624775
477.497776 -3.103781
476.644190 -2.582788
475.790603 -2.061794

[left] sid=116, seg=1, num=17
475.256059 -1.735531
474.401221 -1.216594
473.546383 -0.697656
472.691545 -0.178719
471.836707 0.340219
470.981869 0.859157
470.127031 1.378095
469.272193 1.897033
468.417355 2.415970
467.562516 2.934907
466.707678 3.453845
465.852840 3.972782
464.998002 4.491719
464.144483 5.012825
463.290972 5.533941
462.437460 6.055058
461.588890 6.584182

[right] sid=116, seg=0, num=69
522.841868 -24.892453
521.995414 -24.359949
521.148961 -23.827444
520.300893 -23.297533
519.449717 -22.772610
518.598541 -22.247688
517.747365 -21.722765
516.896189 -21.197843
516.045013 -20.672920
515.193837 -20.147998
514.342661 -19.623076
513.491485 -19.098153
512.640309 -18.573231
511.789005 -18.048517
510.936370 -17.525968
510.083735 -17.003420
509.231099 -16.480871
508.378464 -15.958322
507.525829 -15.435774
506.673193 -14.913226
505.820557 -14.390678
504.967728 -13.868445
504.114885 -13.346237
503.262041 -12.824029
502.409197 -12.301820
501.556353 -11.779612
500.703509 -11.257403
499.852679 -10.731952
499.006263 -10.199388
498.159847 -9.666824
497.313431 -9.134260
496.467015 -8.601696
495.620599 -8.069133
494.772378 -7.539481
493.918857 -7.018380
493.065336 -6.497279
492.211816 -5.976176
491.358300 -5.455068
490.504783 -4.933959
489.651263 -4.412858
488.797730 -3.891775
487.944198 -3.370693
487.090287 -2.850234
486.235194 -2.331715
485.380102 -1.813196
484.525010 -1.294678
483.669918 -0.776159
482.814826 -0.257640
481.959733 0.260878
481.104641 0.779397
480.249549 1.297916
479.394457 1.816434
478.539365 2.334953
477.682819 2.851064
476.825658 3.366155
475.968496 3.881246
475.117757 4.406746
474.272846 4.941695
473.422482 5.467839
472.567099 5.985878
471.711716 6.503917
470.856337 7.021962
470.000962 7.540014
469.145586 8.058065
468.290196 8.576092
467.434792 9.094097
466.579389 9.612102
465.723990 10.130115
464.868597 10.648137

[center] sid=117, seg=0, num=70
519.078625 -30.893559
518.130261 -30.576305
517.181898 -30.259051
516.233535 -29.941797
515.285171 -29.624543
514.336808 -29.307289
513.388445 -28.990035
512.440081 -28.672781
511.491718 -28.355527
510.543355 -28.038273
509.594991 -27.721019
508.646628 -27.403765
507.698265 -27.086511
506.749901 -26.769257
505.801538 -26.452003
504.853335 -26.134367
503.963467 -25.678103
503.073598 -25.221838
502.212779 -24.713031
501.353173 -24.202031
500.494571 -23.689358
499.639842 -23.170243
498.785112 -22.651127
497.930427 -22.131937
497.075915 -21.612463
496.222445 -21.091278
495.369074 -20.569933
494.515702 -20.048588
493.662330 -19.527243
492.808958 -19.005897
491.955587 -18.484552
491.102244 -17.963159
490.248904 -17.441762
489.395564 -16.920365
488.542224 -16.398968
487.688887 -15.877566
486.835551 -15.356162
485.982215 -14.834758
485.128879 -14.313355
484.275543 -13.791951
483.422207 -13.270547
482.568871 -12.749143
481.715535 -12.227739
480.862199 -11.706335
480.009155 -11.184454
479.156185 -10.662451
478.303215 -10.140448
477.450265 -9.618413
476.597358 -9.096309
475.744450 -8.574204
474.891595 -8.052014
474.038848 -7.529648
473.186100 -7.007282
472.333344 -6.484930
471.479978 -5.963575
470.626574 -5.442282
469.773170 -4.920990
468.919766 -4.399698
468.066362 -3.878405
467.212957 -3.357113
466.359553 -2.835821
465.506149 -2.314529
464.652744 -1.793237
463.799340 -1.271945
462.945935 -0.750653
462.092622 -0.229212
461.239437 0.292440
460.386252 0.814091
459.533009 1.335647
458.679687 1.857074

[left] sid=117, seg=0, num=17
517.981887 -32.630803
517.058430 -32.247045
516.134973 -31.863288
515.211515 -31.479530
514.288058 -31.095773
513.359092 -30.725808
512.425338 -30.367833
511.491583 -30.009858
510.557338 -29.653177
509.621435 -29.300857
508.685532 -28.948537
507.750253 -28.594579
506.817090 -28.235066
505.883926 -27.875554
504.950763 -27.516041
504.020002 -27.150596
503.099585 -26.759603

[left] sid=117, seg=1, num=53
502.298395 -26.419257
501.433088 -25.917971
500.567781 -25.416685
499.704761 -24.911533
498.848848 -24.394371
497.992935 -23.877208
497.137022 -23.360046
496.281108 -22.842884
495.427268 -22.322308
494.573536 -21.801553
493.719804 -21.280798
492.866072 -20.760042
492.012340 -20.239287
491.158608 -19.718532
490.304936 -19.197678
489.451267 -18.676820
488.597598 -18.155961
487.743929 -17.635103
486.890267 -17.114233
486.036607 -16.593361
485.182946 -16.072489
484.329285 -15.551617
483.475625 -15.030745
482.621964 -14.509872
481.768303 -13.989000
480.914643 -13.468128
480.060982 -12.947256
479.207931 -12.425386
478.355003 -11.903315
477.502075 -11.381244
476.649190 -10.859103
475.796386 -10.336829
474.943582 -9.814555
474.090779 -9.292281
473.237975 -8.770007
472.385171 -8.247733
471.532368 -7.725458
470.679564 -7.203184
469.826760 -6.680911
468.973956 -6.158637
468.121152 -5.636363
467.268349 -5.114089
466.415545 -4.591815
465.562741 -4.069541
464.709936 -3.547268
463.857132 -3.024994
463.004328 -2.502720
462.151525 -1.980446
461.298721 -1.458173
460.445917 -0.935899
459.593112 -0.413625
458.740309 0.108649
457.887505 0.630924

[right] sid=117, seg=0, num=57
517.981891 -32.630803
517.127588 -32.110985
516.273285 -31.591166
515.418983 -31.071348
514.564680 -30.551531
513.710376 -30.031714
512.856073 -29.511896
512.001770 -28.992079
511.147467 -28.472261
510.293164 -27.952444
509.438860 -27.432627
508.584557 -26.912809
507.730254 -26.392992
506.875951 -25.873174
506.021648 -25.353356
505.167346 -24.833538
504.313043 -24.313720
503.458740 -23.793902
502.604809 -23.273474
501.751267 -22.752407
500.897725 -22.231340
500.044184 -21.710273
499.190642 -21.189206
498.337313 -20.667792
497.484302 -20.145856
496.631291 -19.623921
495.778280 -19.101986
494.925269 -18.580051
494.072258 -18.058116
493.219247 -17.536180
492.366236 -17.014245
491.513225 -16.492310
490.660214 -15.970375
489.807203 -15.448439
488.954191 -14.926504
488.101180 -14.404569
487.248169 -13.882633
486.395158 -13.360698
485.542147 -12.838763
484.689136 -12.316828
483.836125 -11.794892
482.983114 -11.272957
482.130103 -10.751021
481.277092 -10.229086
480.424081 -9.707151
479.571070 -9.185215
478.718059 -8.663280
477.865048 -8.141345
477.012037 -7.619410
476.159026 -7.097474
475.306157 -6.575306
474.453509 -6.052778
473.600861 -5.530251
472.747695 -5.008569
471.893691 -4.488260
471.039688 -3.967950
470.185684 -3.447640

[right] sid=117, seg=1, num=13
470.045096 -3.361985
469.191093 -2.841675
468.337089 -2.321365
467.483086 -1.801056
466.629082 -1.280746
465.775079 -0.760436
464.921075 -0.240126
464.067072 0.280184
463.213068 0.800494
462.359344 1.321263
461.505856 1.842418
460.652369 2.363574
459.798617 2.884296

[center] sid=118, seg=0, num=24
682.134465 -168.257029
681.484605 -169.017119
680.834746 -169.777208
680.184887 -170.537297
679.534536 -171.296965
678.882989 -172.055609
678.231443 -172.814253
677.579896 -173.572896
676.928350 -174.331540
676.276803 -175.090184
675.625669 -175.849181
674.975545 -176.609043
674.325420 -177.368906
673.675472 -178.128919
673.025975 -178.889318
672.376478 -179.649717
671.726854 -180.410008
671.076904 -181.170019
670.426954 -181.930031
669.776974 -182.690017
669.129545 -183.452166
668.486139 -184.217725
667.842732 -184.983285
667.199780 -185.749225

[left] sid=118, seg=0, num=24
683.528275 -168.898330
682.878902 -169.658835
682.229528 -170.419339
681.580155 -171.179844
680.939868 -171.948008
680.290917 -172.708858
679.640557 -173.468519
678.990197 -174.228180
678.339838 -174.987842
677.689478 -175.747503
677.039118 -176.507164
676.388758 -177.266825
675.738399 -178.026486
675.088039 -178.786148
674.437679 -179.545809
673.787319 -180.305470
673.136959 -181.065131
672.486599 -181.824792
671.836239 -182.584453
671.185879 -183.344114
670.535519 -184.103775
669.898201 -184.874406
669.261188 -185.645293
668.624174 -186.416180

[right] sid=118, seg=0, num=23
680.724765 -167.642397
680.069048 -168.397438
679.413330 -169.152480
678.759665 -169.909296
678.106933 -170.666920
677.454201 -171.424544
676.801470 -172.182168
676.148738 -172.939793
675.496006 -173.697417
674.843275 -174.455041
674.190543 -175.212665
673.541173 -175.973170
672.892540 -176.734305
672.243906 -177.495441
671.595273 -178.256577
670.946640 -179.017713
670.297840 -179.778707
669.648084 -180.538885
668.998328 -181.299063
668.348573 -182.059241
667.698817 -182.819419
667.049062 -183.579597
666.399306 -184.339775

[center] sid=119, seg=0, num=23
679.148031 -166.926417
678.494046 -167.682959
677.840060 -168.439501
677.186074 -169.196043
676.532088 -169.952584
675.878102 -170.709126
675.226208 -171.467470
674.574655 -172.226109
673.923103 -172.984747
673.271551 -173.743386
672.620597 -174.502537
671.971028 -175.262875
671.321460 -176.023213
670.671869 -176.783532
670.022227 -177.543807
669.372586 -178.304083
668.722760 -179.064201
668.072826 -179.824227
667.422893 -180.584253
666.773353 -181.344615
666.124050 -182.105179
665.474746 -182.865744
664.825442 -183.626308

[left] sid=119, seg=0, num=23
680.724765 -167.642397
680.069048 -168.397438
679.413330 -169.152480
678.759665 -169.909296
678.106933 -170.666920
677.454201 -171.424544
676.801470 -172.182168
676.148738 -172.939793
675.496006 -173.697417
674.843275 -174.455041
674.190543 -175.212665
673.541173 -175.973170
672.892540 -176.734305
672.243906 -177.495441
671.595273 -178.256577
670.946640 -179.017713
670.297840 -179.778707
669.648084 -180.538885
668.998328 -181.299063
668.348573 -182.059241
667.698817 -182.819419
667.049062 -183.579597
666.399306 -184.339775

[right] sid=119, seg=0, num=22
677.475637 -166.306381
676.821708 -167.062972
676.167780 -167.819564
675.515327 -168.577424
674.864956 -169.337076
674.214585 -170.096727
673.564214 -170.856379
672.913842 -171.616030
672.263471 -172.375681
671.613100 -173.135333
670.962728 -173.894984
670.312262 -174.654554
669.661613 -175.413968
669.010964 -176.173381
668.360315 -176.932795
667.709666 -177.692208
667.059017 -178.451622
666.408615 -179.211246
665.759771 -179.972202
665.110927 -180.733159
664.462083 -181.494115
663.813238 -182.255071

[center] sid=120, seg=0, num=25
684.993375 -169.530823
684.335716 -170.284174
683.678058 -171.037526
683.020400 -171.790877
682.366463 -172.547433
681.719225 -173.309755
681.071986 -174.072077
680.424747 -174.834399
679.777509 -175.596722
679.130270 -176.359044
678.483031 -177.121366
677.835793 -177.883688
677.188554 -178.646010
676.541315 -179.408333
675.894077 -180.170655
675.246838 -180.932977
674.599599 -181.695299
673.952361 -182.457621
673.305122 -183.219943
672.657883 -183.982266
672.010645 -184.744588
671.363406 -185.506910
670.716167 -186.269232
670.068929 -187.031554
669.421690 -187.793877

[left] sid=120, seg=0, num=5
686.353118 -170.149419
685.695340 -170.902666
685.037562 -171.655913
684.379784 -172.409160
683.733539 -173.172314

[left] sid=120, seg=1, num=20
683.202137 -174.128701
682.555929 -174.891897
681.909721 -175.655092
681.263512 -176.418288
680.617306 -177.181486
679.971100 -177.944684
679.324895 -178.707882
678.678695 -179.471085
678.032495 -180.234287
677.386295 -180.997490
676.740087 -181.760687
676.093880 -182.523884
675.447673 -183.287081
674.801470 -184.050281
674.155268 -184.813482
673.509067 -185.576684
672.862901 -186.339916
672.216736 -187.103148
671.570567 -187.866378
670.924334 -188.629552

[right] sid=120, seg=0, num=24
683.528275 -168.898330
682.878902 -169.658835
682.229528 -170.419339
681.580155 -171.179844
680.939868 -171.948008
680.290917 -172.708858
679.640557 -173.468519
678.990197 -174.228180
678.339838 -174.987842
677.689478 -175.747503
677.039118 -176.507164
676.388758 -177.266825
675.738399 -178.026486
675.088039 -178.786148
674.437679 -179.545809
673.787319 -180.305470
673.136959 -181.065131
672.486599 -181.824792
671.836239 -182.584453
671.185879 -183.344114
670.535519 -184.103775
669.898201 -184.874406
669.261188 -185.645293
668.624174 -186.416180

[center] sid=121, seg=0, num=50
669.389971 -187.831236
668.736575 -188.588288
668.083179 -189.345339
667.430172 -190.102723
666.782436 -190.864623
666.134700 -191.626523
665.486971 -192.388429
664.839364 -193.150438
664.191756 -193.912447
663.544149 -194.674456
662.895641 -195.435697
662.245602 -196.195632
661.595563 -196.955568
660.945524 -197.715504
660.295485 -198.475440
659.645446 -199.235376
658.995554 -199.995438
658.345917 -200.755716
657.696433 -201.516127
657.048370 -202.277748
656.400306 -203.039369
655.752243 -203.800990
655.104179 -204.562611
654.456115 -205.324233
653.807856 -206.085687
653.157879 -206.845675
652.507901 -207.605663
651.857890 -208.365623
651.207615 -209.125358
650.557341 -209.885092
649.907067 -210.644827
649.256792 -211.404561
648.606518 -212.164296
647.956474 -212.924227
647.309129 -213.686458
646.663358 -214.450019
646.021026 -215.216480
645.378694 -215.982941
644.736362 -216.749403
644.094030 -217.515864
643.451698 -218.282325
642.809365 -219.048786
642.167033 -219.815247
641.524701 -220.581708
640.882368 -221.348169
640.241313 -222.115696
639.602108 -222.884767
638.962902 -223.653838
638.324470 -224.423549
637.687078 -225.194124

[left] sid=121, seg=0, num=50
670.547716 -188.772984
669.901417 -189.536103
669.255118 -190.299222
668.608819 -191.062341
667.962520 -191.825460
667.316221 -192.588579
666.669922 -193.351698
666.023623 -194.114817
665.377324 -194.877936
664.731025 -195.641055
664.083094 -196.402783
663.431931 -197.161756
662.780769 -197.920729
662.129606 -198.679703
661.478444 -199.438676
660.827282 -200.197650
660.176119 -200.956623
659.524957 -201.715597
658.873872 -202.474636
658.223835 -203.234574
657.573798 -203.994512
656.923761 -204.754449
656.273724 -205.514387
655.623687 -206.274324
654.973650 -207.034262
654.323613 -207.794199
653.673577 -208.554137
653.023540 -209.314075
652.373503 -210.074013
651.723466 -210.833950
651.073429 -211.593888
650.423392 -212.353825
649.773355 -213.113763
649.123517 -213.873870
648.478383 -214.637974
647.833249 -215.402078
647.188115 -216.166183
646.542981 -216.930287
645.897847 -217.694391
645.252713 -218.458496
644.607579 -219.222600
643.962445 -219.986704
643.317311 -220.750809
642.672177 -221.514913
642.027043 -222.279017
641.385691 -223.046274
640.750202 -223.818419
640.114713 -224.590564
639.479224 -225.362708
638.843736 -226.134853

[right] sid=121, seg=0, num=39
668.174669 -186.960153
667.512999 -187.709984
666.851328 -188.459814
666.191760 -189.211468
665.542846 -189.972365
664.893932 -190.733261
664.245018 -191.494158
663.596104 -192.255055
662.947190 -193.015951
662.298276 -193.776848
661.649362 -194.537745
661.000448 -195.298641
660.351534 -196.059538
659.702620 -196.820435
659.053706 -197.581331
658.404792 -198.342228
657.755878 -199.103125
657.106964 -199.864021
656.460480 -200.626983
655.814394 -201.390282
655.168308 -202.153582
654.522223 -202.916881
653.876137 -203.680181
653.230051 -204.443480
652.583965 -205.206780
651.934242 -205.966983
651.283731 -206.726515
650.633219 -207.486046
649.982708 -208.245577
649.332196 -209.005109
648.681685 -209.764640
648.031173 -210.524172
647.380662 -211.283703
646.730150 -212.043235
646.079639 -212.802766
645.435576 -213.567741
644.796054 -214.336548
644.156532 -215.105356
643.517011 -215.874164

[right] sid=121, seg=1, num=11
642.883698 -216.635508
642.244176 -217.404315
641.604654 -218.173123
640.965133 -218.941931
640.325611 -219.710739
639.686089 -220.479546
639.046567 -221.248354
638.405554 -222.015911
637.760135 -222.779775
637.114716 -223.543639
636.469297 -224.307503

[center] sid=122, seg=0, num=50
667.081935 -185.889865
666.426583 -186.645224
665.771231 -187.400583
665.116260 -188.156269
664.467185 -188.917029
663.818110 -189.677788
663.169035 -190.438548
662.519961 -191.199307
661.870886 -191.960067
661.221885 -192.720890
660.573720 -193.482424
659.925555 -194.243959
659.277439 -195.005536
658.629861 -195.767570
657.982283 -196.529604
657.334705 -197.291638
656.687127 -198.053671
656.039548 -198.815705
655.392955 -199.578575
654.746693 -200.341725
654.100431 -201.104875
653.453522 -201.867477
652.806414 -202.629911
652.159307 -203.392345
651.512200 -204.154779
650.863510 -204.915866
650.214190 -205.676416
649.564870 -206.436966
648.917136 -207.198866
648.269998 -207.961275
647.622861 -208.723683
646.977540 -209.487628
646.332926 -210.252171
645.688312 -211.016714
645.044131 -211.781622
644.404928 -212.550662
643.771867 -213.324798
643.138805 -214.098934
642.503158 -214.870939
641.864289 -215.640290
641.225419 -216.409640
640.581705 -217.174915
639.933286 -217.936234
639.284866 -218.697552
638.636447 -219.458870
637.988028 -220.220189
637.339100 -220.981073
636.687755 -221.739889
636.036410 -222.498706
635.383176 -223.255879

[left] sid=122, seg=0, num=39
668.174669 -186.960153
667.512999 -187.709984
666.851328 -188.459814
666.191760 -189.211468
665.542846 -189.972365
664.893932 -190.733261
664.245018 -191.494158
663.596104 -192.255055
662.947190 -193.015951
662.298276 -193.776848
661.649362 -194.537745
661.000448 -195.298641
660.351534 -196.059538
659.702620 -196.820435
659.053706 -197.581331
658.404792 -198.342228
657.755878 -199.103125
657.106964 -199.864021
656.460480 -200.626983
655.814394 -201.390282
655.168308 -202.153582
654.522223 -202.916881
653.876137 -203.680181
653.230051 -204.443480
652.583965 -205.206780
651.934242 -205.966983
651.283731 -206.726515
650.633219 -207.486046
649.982708 -208.245577
649.332196 -209.005109
648.681685 -209.764640
648.031173 -210.524172
647.380662 -211.283703
646.730150 -212.043235
646.079639 -212.802766
645.435576 -213.567741
644.796054 -214.336548
644.156532 -215.105356
643.517011 -215.874164

[left] sid=122, seg=1, num=11
642.883698 -216.635508
642.244176 -217.404315
641.604654 -218.173123
640.965133 -218.941931
640.325611 -219.710739
639.686089 -220.479546
639.046567 -221.248354
638.405554 -222.015911
637.760135 -222.779775
637.114716 -223.543639
636.469297 -224.307503

[right] sid=122, seg=0, num=34
665.989199 -184.819577
665.339445 -185.579756
664.690153 -186.340331
664.040917 -187.100953
663.391681 -187.861575
662.742446 -188.622197
662.093211 -189.382820
661.443976 -190.143442
660.794740 -190.904065
660.145505 -191.664687
659.496269 -192.425310
658.849417 -193.187958
658.203177 -193.951127
657.556937 -194.714296
656.910697 -195.477465
656.264457 -196.240635
655.618217 -197.003804
654.971977 -197.766973
654.325737 -198.530142
653.679497 -199.293311
653.033257 -200.056480
652.385181 -200.818091
651.737054 -201.579658
651.088926 -202.341224
650.440799 -203.102791
649.792672 -203.864358
649.144544 -204.625925
648.496417 -205.387492
647.848290 -206.149059
647.200162 -206.910626
646.561356 -207.680027
645.922679 -208.449537
645.284002 -209.219046
644.645325 -209.988556

[right] sid=122, seg=1, num=16
644.041796 -210.715717
643.407269 -211.488617
642.780713 -212.268027
642.154157 -213.047438
641.527601 -213.826849
640.901044 -214.606259
640.260909 -215.374299
639.603678 -216.128023
638.946446 -216.881747
638.289214 -217.635471
637.631982 -218.389194
636.974750 -219.142918
636.317518 -219.896642
635.660286 -220.650365
635.003054 -221.404089
634.345822 -222.157812

[center] sid=123, seg=0, num=50
664.746225 -183.719099
664.099527 -184.481880
663.452829 -185.244661
662.806131 -186.007442
662.159433 -186.770224
661.512735 -187.533005
660.866037 -188.295786
660.219340 -189.058567
659.572642 -189.821348
658.925944 -190.584129
658.279246 -191.346911
657.632548 -192.109692
656.985850 -192.872473
656.339153 -193.635254
655.692455 -194.398035
655.045757 -195.160817
654.399059 -195.923598
653.752361 -196.686379
653.105663 -197.449160
652.458965 -198.211941
651.812268 -198.974722
651.165570 -199.737503
650.518872 -200.500284
649.872174 -201.263065
649.225476 -202.025846
648.578778 -202.788628
647.932080 -203.551409
647.285382 -204.314190
646.638685 -205.076972
645.991987 -205.839753
645.345289 -206.602534
644.698591 -207.365315
644.051893 -208.128096
643.405195 -208.890877
642.758497 -209.653658
642.111799 -210.416439
641.465101 -211.179221
640.818403 -211.942002
640.171705 -212.704783
639.525007 -213.467564
638.878310 -214.230346
638.231612 -214.993127
637.584914 -215.755909
636.938217 -216.518690
636.291519 -217.281472
635.644821 -218.044253
634.998123 -218.807034
634.351424 -219.569814
633.704726 -220.332595
633.058028 -221.095376

[left] sid=123, seg=0, num=34
665.989199 -184.819577
665.339445 -185.579756
664.690153 -186.340331
664.040917 -187.100953
663.391681 -187.861575
662.742446 -188.622197
662.093211 -189.382820
661.443976 -190.143442
660.794740 -190.904065
660.145505 -191.664687
659.496269 -192.425310
658.849417 -193.187958
658.203177 -193.951127
657.556937 -194.714296
656.910697 -195.477465
656.264457 -196.240635
655.618217 -197.003804
654.971977 -197.766973
654.325737 -198.530142
653.679497 -199.293311
653.033257 -200.056480
652.385181 -200.818091
651.737054 -201.579658
651.088926 -202.341224
650.440799 -203.102791
649.792672 -203.864358
649.144544 -204.625925
648.496417 -205.387492
647.848290 -206.149059
647.200162 -206.910626
646.561356 -207.680027
645.922679 -208.449537
645.284002 -209.219046
644.645325 -209.988556

[left] sid=123, seg=1, num=16
644.041796 -210.715717
643.407269 -211.488617
642.780713 -212.268027
642.154157 -213.047438
641.527601 -213.826849
640.901044 -214.606259
640.260909 -215.374299
639.603678 -216.128023
638.946446 -216.881747
638.289214 -217.635471
637.631982 -218.389194
636.974750 -219.142918
636.317518 -219.896642
635.660286 -220.650365
635.003054 -221.404089
634.345822 -222.157812

[right] sid=123, seg=0, num=37
654.934649 -192.711483
654.287938 -193.474253
653.639106 -194.235220
652.990274 -194.996186
652.341441 -195.757152
651.692609 -196.518118
651.043776 -197.279085
650.394944 -198.040051
649.746111 -198.801017
649.097279 -199.561983
648.448446 -200.322949
647.799614 -201.083916
647.150782 -201.844882
646.501949 -202.605849
645.853117 -203.366815
645.204285 -204.127782
644.555453 -204.888748
643.906620 -205.649715
643.257787 -206.410681
642.608955 -207.171647
641.967863 -207.939137
641.327819 -208.707509
640.687773 -209.475881
640.047729 -210.244254
639.407684 -211.012626
638.767639 -211.780999
638.127595 -212.549371
637.487550 -213.317744
636.847505 -214.086116
636.207460 -214.854488
635.567415 -215.622860
634.927370 -216.391233
634.287326 -217.159605
633.647281 -217.927978
633.003614 -218.693308
632.357307 -219.456420
631.711000 -220.219533

[center] sid=124, seg=0, num=34
637.901259 -230.180913
638.547409 -229.417668
639.193560 -228.654423
639.839711 -227.891179
640.485863 -227.127935
641.132015 -226.364692
641.778167 -225.601448
642.424320 -224.838205
643.070472 -224.074961
643.716624 -223.311718
644.362776 -222.548474
645.009633 -221.785828
645.656804 -221.023448
646.303975 -220.261068
646.951557 -219.499037
647.599309 -218.737151
648.247060 -217.975265
648.894812 -217.213378
649.542564 -216.451492
650.190316 -215.689605
650.838067 -214.927719
651.485819 -214.165833
652.133571 -213.403946
652.780992 -212.641779
653.428299 -211.879514
654.075943 -211.117536
654.723821 -210.355758
655.371700 -209.593979
656.019579 -208.832201
656.667458 -208.070423
657.315337 -207.308645
657.963215 -206.546866
658.611093 -205.785087
659.259080 -205.023401

[left] sid=124, seg=0, num=34
636.711900 -229.230445
637.357936 -228.467103
638.003971 -227.703761
638.650007 -226.940419
639.296043 -226.177077
639.942079 -225.413735
640.588114 -224.650393
641.234150 -223.887051
641.880186 -223.123709
642.526222 -222.360367
643.172258 -221.597025
643.819387 -220.834610
644.467110 -220.072699
645.114833 -219.310788
645.762556 -218.548878
646.410279 -217.786967
647.058002 -217.025056
647.705726 -216.263145
648.353449 -215.501234
649.001172 -214.739324
649.648895 -213.977413
650.296618 -213.215502
650.944341 -212.453591
651.592064 -211.691680
652.239787 -210.929769
652.889138 -210.169249
653.539834 -209.409875
654.190531 -208.650502
654.841227 -207.891129
655.491923 -207.131756
656.142619 -206.372382
656.793315 -205.613009
657.444010 -204.853635
658.094706 -204.094262

[right] sid=124, seg=0, num=34
639.090618 -231.131381
639.736887 -230.368236
640.383156 -229.605092
641.029424 -228.841947
641.675693 -228.078802
642.321962 -227.315657
642.968231 -226.552512
643.614499 -225.789367
644.260768 -225.026222
644.907037 -224.263078
645.553305 -223.499933
646.199574 -222.736788
646.845843 -221.973643
647.492777 -221.211063
648.140558 -220.449201
648.788339 -219.687340
649.436119 -218.925478
650.083900 -218.163616
650.731680 -217.401754
651.379460 -216.639892
652.027241 -215.878030
652.675021 -215.116168
653.322802 -214.354306
653.970582 -213.592444
654.617454 -212.829812
655.262506 -212.065638
655.907558 -211.301465
656.552610 -210.537291
657.197663 -209.773118
657.842715 -209.008945
658.487767 -208.244772
659.132819 -207.480598
659.777871 -206.716425
660.422932 -205.952258

[center] sid=125, seg=0, num=34
640.519602 -232.247426
641.154518 -231.474810
641.789433 -230.702193
642.424345 -229.929575
643.059190 -229.156901
643.694035 -228.384227
644.328880 -227.611553
644.963725 -226.838878
645.598570 -226.066204
646.233415 -225.293530
646.868261 -224.520856
647.503106 -223.748182
648.138728 -222.976154
648.782213 -222.210661
649.425698 -221.445167
650.069183 -220.679674
650.712668 -219.914180
651.356153 -219.148687
651.999638 -218.383193
652.643123 -217.617700
653.286608 -216.852206
653.930093 -216.086713
654.573578 -215.321219
655.217063 -214.555725
655.860548 -213.790232
656.504033 -213.024739
657.147518 -212.259245
657.791003 -211.493751
658.434488 -210.728258
659.077973 -209.962764
659.721458 -209.197271
660.364943 -208.431777
661.008428 -207.666284
661.651913 -206.900790

[left] sid=125, seg=0, num=34
639.090618 -231.131381
639.736887 -230.368236
640.383156 -229.605092
641.029424 -228.841947
641.675693 -228.078802
642.321962 -227.315657
642.968231 -226.552512
643.614499 -225.789367
644.260768 -225.026222
644.907037 -224.263078
645.553305 -223.499933
646.199574 -222.736788
646.845843 -221.973643
647.492777 -221.211063
648.140558 -220.449201
648.788339 -219.687340
649.436119 -218.925478
650.083900 -218.163616
650.731680 -217.401754
651.379460 -216.639892
652.027241 -215.878030
652.675021 -215.116168
653.322802 -214.354306
653.970582 -213.592444
654.617454 -212.829812
655.262506 -212.065638
655.907558 -211.301465
656.552610 -210.537291
657.197663 -209.773118
657.842715 -209.008945
658.487767 -208.244772
659.132819 -207.480598
659.777871 -206.716425
660.422932 -205.952258

[right] sid=125, seg=0, num=8
655.356780 -216.655257
655.986984 -215.878793
656.617188 -215.102329
657.250931 -214.328809
657.899581 -213.567687
658.548231 -212.806565
659.196881 -212.045443
659.845532 -211.284322

[right] sid=125, seg=1, num=22
641.948588 -233.363472
642.571864 -232.581435
643.195139 -231.799399
643.818415 -231.017363
644.441690 -230.235326
645.064966 -229.453289
645.688241 -228.671252
646.311517 -227.889216
646.934793 -227.107180
647.558068 -226.325143
648.181344 -225.543107
648.804620 -224.761070
649.427895 -223.979034
650.051171 -223.196997
650.719322 -222.454160
651.410486 -221.731427
652.210120 -221.145547
653.071579 -220.637671
654.000797 -220.270278
654.978036 -220.064224
655.975842 -220.013324
656.960488 -220.126552

[center] sid=126, seg=0, num=20
659.377600 -204.884087
660.025639 -204.122446
660.673767 -203.360879
661.321894 -202.599312
661.970021 -201.837745
662.618149 -201.076178
663.266276 -200.314612
663.914403 -199.553045
664.562530 -198.791478
665.210658 -198.029911
665.859808 -197.269215
666.508215 -196.507895
667.149152 -195.740267
667.790088 -194.972638
668.431025 -194.205010
669.071961 -193.437381
669.712898 -192.669753
670.353834 -191.902124
670.994771 -191.134496
671.635707 -190.366867

[left] sid=126, seg=0, num=20
658.263443 -203.897344
658.914138 -203.137970
659.564834 -202.378597
660.215530 -201.619223
660.866226 -200.859850
661.516922 -200.100477
662.167619 -199.341104
662.818314 -198.581730
663.469010 -197.822357
664.119706 -197.062983
664.770402 -196.303610
665.418693 -195.542221
666.052447 -194.768653
666.686202 -193.995084
667.319956 -193.221515
667.953711 -192.447947
668.587466 -191.674378
669.221220 -190.900810
669.854975 -190.127241
670.488729 -189.353672

[right] sid=126, seg=0, num=20
660.491756 -205.870831
661.137308 -205.107079
661.782859 -204.343327
662.428410 -203.579575
663.073961 -202.815823
663.719512 -202.052071
664.365063 -201.288320
665.010614 -200.524568
665.656165 -199.760816
666.301716 -198.997064
666.949178 -198.234932
667.597242 -197.473311
668.245305 -196.711691
668.893369 -195.950070
669.541433 -195.188449
670.189497 -194.426828
670.837561 -193.665208
671.485625 -192.903587
672.133689 -192.141966
672.781753 -191.380345

[center] sid=127, seg=0, num=20
661.653250 -206.899200
662.290561 -206.128559
662.927872 -205.357918
663.566088 -204.588034
664.212159 -203.824721
664.858230 -203.061409
665.504172 -202.297988
666.148910 -201.533550
666.793648 -200.769111
667.438387 -200.004673
668.084033 -199.241002
668.730029 -198.477627
669.376026 -197.714252
670.022023 -196.950877
670.668020 -196.187502
671.314016 -195.424127
671.962032 -194.662467
672.610742 -193.901397
673.259452 -193.140326
673.908227 -192.379311

[left] sid=127, seg=0, num=20
660.491756 -205.870831
661.137308 -205.107079
661.782859 -204.343327
662.428410 -203.579575
663.073961 -202.815823
663.719512 -202.052071
664.365063 -201.288320
665.010614 -200.524568
665.656165 -199.760816
666.301716 -198.997064
666.949178 -198.234932
667.597242 -197.473311
668.245305 -196.711691
668.893369 -195.950070
669.541433 -195.188449
670.189497 -194.426828
670.837561 -193.665208
671.485625 -192.903587
672.133689 -192.141966
672.781753 -191.380345

[right] sid=127, seg=0, num=20
662.752286 -207.880931
663.401893 -207.120626
664.051500 -206.360321
664.701106 -205.600016
665.350713 -204.839711
665.996567 -204.076223
666.640492 -203.311099
667.284416 -202.545976
667.928341 -201.780852
668.572266 -201.015728
669.216191 -200.250605
669.860115 -199.485481
670.504040 -198.720358
671.147964 -197.955234
671.791889 -197.190110
672.435814 -196.424987
673.083094 -195.662709
673.732654 -194.902364
674.382214 -194.142018
675.031774 -193.381673

[center] sid=128, seg=0, num=20
663.903070 -208.903891
664.537943 -208.131239
665.172815 -207.358588
665.807688 -206.585937
666.442561 -205.813286
667.083719 -205.045869
667.728687 -204.281625
668.373655 -203.517380
669.018623 -202.753136
669.663591 -201.988891
670.308559 -201.224647
670.953526 -200.460403
671.598494 -199.696158
672.243462 -198.931914
672.888430 -198.167669
673.533398 -197.403425
674.179938 -196.640512
674.827725 -195.878656
675.475511 -195.116799
676.123397 -194.355027

[left] sid=128, seg=0, num=20
662.752286 -207.880931
663.401893 -207.120626
664.051500 -206.360321
664.701106 -205.600016
665.350713 -204.839711
665.996567 -204.076223
666.640492 -203.311099
667.284416 -202.545976
667.928341 -201.780852
668.572266 -201.015728
669.216191 -200.250605
669.860115 -199.485481
670.504040 -198.720358
671.147964 -197.955234
671.791889 -197.190110
672.435814 -196.424987
673.083094 -195.662709
673.732654 -194.902364
674.382214 -194.142018
675.031774 -193.381673

[right] sid=128, seg=0, num=21
664.955494 -211.100724
665.228491 -210.138680
665.645592 -209.232038
666.203088 -208.407024
666.815723 -207.616680
667.461732 -206.853316
668.107742 -206.089952
668.753752 -205.326588
669.399762 -204.563224
670.045772 -203.799861
670.691782 -203.036497
671.337792 -202.273133
671.983802 -201.509769
672.629812 -200.746405
673.275821 -199.983042
673.921831 -199.219678
674.567841 -198.456314
675.213851 -197.692950
675.859860 -196.929586
676.505870 -196.166222
677.151880 -195.402858

[center] sid=129, seg=0, num=22
671.930754 -190.013500
672.578018 -189.251200
673.225283 -188.488899
673.872547 -187.726599
674.519811 -186.964298
675.167076 -186.201998
675.814340 -185.439697
676.461604 -184.677397
677.108868 -183.915097
677.756133 -183.152796
678.403397 -182.390496
679.050661 -181.628195
679.697926 -180.865895
680.345190 -180.103595
680.992454 -179.341294
681.639718 -178.578994
682.286983 -177.816693
682.934247 -177.054393
683.581511 -176.292093
684.228775 -175.529792
684.876040 -174.767492
685.523304 -174.005191

[left] sid=129, seg=0, num=2
683.335660 -174.177138
683.989111 -173.420135

[left] sid=129, seg=1, num=20
670.653095 -188.949875
671.299328 -188.186700
671.945525 -187.423495
672.591690 -186.660263
673.237856 -185.897030
673.884041 -185.133815
674.530244 -184.370615
675.176446 -183.607414
675.822652 -182.844216
676.468859 -182.081019
677.115066 -181.317822
677.761269 -180.554622
678.407469 -179.791419
679.053669 -179.028216
679.699872 -178.265016
680.346078 -177.501818
680.992284 -176.738620
681.638491 -175.975424
682.284700 -175.212228
682.930908 -174.449033

[right] sid=129, seg=0, num=19
675.768055 -187.866210
676.415563 -187.104116
677.063070 -186.342023
677.710579 -185.579929
678.358087 -184.817836
679.005595 -184.055743
679.653103 -183.293649
680.300611 -182.531556
680.948119 -181.769462
681.593940 -181.005945
682.236485 -180.239662
682.879029 -179.473379
683.521573 -178.707096
684.164118 -177.940813
684.806662 -177.174530
685.449206 -176.408247
686.091959 -175.642139
686.735070 -174.876331
687.378180 -174.110523

[center] sid=130, seg=0, num=23
674.269872 -191.955122
674.916652 -191.192410
675.563432 -190.429699
676.210211 -189.666987
676.857000 -188.904283
677.503789 -188.141579
678.150577 -187.378875
678.797366 -186.616171
679.444155 -185.853467
680.090944 -185.090764
680.737733 -184.328060
681.384522 -183.565356
682.031310 -182.802652
682.677477 -182.039422
683.321785 -181.274621
683.966093 -180.509821
684.610402 -179.745021
685.254710 -178.980220
685.899019 -178.215420
686.543327 -177.450619
687.189293 -176.687226
687.839514 -175.927447
688.489736 -175.167668

[left] sid=130, seg=0, num=19
675.768055 -187.866210
676.415563 -187.104116
677.063070 -186.342023
677.710579 -185.579929
678.358087 -184.817836
679.005595 -184.055743
679.653103 -183.293649
680.300611 -182.531556
680.948119 -181.769462
681.593940 -181.005945
682.236485 -180.239662
682.879029 -179.473379
683.521573 -178.707096
684.164118 -177.940813
684.806662 -177.174530
685.449206 -176.408247
686.091959 -175.642139
686.735070 -174.876331
687.378180 -174.110523

[right] sid=130, seg=0, num=9
675.394318 -192.957296
676.040387 -192.193982
676.686456 -191.430669
677.332525 -190.667355
677.978594 -189.904041
678.624663 -189.140728
679.270732 -188.377414
679.916801 -187.614100
680.562871 -186.850787

[right] sid=130, seg=1, num=15
680.886729 -186.468156
681.532798 -185.704842
682.178867 -184.941529
682.824936 -184.178215
683.471005 -183.414901
684.117074 -182.651588
684.763143 -181.888274
685.409213 -181.124960
686.055282 -180.361647
686.701351 -179.598333
687.347420 -178.835019
687.993489 -178.071706
688.639558 -177.308392
689.285627 -176.545078
689.931696 -175.781765

[center] sid=131, seg=0, num=24
676.441270 -193.981357
677.088011 -193.218613
677.734753 -192.455869
678.381495 -191.693125
679.028425 -190.930541
679.675375 -190.167973
680.322324 -189.405406
680.969274 -188.642839
681.616224 -187.880271
682.263173 -187.117704
682.910123 -186.355136
683.557073 -185.592569
684.204023 -184.830002
684.850972 -184.067434
685.497922 -183.304867
686.144872 -182.542299
686.791821 -181.779732
687.438771 -181.017165
688.085721 -180.254598
688.732671 -179.492030
689.379620 -178.729463
690.026570 -177.966895
690.669852 -177.201232
691.312936 -176.435402

[left] sid=131, seg=0, num=9
675.394318 -192.957296
676.040387 -192.193982
676.686456 -191.430669
677.332525 -190.667355
677.978594 -189.904041
678.624663 -189.140728
679.270732 -188.377414
679.916801 -187.614100
680.562871 -186.850787

[left] sid=131, seg=1, num=15
680.886729 -186.468156
681.532798 -185.704842
682.178867 -184.941529
682.824936 -184.178215
683.471005 -183.414901
684.117074 -182.651588
684.763143 -181.888274
685.409213 -181.124960
686.055282 -180.361647
686.701351 -179.598333
687.347420 -178.835019
687.993489 -178.071706
688.639558 -177.308392
689.285627 -176.545078
689.931696 -175.781765

[right] sid=131, seg=0, num=25
677.488221 -195.005419
678.134583 -194.242354
678.782412 -193.480534
679.430242 -192.718714
680.078072 -191.956894
680.725901 -191.195074
681.373731 -190.433254
682.021560 -189.671434
682.669389 -188.909613
683.317219 -188.147793
683.965049 -187.385973
684.612878 -186.624153
685.260708 -185.862333
685.908537 -185.100513
686.556367 -184.338693
687.204196 -183.576873
687.852025 -182.815053
688.499855 -182.053233
689.147685 -181.291413
689.795514 -180.529593
690.443343 -179.767772
691.091173 -179.005952
691.739002 -178.244132
692.386832 -177.482312
693.034662 -176.720492

[center] sid=132, seg=0, num=24
671.930754 -190.013500
672.578018 -189.251200
673.225283 -188.488899
673.872547 -187.726599
674.519811 -186.964298
675.123312 -186.168633
675.578020 -185.281831
675.826511 -184.315375
675.874409 -183.318556
675.706885 -182.334785
675.342215 -181.405984
674.791567 -180.573897
674.078316 -179.876076
673.238202 -179.337372
672.301462 -178.993081
671.314586 -178.845445
670.318862 -178.909732
669.358219 -179.179541
668.473412 -179.640908
667.707503 -180.280665
667.043674 -181.027975
666.394370 -181.788539
665.745066 -182.549103
665.095763 -183.309667

[center] sid=133, seg=0, num=68
607.649828 -225.965232
606.874530 -225.333602
606.099232 -224.701971
605.323934 -224.070341
604.548636 -223.438710
603.773337 -222.807080
602.998039 -222.175449
602.222742 -221.543818
601.447444 -220.912187
600.671307 -220.281588
599.894458 -219.651866
599.117610 -219.022143
598.339046 -218.394548
597.559015 -217.768770
596.778985 -217.142993
595.998991 -216.517171
595.219025 -215.891314
594.439059 -215.265457
593.659235 -214.639422
592.879517 -214.013256
592.099798 -213.387090
591.320079 -212.760925
590.538902 -212.136589
589.754940 -211.515744
588.970979 -210.894898
588.185869 -210.275511
587.398624 -209.658835
586.611380 -209.042158
585.823963 -208.425701
585.036210 -207.809674
584.248456 -207.193648
583.460702 -206.577622
582.670265 -205.965043
581.879605 -205.352752
581.088944 -204.740461
580.296578 -204.130380
579.504087 -203.520459
578.710350 -202.912166
577.915210 -202.305703
577.120070 -201.699240
576.324104 -201.093864
575.527233 -200.489678
574.730363 -199.885492
573.929293 -199.286900
573.126573 -198.690506
572.323853 -198.094113
571.521133 -197.497720
570.718413 -196.901326
569.915693 -196.304933
569.112157 -195.709641
568.308294 -195.114789
567.502099 -194.523102
566.695757 -193.931615
565.889415 -193.340129
565.083072 -192.748642
564.276730 -192.157156
563.472794 -191.562406
562.669158 -190.967250
561.860971 -190.378286
561.052784 -189.789322
560.244569 -189.200398
559.435609 -188.612495
558.626650 -188.024593
557.817691 -187.436690
557.008732 -186.848788
556.199773 -186.260885
555.390814 -185.672982
554.581862 -185.085070

[left] sid=133, seg=0, num=68
606.716363 -227.105119
605.939172 -226.475820
605.161980 -225.846521
604.384788 -225.217221
603.607597 -224.587923
602.830405 -223.958624
602.053213 -223.329325
601.276021 -222.700026
600.498829 -222.070726
599.721035 -221.442173
598.942728 -220.814254
598.164421 -220.186335
597.386114 -219.558416
596.607806 -218.930497
595.829499 -218.302577
595.051192 -217.674658
594.272885 -217.046740
593.494577 -216.418821
592.716270 -215.790902
591.937963 -215.162983
591.159656 -214.535064
590.381348 -213.907145
589.599978 -213.283075
588.813198 -212.665807
588.026417 -212.048538
587.239637 -211.431269
586.452856 -210.814000
585.666076 -210.196731
584.879295 -209.579462
584.092515 -208.962194
583.305734 -208.344925
582.518954 -207.727656
581.726606 -207.117553
580.934017 -206.507760
580.141429 -205.897967
579.348840 -205.288174
578.556251 -204.678380
577.761021 -204.072051
576.963311 -203.468973
576.165601 -202.865896
575.367890 -202.262818
574.570180 -201.659741
573.772470 -201.056663
572.970361 -200.459460
572.167061 -199.863849
571.363760 -199.268238
570.560460 -198.672627
569.757160 -198.077015
568.953859 -197.481404
568.150559 -196.885793
567.347231 -196.290219
566.542823 -195.696104
565.738415 -195.101990
564.934007 -194.507875
564.129599 -193.913761
563.325190 -193.319647
562.521303 -192.724828
561.716932 -192.130668
560.908390 -191.542192
560.099848 -190.953716
559.291306 -190.365240
558.482764 -189.776764
557.674222 -189.188288
556.865680 -188.599812
556.057138 -188.011336
555.248595 -187.422860
554.440053 -186.834385
553.631511 -186.245909

[right] sid=133, seg=0, num=56
608.583295 -224.825346
607.809899 -224.191389
607.036502 -223.557432
606.263105 -222.923475
605.489708 -222.289518
604.716310 -221.655561
603.942913 -221.021604
603.169516 -220.387647
602.396119 -219.753691
601.622722 -219.119734
600.849325 -218.485777
600.073905 -217.854322
599.292158 -217.230690
598.510411 -216.607059
597.728663 -215.983428
596.946916 -215.359798
596.165169 -214.736167
595.383524 -214.112408
594.602398 -213.487998
593.821272 -212.863589
593.040146 -212.239180
592.259020 -211.614771
591.477894 -210.990362
590.696768 -210.365953
589.915642 -209.741544
589.134517 -209.117135
588.346387 -208.501599
587.557662 -207.886816
586.768937 -207.272034
585.980212 -206.657252
585.191487 -206.042469
584.402762 -205.427687
583.614037 -204.812905
582.825312 -204.198122
582.036587 -203.583340
581.244830 -202.972473
580.452275 -202.362636
579.659721 -201.752798
578.867167 -201.142960
578.074612 -200.533123
577.282058 -199.923285
576.489504 -199.313447
575.690668 -198.711908
574.888529 -198.114734
574.086391 -197.517559
573.284252 -196.920384
572.482114 -196.323208
571.679975 -195.726034
570.877837 -195.128859
570.075698 -194.531684
569.270390 -193.938813
568.462122 -193.349960
567.653854 -192.761108
566.845586 -192.172255
566.037318 -191.583403
565.229050 -190.994551

[right] sid=133, seg=1, num=13
565.011947 -190.836384
564.208953 -190.240360
563.405959 -189.644335
562.599742 -189.052703
561.790366 -188.465375
560.980989 -187.878047
560.171613 -187.290719
559.362237 -186.703390
558.552861 -186.116062
557.743485 -185.528734
556.934109 -184.941405
556.124733 -184.354077
555.315357 -183.766748

[center] sid=134, seg=0, num=68
609.569448 -223.629271
608.796938 -222.994233
608.024404 -222.359225
607.251782 -221.724324
606.479159 -221.089424
605.706488 -220.454582
604.933648 -219.819946
604.160808 -219.185310
603.387789 -218.550892
602.614174 -217.917202
601.840558 -217.283512
601.065614 -216.651459
600.286188 -216.024929
599.506762 -215.398399
598.727181 -214.772063
597.946626 -214.146940
597.166072 -213.521816
596.385456 -212.896770
595.604469 -212.272187
594.823482 -211.647605
594.042494 -211.023022
593.261507 -210.398440
592.480519 -209.773858
591.699532 -209.149276
590.918544 -208.524693
590.137557 -207.900111
589.349991 -207.283859
588.561040 -206.669367
587.772089 -206.054875
586.981654 -205.442295
586.190673 -204.830418
585.399692 -204.218541
584.608745 -203.606621
583.817810 -202.994684
583.026875 -202.382747
582.234849 -201.772225
581.442439 -201.162200
580.650029 -200.552175
579.857619 -199.942149
579.064636 -199.332870
578.271259 -198.724102
577.477882 -198.115335
576.679122 -197.513698
575.876382 -196.917332
575.073641 -196.320967
574.270900 -195.724601
573.468160 -195.128235
572.666319 -194.530663
571.865633 -193.931542
571.064948 -193.332420
570.261573 -192.736930
569.454898 -192.145897
568.648223 -191.554865
567.838688 -190.967766
567.027516 -190.382922
566.216343 -189.798077
565.408533 -189.208612
564.602643 -188.616510
563.796304 -188.025022
562.987253 -187.437246
562.178202 -186.849469
561.369154 -186.261689
560.560122 -185.673888
559.751089 -185.086086
558.942057 -184.498285
558.133024 -183.910483
557.323992 -183.322681
556.514959 -182.734880

[left] sid=134, seg=0, num=56
608.583295 -224.825346
607.809899 -224.191389
607.036502 -223.557432
606.263105 -222.923475
605.489708 -222.289518
604.716310 -221.655561
603.942913 -221.021604
603.169516 -220.387647
602.396119 -219.753691
601.622722 -219.119734
600.849325 -218.485777
600.073905 -217.854322
599.292158 -217.230690
598.510411 -216.607059
597.728663 -215.983428
596.946916 -215.359798
596.165169 -214.736167
595.383524 -214.112408
594.602398 -213.487998
593.821272 -212.863589
593.040146 -212.239180
592.259020 -211.614771
591.477894 -210.990362
590.696768 -210.365953
589.915642 -209.741544
589.134517 -209.117135
588.346387 -208.501599
587.557662 -207.886816
586.768937 -207.272034
585.980212 -206.657252
585.191487 -206.042469
584.402762 -205.427687
583.614037 -204.812905
582.825312 -204.198122
582.036587 -203.583340
581.244830 -202.972473
580.452275 -202.362636
579.659721 -201.752798
578.867167 -201.142960
578.074612 -200.533123
577.282058 -199.923285
576.489504 -199.313447
575.690668 -198.711908
574.888529 -198.114734
574.086391 -197.517559
573.284252 -196.920384
572.482114 -196.323208
571.679975 -195.726034
570.877837 -195.128859
570.075698 -194.531684
569.270390 -193.938813
568.462122 -193.349960
567.653854 -192.761108
566.845586 -192.172255
566.037318 -191.583403
565.229050 -190.994551

[left] sid=134, seg=1, num=13
565.011947 -190.836384
564.208953 -190.240360
563.405959 -189.644335
562.599742 -189.052703
561.790366 -188.465375
560.980989 -187.878047
560.171613 -187.290719
559.362237 -186.703390
558.552861 -186.116062
557.743485 -185.528734
556.934109 -184.941405
556.124733 -184.354077
555.315357 -183.766748

[right] sid=134, seg=0, num=63
610.583132 -222.455892
609.811511 -221.819775
609.039890 -221.183657
608.268269 -220.547540
607.496510 -219.911590
606.724227 -219.276276
605.951944 -218.640963
605.179661 -218.005649
604.407378 -217.370336
603.635095 -216.735023
602.862106 -216.100574
602.085012 -215.471153
601.307918 -214.841733
600.530825 -214.212313
599.753731 -213.582893
598.976637 -212.953474
598.196167 -212.328247
597.415318 -211.703491
596.634470 -211.078736
595.853621 -210.453980
595.072772 -209.829225
594.291923 -209.204469
593.511074 -208.579714
592.730225 -207.954958
591.949377 -207.330202
591.168528 -206.705447
590.387679 -206.080691
589.598295 -205.466825
588.805068 -204.857863
588.011841 -204.248900
587.218614 -203.639938
586.425388 -203.030975
585.632161 -202.422013
584.838934 -201.813050
584.045707 -201.204088
583.253373 -200.593964
582.461108 -199.983751
581.668842 -199.373538
580.876577 -198.763325
580.084311 -198.153112
579.292045 -197.542900
578.499780 -196.932686
577.696656 -196.336843
576.893315 -195.741287
576.089973 -195.145732
575.286631 -194.550176
574.483290 -193.954621
573.679948 -193.359065
572.881059 -192.757553
572.082451 -192.155665
571.283843 -191.553776
570.478078 -190.961510
569.671939 -190.369746
568.865194 -189.778822
568.049563 -189.200212
567.233931 -188.621602
566.422333 -188.037377
565.613564 -187.449212
564.804796 -186.861048
563.996028 -186.272882
563.187311 -185.684646
562.378622 -185.096372
561.569934 -184.508098

[center] sid=135, seg=0, num=61
524.979921 -164.551965
524.145768 -164.000393
523.311614 -163.448820
522.477461 -162.897247
521.643308 -162.345674
520.809155 -161.794101
519.975002 -161.242528
519.139448 -160.693079
518.303894 -160.143631
517.468338 -159.594185
516.631931 -159.046035
515.795525 -158.497885
514.958824 -157.950186
514.121154 -157.403968
513.283485 -156.857749
512.445376 -156.312208
511.605831 -155.768877
510.766285 -155.225547
509.926112 -154.683192
509.084002 -154.143845
508.241893 -153.604497
507.399481 -153.065622
506.556092 -152.528277
505.711834 -151.992300
504.867423 -151.456563
504.023012 -150.920826
503.176605 -150.388250
502.329843 -149.856237
501.483080 -149.324224
500.635246 -148.793922
499.787188 -148.263976
498.939131 -147.734030
498.091115 -147.204018
497.243108 -146.673991
496.395101 -146.143964
495.541798 -145.622527
494.687372 -145.102910
493.832947 -144.583294
492.977188 -144.065878
492.121166 -143.548895
491.265145 -143.031912
490.408328 -142.516247
489.551352 -142.000848
488.694376 -141.485449
487.836507 -140.971538
486.978470 -140.457907
486.120433 -139.944277
485.261788 -139.431662
484.403030 -138.919239
483.544271 -138.406815
482.685513 -137.894391
481.826754 -137.381967
480.967996 -136.869544
480.108047 -136.359121
479.247908 -135.849017
478.387770 -135.338912
477.525428 -134.832553
476.661131 -134.329526
475.796835 -133.826499
474.932539 -133.323473
474.068242 -132.820446

[left] sid=135, seg=0, num=62
524.152679 -165.806055
523.319128 -165.253572
522.485577 -164.701089
521.652026 -164.148607
520.818475 -163.596123
519.984925 -163.043640
519.151374 -162.491157
518.315235 -161.942599
517.479096 -161.394041
516.642957 -160.845483
515.806818 -160.296926
514.970679 -159.748368
514.133972 -159.200680
513.295447 -158.655775
512.456923 -158.110871
511.618398 -157.565966
510.779874 -157.021062
509.941349 -156.476157
509.101658 -155.933064
508.258662 -155.395103
507.415667 -154.857141
506.572671 -154.319180
505.729675 -153.781218
504.884892 -153.246070
504.039853 -152.711324
503.194814 -152.176578
502.349775 -151.641831
501.504736 -151.107085
500.659697 -150.572339
499.814659 -150.037592
498.969620 -149.502846
498.124581 -148.968099
497.279542 -148.433353
496.434503 -147.898607
495.589464 -147.363861
494.733078 -146.847550
493.874983 -146.334016
493.016887 -145.820483
492.158792 -145.306950
491.300696 -144.793417
490.442601 -144.279883
489.584505 -143.766350
488.726410 -143.252817
487.868314 -142.739284
487.010219 -142.225751
486.152123 -141.712217
485.294028 -141.198684
484.435932 -140.685151
483.577837 -140.171618
482.719741 -139.658084
481.861646 -139.144551
481.003550 -138.631018
480.145455 -138.117485
479.287359 -137.603951
478.429264 -137.090418
477.571168 -136.576884
476.708946 -136.070381
475.842269 -135.571467
474.975593 -135.072552
474.108916 -134.573638
473.242239 -134.074724
472.375562 -133.575810

[right] sid=135, seg=0, num=54
526.267002 -163.601215
525.432247 -163.050553
524.597492 -162.499891
523.762737 -161.949229
522.927982 -161.398567
522.093228 -160.847905
521.258473 -160.297243
520.423718 -159.746581
519.588963 -159.195919
518.754208 -158.645258
517.917952 -158.096880
517.081278 -157.549138
516.244605 -157.001395
515.407931 -156.453653
514.571258 -155.905911
513.734584 -155.358168
512.894880 -154.815092
512.054317 -154.273337
511.213754 -153.731583
510.373190 -153.189828
509.532627 -152.648074
508.691164 -152.107725
507.847382 -151.570998
507.003600 -151.034271
506.159818 -150.497543
505.316036 -149.960816
504.472254 -149.424089
503.626483 -148.890534
502.775813 -148.364791
501.925143 -147.839049
501.074467 -147.313316
500.223164 -146.788600
499.371861 -146.263883
498.520564 -145.739158
497.669852 -145.213484
496.819140 -144.687810
495.968427 -144.162136
495.117715 -143.636461
494.267003 -143.110787
493.415151 -142.586978
492.559591 -142.069231
491.704032 -141.551484
490.848472 -141.033737
489.992422 -140.516800
489.136355 -139.999893
488.280288 -139.482986
487.421090 -138.971302
486.561670 -138.459989
485.702249 -137.948676
484.842829 -137.437363
483.983409 -136.926049
483.123989 -136.414736
482.264568 -135.903423
481.405148 -135.392110

[right] sid=135, seg=1, num=8
480.946462 -135.119215
480.085210 -134.611017
479.220667 -134.108413
478.356125 -133.605809
477.491583 -133.103205
476.627041 -132.600600
475.762499 -132.097996
474.901190 -131.589931

[center] sid=136, seg=0, num=61
527.120674 -162.325426
526.287698 -161.772077
525.454722 -161.218728
524.621738 -160.665390
523.788197 -160.112893
522.954656 -159.560395
522.121115 -159.007897
521.285688 -158.458257
520.450249 -157.908632
519.614811 -157.359008
518.777612 -156.812071
517.939883 -156.265945
517.102153 -155.719819
516.262943 -155.175974
515.423235 -154.632896
514.583526 -154.089817
513.741851 -153.549796
512.899510 -153.010811
512.057168 -152.471826
511.214435 -151.933452
510.371571 -151.395285
509.528322 -150.857722
508.683855 -150.322073
507.839389 -149.786424
506.994922 -149.250774
506.150455 -148.715125
505.305989 -148.179476
504.460438 -147.645551
503.611624 -147.116816
502.762811 -146.588082
501.913662 -146.059889
501.063226 -145.533768
500.212776 -145.007669
499.362327 -144.481570
498.511055 -143.956803
497.659747 -143.432094
496.808439 -142.907386
495.956436 -142.383806
495.104399 -141.860283
494.252102 -141.337184
493.398603 -140.816048
492.545104 -140.294911
491.691605 -139.773774
490.836396 -139.255448
489.981015 -138.737407
489.125633 -138.219365
488.266241 -137.708015
487.406130 -137.197865
486.546019 -136.687714
485.686190 -136.177089
484.826406 -135.666389
483.966621 -135.155688
483.106837 -134.644988
482.247052 -134.134288
481.387267 -133.623588
480.525578 -133.116113
479.663224 -132.609763
478.800870 -132.103413
477.934973 -131.603163
477.067951 -131.104849
476.200928 -130.606536

[left] sid=136, seg=0, num=54
526.267002 -163.601215
525.432247 -163.050553
524.597492 -162.499891
523.762737 -161.949229
522.927982 -161.398567
522.093228 -160.847905
521.258473 -160.297243
520.423718 -159.746581
519.588963 -159.195919
518.754208 -158.645258
517.917952 -158.096880
517.081278 -157.549138
516.244605 -157.001395
515.407931 -156.453653
514.571258 -155.905911
513.734584 -155.358168
512.894880 -154.815092
512.054317 -154.273337
511.213754 -153.731583
510.373190 -153.189828
509.532627 -152.648074
508.691164 -152.107725
507.847382 -151.570998
507.003600 -151.034271
506.159818 -150.497543
505.316036 -149.960816
504.472254 -149.424089
503.626483 -148.890534
502.775813 -148.364791
501.925143 -147.839049
501.074467 -147.313316
500.223164 -146.788600
499.371861 -146.263883
498.520564 -145.739158
497.669852 -145.213484
496.819140 -144.687810
495.968427 -144.162136
495.117715 -143.636461
494.267003 -143.110787
493.415151 -142.586978
492.559591 -142.069231
491.704032 -141.551484
490.848472 -141.033737
489.992422 -140.516800
489.136355 -139.999893
488.280288 -139.482986
487.421090 -138.971302
486.561670 -138.459989
485.702249 -137.948676
484.842829 -137.437363
483.983409 -136.926049
483.123989 -136.414736
482.264568 -135.903423
481.405148 -135.392110

[left] sid=136, seg=1, num=8
480.946462 -135.119215
480.085210 -134.611017
479.220667 -134.108413
478.356125 -133.605809
477.491583 -133.103205
476.627041 -132.600600
475.762499 -132.097996
474.901190 -131.589931

[right] sid=136, seg=0, num=61
528.493433 -161.396883
527.662244 -160.840854
526.831054 -160.284824
525.999865 -159.728795
525.168676 -159.172766
524.337486 -158.616736
523.506019 -158.061126
522.669899 -157.512540
521.833779 -156.963953
520.997659 -156.415366
520.161538 -155.866780
519.325418 -155.318193
518.487290 -154.772709
517.644572 -154.234311
516.801855 -153.695914
515.959137 -153.157517
515.116420 -152.619120
514.273702 -152.080723
513.429055 -151.545361
512.583905 -151.010790
511.738755 -150.476220
510.893606 -149.941649
510.048456 -149.407078
509.203306 -148.872507
508.358156 -148.337937
507.513006 -147.803366
506.667856 -147.268795
505.822706 -146.734225
504.977556 -146.199654
504.132406 -145.665083
503.283703 -145.136183
502.434109 -144.608702
501.584516 -144.081222
500.734923 -143.553741
499.885330 -143.026261
499.035737 -142.498780
498.182416 -141.977360
497.328470 -141.456956
496.474524 -140.936552
495.620925 -140.415581
494.769500 -139.891062
493.918076 -139.366543
493.066651 -138.842024
492.215226 -138.317505
491.363801 -137.792986
490.510720 -137.271214
489.649583 -136.762796
488.788447 -136.254379
487.927477 -135.745679
487.067329 -135.235592
486.207180 -134.725505
485.347032 -134.215418
484.486883 -133.705331
483.626735 -133.195244
482.766586 -132.685157
481.906438 -132.175070
481.046289 -131.664983
480.186140 -131.154896
479.325992 -130.644809
478.465843 -130.134723
477.605694 -129.624636

[center] sid=137, seg=0, num=68
436.656779 -112.046090
435.772099 -111.579843
434.887418 -111.113597
434.002738 -110.647351
433.118058 -110.181106
432.232965 -109.715644
431.347562 -109.250772
430.462159 -108.785900
429.576647 -108.321236
428.691058 -107.856718
427.805469 -107.392201
426.919523 -106.928364
426.033331 -106.464998
425.147139 -106.001631
424.258396 -105.543201
423.367812 -105.088335
422.477227 -104.633468
421.586643 -104.178601
420.694901 -103.726013
419.802206 -103.275302
418.909511 -102.824591
418.016125 -102.375254
417.122174 -101.927041
416.228222 -101.478827
415.333707 -101.031743
414.438762 -100.585516
413.543816 -100.139290
412.648004 -99.694819
411.749871 -99.255045
410.851737 -98.815272
409.953168 -98.376392
409.053453 -97.939864
408.153738 -97.503335
407.252947 -97.069042
406.350317 -96.638574
405.447686 -96.208106
404.544795 -95.778186
403.641469 -95.349180
402.738143 -94.920174
401.834600 -94.491623
400.930715 -94.063796
400.026830 -93.635968
399.122861 -93.208318
398.218766 -92.780935
397.314671 -92.353552
396.410245 -91.926871
395.505342 -91.501199
394.600440 -91.075528
393.695431 -90.650083
392.790273 -90.224955
391.885013 -89.800045
390.979567 -89.375530
390.074121 -88.951016
389.168582 -88.526701
388.262871 -88.102752
387.357161 -87.678803
386.451413 -87.254931
385.545600 -86.831201
384.639787 -86.407471
383.733274 -85.985243
382.826322 -85.563955
381.919371 -85.142667
381.013342 -84.719402
380.107890 -84.294901
379.202438 -83.870399
378.295423 -83.449257
377.387512 -83.030040
376.479601 -82.610824

[left] sid=137, seg=0, num=69
435.966611 -113.364661
435.083301 -112.895824
434.199991 -112.426987
433.316682 -111.958149
432.433372 -111.489312
431.548805 -111.022858
430.663289 -110.558200
429.777773 -110.093543
428.892257 -109.628886
428.006741 -109.164229
427.121225 -108.699572
426.235710 -108.234915
425.350194 -107.770257
424.464679 -107.305600
423.575380 -106.848276
422.683462 -106.396029
421.791544 -105.943782
420.899627 -105.491535
420.006380 -105.041926
419.112083 -104.594403
418.217786 -104.146880
417.323488 -103.699357
416.429191 -103.251834
415.534894 -102.804311
414.640468 -102.357045
413.745956 -101.909950
412.851445 -101.462856
411.955477 -101.018715
411.056148 -100.581391
410.156820 -100.144066
409.257491 -99.706742
408.358163 -99.269417
407.458834 -98.832093
406.557598 -98.398745
405.653705 -97.970934
404.749812 -97.543124
403.845919 -97.115313
402.942025 -96.687503
402.038132 -96.259692
401.134071 -95.832239
400.229799 -95.405230
399.325527 -94.978221
398.421255 -94.551212
397.516983 -94.124203
396.612711 -93.697194
395.708116 -93.270869
394.803160 -92.845312
393.898203 -92.419756
392.993246 -91.994200
392.088290 -91.568643
391.183244 -91.143276
390.278076 -90.718170
389.372908 -90.293064
388.467740 -89.867958
387.562572 -89.442852
386.657404 -89.017745
385.752236 -88.592639
384.847068 -88.167532
383.941900 -87.742426
383.035236 -87.320526
382.127882 -86.900104
381.220529 -86.479683
380.314901 -86.055566
379.410070 -85.629743
378.505238 -85.203920
377.600407 -84.778097
376.695575 -84.352275
375.790744 -83.926452
374.885913 -83.500630

[right] sid=137, seg=0, num=61
437.707463 -110.916167
436.821419 -110.452518
435.935376 -109.988868
435.049332 -109.525218
434.163289 -109.061568
433.277245 -108.597918
432.391230 -108.134215
431.506408 -107.668237
430.621587 -107.202259
429.736736 -106.736337
428.850543 -106.272971
427.964351 -105.809606
427.078159 -105.346240
426.191966 -104.882875
425.303262 -104.424353
424.414018 -103.966870
423.524775 -103.509387
422.635532 -103.051904
421.746288 -102.594421
420.857045 -102.136938
419.965055 -101.684841
419.072620 -101.233615
418.180185 -100.782389
417.286814 -100.333030
416.391437 -99.887672
415.496059 -99.442314
414.600682 -98.996956
413.705304 -98.551599
412.809592 -98.106917
411.912211 -97.665611
411.014830 -97.224305
410.116864 -96.784197
409.215972 -96.350104
408.315079 -95.916011
407.414187 -95.481918
406.513294 -95.047824
405.611123 -94.616396
404.708684 -94.185526
403.806246 -93.754656
402.902933 -93.325622
401.999436 -92.896976
401.095938 -92.468331
400.192441 -92.039685
399.288944 -91.611040
398.385069 -91.183191
397.480738 -90.756306
396.576408 -90.329422
395.671612 -89.903525
394.766253 -89.478825
393.860894 -89.054125
392.955536 -88.629425
392.050177 -88.204724
391.144488 -87.780730
390.238449 -87.357483
389.332410 -86.934236
388.426179 -86.511401
387.519744 -86.089002
386.613309 -85.666604
385.706874 -85.244207
384.800366 -84.821964
383.893818 -84.399810

[right] sid=137, seg=1, num=8
383.509475 -84.220832
382.602926 -83.798677
381.696378 -83.376523
380.789829 -82.954368
379.883553 -82.531635
378.979814 -82.103498
378.076075 -81.675362
377.172336 -81.247226

[center] sid=138, seg=0, num=68
438.443789 -109.533562
437.559385 -109.066793
436.674980 -108.600024
435.790572 -108.133263
434.905844 -107.667107
434.021117 -107.200950
433.136379 -106.734813
432.250544 -106.270766
431.364708 -105.806719
430.478862 -105.342692
429.591700 -104.881186
428.704538 -104.419680
427.817376 -103.958174
426.929324 -103.498382
426.039597 -103.041844
425.149450 -102.586121
424.259304 -102.130398
423.368660 -101.675647
422.477895 -101.221135
421.587129 -100.766623
420.695046 -100.314705
419.802689 -99.863324
418.910333 -99.411943
418.017409 -98.961691
417.123067 -98.514257
416.228725 -98.066823
415.333648 -97.620870
414.436631 -97.178825
413.539501 -96.737007
412.641487 -96.296990
411.743473 -95.856973
410.845206 -95.417475
409.944925 -94.982113
409.044645 -94.546752
408.144348 -94.111424
407.243912 -93.676385
406.342487 -93.243400
405.440756 -92.811052
404.539024 -92.378704
403.636812 -91.947361
402.734448 -91.516333
401.832085 -91.085305
400.929000 -90.655792
400.025693 -90.226747
399.122226 -89.798037
398.218500 -89.369872
397.314775 -88.941707
396.410558 -88.514585
395.505541 -88.089157
394.600524 -87.663729
393.695483 -87.238352
392.790403 -86.813059
391.885151 -86.388131
390.979652 -85.963730
390.074153 -85.539329
389.168557 -85.115135
388.262820 -84.691242
387.357083 -84.267349
386.451265 -83.843631
385.545186 -83.420468
384.638997 -82.997543
383.732808 -82.574617
382.826563 -82.151812
381.920275 -81.729098
381.013987 -81.306384
380.108259 -80.882473
379.202923 -80.457726
378.297586 -80.032978

[left] sid=138, seg=0, num=61
437.707463 -110.916167
436.821419 -110.452518
435.935376 -109.988868
435.049332 -109.525218
434.163289 -109.061568
433.277245 -108.597918
432.391230 -108.134215
431.506408 -107.668237
430.621587 -107.202259
429.736736 -106.736337
428.850543 -106.272971
427.964351 -105.809606
427.078159 -105.346240
426.191966 -104.882875
425.303262 -104.424353
424.414018 -103.966870
423.524775 -103.509387
422.635532 -103.051904
421.746288 -102.594421
420.857045 -102.136938
419.965055 -101.684841
419.072620 -101.233615
418.180185 -100.782389
417.286814 -100.333030
416.391437 -99.887672
415.496059 -99.442314
414.600682 -98.996956
413.705304 -98.551599
412.809592 -98.106917
411.912211 -97.665611
411.014830 -97.224305
410.116864 -96.784197
409.215972 -96.350104
408.315079 -95.916011
407.414187 -95.481918
406.513294 -95.047824
405.611123 -94.616396
404.708684 -94.185526
403.806246 -93.754656
402.902933 -93.325622
401.999436 -92.896976
401.095938 -92.468331
400.192441 -92.039685
399.288944 -91.611040
398.385069 -91.183191
397.480738 -90.756306
396.576408 -90.329422
395.671612 -89.903525
394.766253 -89.478825
393.860894 -89.054125
392.955536 -88.629425
392.050177 -88.204724
391.144488 -87.780730
390.238449 -87.357483
389.332410 -86.934236
388.426179 -86.511401
387.519744 -86.089002
386.613309 -85.666604
385.706874 -85.244207
384.800366 -84.821964
383.893818 -84.399810

[left] sid=138, seg=1, num=8
383.509475 -84.220832
382.602926 -83.798677
381.696378 -83.376523
380.789829 -82.954368
379.883553 -82.531635
378.979814 -82.103498
378.076075 -81.675362
377.172336 -81.247226

[right] sid=138, seg=0, num=68
439.606279 -108.377796
438.723524 -107.907915
437.840769 -107.438034
436.958014 -106.968153
436.075259 -106.498272
435.192504 -106.028391
434.309749 -105.558510
433.422917 -105.096371
432.536071 -104.634258
431.649225 -104.172145
430.762379 -103.710031
429.875533 -103.247918
428.986412 -102.790207
428.096507 -102.334012
427.206602 -101.877816
426.316698 -101.421621
425.425077 -100.968795
424.532799 -100.517260
423.640521 -100.065724
422.748243 -99.614188
421.855965 -99.162653
420.963687 -98.711117
420.071409 -98.259581
419.179131 -97.808045
418.286853 -97.356510
417.394575 -96.904974
416.500857 -96.456335
415.602212 -96.017608
414.703567 -95.578881
413.804922 -95.140154
412.906276 -94.701427
412.007631 -94.262701
411.108690 -93.824582
410.208903 -93.388202
409.309116 -92.951821
408.409329 -92.515440
407.509012 -92.080156
406.607991 -91.646331
405.706969 -91.212506
404.805947 -90.778681
403.904925 -90.344856
403.003903 -89.911031
402.101823 -89.479418
401.198705 -89.049973
400.295588 -88.620528
399.392470 -88.191083
398.489352 -87.761638
397.586235 -87.332193
396.682102 -86.904893
395.777301 -86.479006
394.872500 -86.053119
393.967699 -85.627232
393.062898 -85.201345
392.158097 -84.775458
391.253095 -84.349998
390.348059 -83.924611
389.443022 -83.499225
388.537986 -83.073838
387.632950 -82.648451
386.727571 -82.223794
385.821743 -81.800097
384.915914 -81.376400
384.010085 -80.952703
383.104257 -80.529006
382.198428 -80.105309
381.291987 -79.682925
380.385241 -79.261195
379.478494 -78.839466

[center] sid=139, seg=0, num=69
323.003026 -60.453830
322.065022 -60.107141
321.127018 -59.760452
320.189014 -59.413763
319.250906 -59.067354
318.312787 -58.720978
317.374667 -58.374602
316.435461 -58.031184
315.496119 -57.688137
314.556776 -57.345090
313.617114 -57.002921
312.676519 -56.663340
311.734557 -56.327553
310.792595 -55.991766
309.850629 -55.655991
308.908657 -55.320234
307.966684 -54.984476
307.025010 -54.647885
306.083756 -54.310120
305.142501 -53.972355
304.201247 -53.634591
303.259991 -53.296827
302.319019 -52.958278
301.378159 -52.619414
300.437300 -52.280551
299.496104 -51.942622
298.554779 -51.605054
297.613454 -51.267486
296.670531 -50.934420
295.727025 -50.602998
294.783518 -50.271576
293.839852 -49.940608
292.895682 -49.611087
291.950267 -49.285151
291.004851 -48.959215
290.059383 -48.633432
289.113769 -48.308070
288.168156 -47.982708
287.222048 -47.658796
286.274592 -47.338839
285.327136 -47.018883
284.379521 -46.699398
283.431318 -46.381661
282.482912 -46.064531
281.534506 -45.747401
280.585986 -45.430612
279.637308 -45.114299
278.688629 -44.797986
277.739232 -44.483847
276.788808 -44.172815
275.838385 -43.861784
274.887849 -43.551097
273.937045 -43.241230
272.986242 -42.931362
272.035371 -42.621700
271.083863 -42.314005
270.132354 -42.006309
269.180845 -41.698614
268.229336 -41.390919
267.277827 -41.083224
266.326318 -40.775529
265.374810 -40.467833
264.423301 -40.160138
263.471123 -39.854547
262.516686 -39.556056
261.562250 -39.257566
260.607603 -38.959750
259.652181 -38.664430
258.696759 -38.369109

[left] sid=139, seg=0, num=69
322.360967 -61.783626
321.420601 -61.443396
320.480235 -61.103167
319.539915 -60.762809
318.600923 -60.418804
317.661931 -60.074800
316.722878 -59.730965
315.781597 -59.393273
314.840316 -59.055582
313.899035 -58.717891
312.957754 -58.380200
312.015854 -58.044243
311.073452 -57.709695
310.131049 -57.375146
309.188647 -57.040597
308.246245 -56.706048
307.303842 -56.371499
306.362395 -56.034281
305.421660 -55.695072
304.480925 -55.355864
303.540190 -55.016655
302.599455 -54.677446
301.659562 -54.335912
300.719792 -53.994038
299.780022 -53.652164
298.840252 -53.310291
297.900482 -52.968417
296.960712 -52.626544
296.017195 -52.295172
295.073241 -51.965029
294.129286 -51.634886
293.185331 -51.304743
292.240514 -50.977090
291.294546 -50.652759
290.348579 -50.328428
289.402611 -50.004097
288.456643 -49.679766
287.510676 -49.355435
286.563636 -49.034268
285.615275 -48.717005
284.666913 -48.399743
283.718552 -48.082480
282.769789 -47.766421
281.820748 -47.451197
280.871707 -47.135973
279.922666 -46.820748
278.973624 -46.505524
278.024583 -46.190300
277.074403 -45.878541
276.123464 -45.569089
275.172525 -45.259638
274.221529 -44.950362
273.270391 -44.641521
272.319253 -44.332681
271.368116 -44.023840
270.416978 -43.715000
269.465840 -43.406159
268.514702 -43.097319
267.563565 -42.788478
266.612427 -42.479638
265.661289 -42.170797
264.710151 -41.861957
263.759014 -41.553116
262.806871 -41.247412
261.853417 -40.945797
260.899963 -40.644183
259.946509 -40.342568
258.993055 -40.040954
258.039601 -39.739340

[right] sid=139, seg=0, num=64
323.652393 -59.108894
322.714744 -58.761244
321.777096 -58.413593
320.839464 -58.065899
319.902237 -57.717116
318.965010 -57.368332
318.027775 -57.019568
317.090402 -56.671176
316.153029 -56.322785
315.215656 -55.974393
314.278283 -55.626001
313.338781 -55.283445
312.397261 -54.946421
311.455741 -54.609396
310.514221 -54.272371
309.572702 -53.935346
308.631182 -53.598322
307.689534 -53.261657
306.747762 -52.925336
305.805991 -52.589015
304.864219 -52.252694
303.922448 -51.916373
302.980585 -51.580310
302.038650 -51.244446
301.096716 -50.908582
300.154260 -50.574187
299.211399 -50.240932
298.268538 -49.907677
297.325678 -49.574421
296.382817 -49.241166
295.439644 -48.908798
294.496149 -48.577342
293.552655 -48.245886
292.608319 -47.916845
291.663113 -47.590301
290.717907 -47.263757
289.772701 -46.937214
288.827495 -46.610670
287.882017 -46.284917
286.935529 -45.962109
285.989041 -45.639300
285.042284 -45.317284
284.094517 -44.998249
283.146750 -44.679214
282.198984 -44.360179
281.251217 -44.041143
280.303111 -43.723120
279.354606 -43.406286
278.406101 -43.089451
277.456736 -42.775218
276.506354 -42.464061
275.555971 -42.152905
274.605589 -41.841748
273.655206 -41.530591
272.704732 -41.219718
271.752853 -40.913169
270.800974 -40.606619
269.849096 -40.300070
268.897217 -39.993520
267.945339 -39.686970
266.993460 -39.380421
266.041582 -39.073871
265.089704 -38.767321
264.137825 -38.460771

[center] sid=140, seg=0, num=69
324.318982 -57.728287
323.382160 -57.378417
322.445337 -57.028547
321.508515 -56.678678
320.571946 -56.328128
319.635403 -55.977512
318.698860 -55.626895
317.761020 -55.279766
316.823036 -54.933022
315.885052 -54.586279
314.947068 -54.239535
314.008326 -53.894860
313.068262 -53.553797
312.128197 -53.212734
311.187855 -52.872439
310.247028 -52.533487
309.306200 -52.194536
308.365250 -51.855924
307.424078 -51.517929
306.482906 -51.179935
305.541694 -50.842051
304.600412 -50.504363
303.659005 -50.167023
302.717414 -49.830196
301.775824 -49.493370
300.833807 -49.157742
299.891140 -48.823937
298.948474 -48.490133
298.005808 -48.156328
297.063141 -47.822524
296.120109 -47.489758
295.176322 -47.159135
294.232536 -46.828512
293.288464 -46.498704
292.343780 -46.170653
291.399096 -45.842603
290.453838 -45.516219
289.507403 -45.193254
288.560949 -44.870346
287.613499 -44.550371
286.666050 -44.230396
285.718589 -43.910453
284.770350 -43.592823
283.822112 -43.275193
282.873872 -42.957566
281.925576 -42.640108
280.977172 -42.322973
280.028463 -42.006750
279.079754 -41.690526
278.130642 -41.375524
277.180345 -41.064108
276.230047 -40.752692
275.279730 -40.441335
274.329360 -40.130141
273.378990 -39.818947
272.427597 -39.510894
271.476028 -39.203386
270.524459 -38.895877
269.572867 -38.588440
268.621271 -38.281014
267.669675 -37.973587
266.717888 -37.666754
265.766076 -37.359998
264.814265 -37.053241
263.862453 -36.746484
262.908621 -36.446093
261.954092 -36.147897
260.999564 -35.849701
260.044447 -35.553398

[left] sid=140, seg=0, num=64
323.652393 -59.108894
322.714744 -58.761244
321.777096 -58.413593
320.839464 -58.065899
319.902237 -57.717116
318.965010 -57.368332
318.027775 -57.019568
317.090402 -56.671176
316.153029 -56.322785
315.215656 -55.974393
314.278283 -55.626001
313.338781 -55.283445
312.397261 -54.946421
311.455741 -54.609396
310.514221 -54.272371
309.572702 -53.935346
308.631182 -53.598322
307.689534 -53.261657
306.747762 -52.925336
305.805991 -52.589015
304.864219 -52.252694
303.922448 -51.916373
302.980585 -51.580310
302.038650 -51.244446
301.096716 -50.908582
300.154260 -50.574187
299.211399 -50.240932
298.268538 -49.907677
297.325678 -49.574421
296.382817 -49.241166
295.439644 -48.908798
294.496149 -48.577342
293.552655 -48.245886
292.608319 -47.916845
291.663113 -47.590301
290.717907 -47.263757
289.772701 -46.937214
288.827495 -46.610670
287.882017 -46.284917
286.935529 -45.962109
285.989041 -45.639300
285.042284 -45.317284
284.094517 -44.998249
283.146750 -44.679214
282.198984 -44.360179
281.251217 -44.041143
280.303111 -43.723120
279.354606 -43.406286
278.406101 -43.089451
277.456736 -42.775218
276.506354 -42.464061
275.555971 -42.152905
274.605589 -41.841748
273.655206 -41.530591
272.704732 -41.219718
271.752853 -40.913169
270.800974 -40.606619
269.849096 -40.300070
268.897217 -39.993520
267.945339 -39.686970
266.993460 -39.380421
266.041582 -39.073871
265.089704 -38.767321
264.137825 -38.460771

[left] sid=140, seg=1, num=5
263.524206 -38.263157
262.569115 -37.966896
261.611885 -37.677492
260.654654 -37.388087
259.697002 -37.100084

[right] sid=140, seg=0, num=69
324.974053 -56.364068
324.040136 -56.006516
323.106218 -55.648964
322.172301 -55.291412
321.238384 -54.933860
320.304441 -54.576374
319.365849 -54.231280
318.427257 -53.886186
317.488665 -53.541091
316.550074 -53.195997
315.611482 -52.850902
314.672890 -52.505807
313.734298 -52.160713
312.795706 -51.815618
311.857046 -51.470709
310.916815 -51.130107
309.976584 -50.789504
309.036352 -50.448901
308.096107 -50.108338
307.155316 -49.769282
306.214526 -49.430227
305.273736 -49.091171
304.332945 -48.752116
303.392155 -48.413060
302.451280 -48.074243
301.508808 -47.739889
300.566336 -47.405536
299.623864 -47.071183
298.681393 -46.736829
297.738921 -46.402476
296.796423 -46.068195
295.852264 -45.738639
294.908104 -45.409082
293.963944 -45.079525
293.019785 -44.749969
292.075625 -44.420412
291.131341 -44.091218
290.183517 -43.772351
289.235694 -43.453484
288.287844 -43.134696
287.339236 -42.818171
286.390628 -42.501645
285.442020 -42.185120
284.493364 -41.868739
283.544542 -41.552858
282.595719 -41.236977
281.646897 -40.921095
280.698074 -40.605214
279.749251 -40.289333
278.800087 -39.974484
277.849875 -39.662809
276.899662 -39.351135
275.949449 -39.039460
274.999237 -38.727785
274.049024 -38.416110
273.097784 -38.107586
272.146525 -37.799119
271.195266 -37.490652
270.244007 -37.182185
269.292748 -36.873718
268.341485 -36.565263
267.389740 -36.258299
266.437995 -35.951335
265.486250 -35.644371
264.534505 -35.337408
263.582760 -35.030444
262.631015 -34.723481
261.679270 -34.416517
260.727524 -34.109554

[center] sid=141, seg=0, num=69
253.761282 -40.382117
254.714675 -40.683923
255.668068 -40.985729
256.621461 -41.287535
257.575169 -41.588346
258.528902 -41.889076
259.482635 -42.189806
260.435786 -42.492376
261.388890 -42.795094
262.341994 -43.097813
263.295145 -43.400384
264.248298 -43.702946
265.201452 -44.005507
266.154847 -44.307306
267.108261 -44.609046
268.061676 -44.910786
269.015017 -45.212755
269.968354 -45.514739
270.921691 -45.816723
271.872289 -46.127213
272.822710 -46.438250
273.773132 -46.749288
274.722847 -47.062473
275.672252 -47.376597
276.621658 -47.690720
277.569949 -48.008187
278.517849 -48.326827
279.465749 -48.645467
280.415174 -48.959515
281.365261 -49.271574
282.315348 -49.583632
283.263342 -49.901967
284.210621 -50.222449
285.157900 -50.542930
286.105193 -50.863370
287.052490 -51.183794
287.999788 -51.504219
288.946304 -51.826910
289.889861 -52.158191
290.833417 -52.489472
291.776795 -52.821256
292.719535 -53.154854
293.662275 -53.488451
294.604824 -53.822585
295.546738 -54.158506
296.488652 -54.494428
297.430458 -54.830651
298.371902 -55.167887
299.313346 -55.505122
300.254861 -55.842160
301.196607 -56.178553
302.138353 -56.514945
303.080584 -56.849967
304.024456 -57.180346
304.968328 -57.510724
305.912345 -57.840688
306.856867 -58.169206
307.801389 -58.497724
308.745923 -58.826206
309.690500 -59.154563
310.630724 -59.495173
311.570715 -59.836438
312.510706 -60.177704
313.450532 -60.519425
314.389523 -60.863427
315.327986 -61.208869
316.266450 -61.554312
317.204857 -61.899910
318.143229 -62.245602

[left] sid=141, seg=0, num=69
254.358504 -38.995046
255.310699 -39.300613
256.262893 -39.606181
257.215245 -39.911251
258.169546 -40.210176
259.123846 -40.509100
260.078147 -40.808024
261.032448 -41.106949
261.986748 -41.405873
262.941049 -41.704797
263.895349 -42.003722
264.849650 -42.302646
265.803951 -42.601571
266.758251 -42.900495
267.712552 -43.199420
268.666852 -43.498344
269.621153 -43.797268
270.575454 -44.096193
271.529350 -44.396371
272.478646 -44.710827
273.427942 -45.025282
274.377239 -45.339737
275.326178 -45.655267
276.275048 -45.971006
277.223918 -46.286745
278.172788 -46.602484
279.121658 -46.918223
280.070528 -47.233962
281.019398 -47.549701
281.968268 -47.865440
282.917138 -48.181179
283.866008 -48.496918
284.814878 -48.812657
285.763748 -49.128396
286.712618 -49.444135
287.661488 -49.759874
288.610358 -50.075613
289.556695 -50.398677
290.497928 -50.736500
291.439162 -51.074323
292.380396 -51.412146
293.321629 -51.749969
294.262863 -52.087792
295.204097 -52.425615
296.145330 -52.763438
297.086564 -53.101262
298.027798 -53.439085
298.969031 -53.776908
299.910265 -54.114731
300.851499 -54.452554
301.792732 -54.790377
302.733966 -55.128200
303.676286 -55.462948
304.620853 -55.791335
305.565420 -56.119723
306.510305 -56.447191
307.455853 -56.772742
308.401402 -57.098293
309.346950 -57.423844
310.292218 -57.750187
311.232365 -58.091022
312.172513 -58.431856
313.112660 -58.772691
314.052807 -59.113526
314.991064 -59.459512
315.928492 -59.807756
316.865920 -60.155999
317.803348 -60.504243
318.740776 -60.852486

[right] sid=141, seg=0, num=8
311.267242 -61.348548
312.206734 -61.691186
313.146225 -62.033824
314.085716 -62.376462
315.025208 -62.719101
315.964699 -63.061739
316.904191 -63.404377
317.843682 -63.747015

[right] sid=141, seg=1, num=9
253.162689 -41.755161
254.115950 -42.057384
255.069211 -42.359607
256.022473 -42.661829
256.975734 -42.964052
257.928995 -43.266275
258.882256 -43.568498
259.834149 -43.875003
260.786041 -44.181511

[right] sid=141, seg=2, num=53
261.732306 -44.486207
262.684197 -44.792715
263.636089 -45.099224
264.588148 -45.405212
265.540667 -45.709765
266.493187 -46.014318
267.445706 -46.318871
268.398225 -46.623424
269.350744 -46.927977
270.302995 -47.233366
271.254529 -47.540981
272.206064 -47.848597
273.157599 -48.156212
274.109133 -48.463828
275.060668 -48.771443
276.010012 -49.085597
276.954839 -49.413237
277.899665 -49.740878
278.847091 -50.060701
279.800023 -50.363959
280.752955 -50.667216
281.703810 -50.976752
282.649473 -51.301968
283.595137 -51.627184
284.540801 -51.952400
285.486464 -52.277616
286.432128 -52.602832
287.377847 -52.927887
288.323680 -53.252610
289.269513 -53.577332
290.215347 -53.902055
291.161180 -54.226778
292.107013 -54.551500
293.050937 -54.881697
293.993527 -55.215715
294.936118 -55.549734
295.878709 -55.883752
296.821299 -56.217770
297.763401 -56.553158
298.704757 -56.890642
299.646112 -57.228126
300.587936 -57.564295
301.530478 -57.898449
302.473021 -58.232604
303.415892 -58.565827
304.359267 -58.897624
305.302641 -59.229421
306.246016 -59.561218
307.189526 -59.892632
308.133124 -60.223792
309.076722 -60.554952
310.017891 -60.892903
310.957383 -61.235541

[center] sid=142, seg=0, num=69
252.512680 -43.282049
253.470214 -43.570448
254.427748 -43.858846
255.385283 -44.147244
256.341628 -44.439552
257.297693 -44.732787
258.253757 -45.026022
259.207404 -45.327003
260.160573 -45.629517
261.113741 -45.932032
262.066392 -46.236172
263.018946 -46.540618
263.971404 -46.845360
264.923201 -47.152164
265.874997 -47.458969
266.826794 -47.765773
267.778590 -48.072578
268.730386 -48.379383
269.682118 -48.686388
270.633419 -48.994723
271.584721 -49.303059
272.536023 -49.611394
273.487325 -49.919729
274.438626 -50.228064
275.389315 -50.538255
276.337308 -50.856619
277.285300 -51.174983
278.234014 -51.491153
279.186019 -51.797311
280.138023 -52.103468
281.089437 -52.411422
282.037368 -52.729969
282.985299 -53.048515
283.932671 -53.368703
284.877650 -53.695902
285.822629 -54.023101
286.767627 -54.350247
287.712692 -54.677200
288.657757 -55.004153
289.602821 -55.331106
290.547886 -55.658059
291.492950 -55.985011
292.437204 -56.314289
293.380583 -56.646075
294.323962 -56.977860
295.266649 -57.311597
296.208662 -57.647243
297.150488 -57.983409
298.091882 -58.320786
299.033275 -58.658164
299.974847 -58.995041
300.916836 -59.330754
301.858824 -59.666468
302.801157 -60.001207
303.744294 -60.333679
304.687431 -60.666151
305.631040 -60.997274
306.575927 -61.324738
307.520872 -61.652039
308.465816 -61.979339
309.408901 -62.311905
310.349927 -62.650307
311.290952 -62.988710
312.231676 -63.327946
313.171431 -63.669861
314.111186 -64.011776
315.050941 -64.353691
315.990676 -64.695660
316.930407 -65.037641

[left] sid=142, seg=0, num=8
311.267242 -61.348548
312.206734 -61.691186
313.146225 -62.033824
314.085716 -62.376462
315.025208 -62.719101
315.964699 -63.061739
316.904191 -63.404377
317.843682 -63.747015

[left] sid=142, seg=1, num=9
253.162689 -41.755161
254.115950 -42.057384
255.069211 -42.359607
256.022473 -42.661829
256.975734 -42.964052
257.928995 -43.266275
258.882256 -43.568498
259.834149 -43.875003
260.786041 -44.181511

[left] sid=142, seg=2, num=53
261.732306 -44.486207
262.684197 -44.792715
263.636089 -45.099224
264.588148 -45.405212
265.540667 -45.709765
266.493187 -46.014318
267.445706 -46.318871
268.398225 -46.623424
269.350744 -46.927977
270.302995 -47.233366
271.254529 -47.540981
272.206064 -47.848597
273.157599 -48.156212
274.109133 -48.463828
275.060668 -48.771443
276.010012 -49.085597
276.954839 -49.413237
277.899665 -49.740878
278.847091 -50.060701
279.800023 -50.363959
280.752955 -50.667216
281.703810 -50.976752
282.649473 -51.301968
283.595137 -51.627184
284.540801 -51.952400
285.486464 -52.277616
286.432128 -52.602832
287.377847 -52.927887
288.323680 -53.252610
289.269513 -53.577332
290.215347 -53.902055
291.161180 -54.226778
292.107013 -54.551500
293.050937 -54.881697
293.993527 -55.215715
294.936118 -55.549734
295.878709 -55.883752
296.821299 -56.217770
297.763401 -56.553158
298.704757 -56.890642
299.646112 -57.228126
300.587936 -57.564295
301.530478 -57.898449
302.473021 -58.232604
303.415892 -58.565827
304.359267 -58.897624
305.302641 -59.229421
306.246016 -59.561218
307.189526 -59.892632
308.133124 -60.223792
309.076722 -60.554952
310.017891 -60.892903
310.957383 -61.235541

[right] sid=142, seg=0, num=69
251.932587 -44.805507
252.891839 -45.088138
253.851092 -45.370768
254.810344 -45.653399
255.769597 -45.936029
256.728849 -46.218660
257.688102 -46.501291
258.642532 -46.799801
259.596961 -47.098316
260.551390 -47.396832
261.505818 -47.695347
262.460161 -47.994133
263.411229 -48.303187
264.362297 -48.612241
265.313366 -48.921296
266.264434 -49.230350
267.215502 -49.539405
268.166570 -49.848459
269.117639 -50.157513
270.068707 -50.466568
271.019775 -50.775622
271.970843 -51.084676
272.921912 -51.393731
273.872980 -51.702785
274.824048 -52.011840
275.775116 -52.320894
276.726184 -52.629949
277.677253 -52.939003
278.628321 -53.248058
279.579389 -53.557112
280.530457 -53.866166
281.481525 -54.175220
282.432594 -54.484275
283.380104 -54.803895
284.324395 -55.133076
285.268685 -55.462258
286.212976 -55.791439
287.157267 -56.120620
288.101557 -56.449802
289.045848 -56.778983
289.990139 -57.108164
290.934430 -57.437346
291.878720 -57.766527
292.823011 -58.095709
293.767302 -58.424890
294.709884 -58.758905
295.651315 -59.096176
296.592747 -59.433447
297.534179 -59.770718
298.475610 -60.107989
299.417042 -60.445260
300.358474 -60.782531
301.299905 -61.119802
302.241337 -61.457073
303.182768 -61.794344
304.124833 -62.129807
305.071107 -62.453242
306.017381 -62.776677
306.963656 -63.100111
307.909930 -63.423546
308.856204 -63.746980
309.801675 -64.072696
310.741692 -64.413889
311.681710 -64.755081
312.621727 -65.096273
313.561745 -65.437466
314.501762 -65.778658
315.441780 -66.119851
316.381797 -66.461044

[center] sid=143, seg=0, num=69
370.434932 -83.628288
371.341977 -84.049375
372.249023 -84.470461
373.156068 -84.891548
374.063947 -85.310833
374.971828 -85.730114
375.879709 -86.149396
376.787753 -86.568325
377.695798 -86.987250
378.603843 -87.406175
379.510921 -87.827192
380.417998 -88.248209
381.324952 -88.669492
382.231841 -89.090914
383.138730 -89.512337
384.045305 -89.934435
384.951727 -90.356861
385.858149 -90.779288
386.764745 -91.201339
387.671419 -91.623225
388.578093 -92.045110
389.484766 -92.466996
390.391175 -92.889449
391.297281 -93.312554
392.203386 -93.735659
393.108869 -94.160091
394.013631 -94.586061
394.918392 -95.012032
395.822645 -95.439080
396.726328 -95.867334
397.630011 -96.295588
398.533369 -96.724527
399.436388 -97.154181
400.338861 -97.584973
401.239994 -98.018567
402.141127 -98.452162
403.041916 -98.886469
403.941936 -99.322368
404.841957 -99.758266
405.741561 -100.195023
406.640883 -100.632361
407.540204 -101.069700
408.438634 -101.508865
409.336471 -101.949243
410.234309 -102.389621
411.131889 -102.830522
412.029303 -103.271762
412.926714 -103.713008
413.822851 -104.156835
414.718988 -104.600662
415.615081 -105.044578
416.507766 -105.495308
417.400451 -105.946039
418.293136 -106.396769
419.185821 -106.847500
420.078103 -107.299025
420.968569 -107.754124
421.859034 -108.209224
422.748996 -108.665302
423.636797 -109.125578
424.524598 -109.585854
425.412244 -110.046428
426.299261 -110.508213
427.185485 -110.971514
428.070950 -111.436269
428.956414 -111.901024
429.841847 -112.365838
430.727253 -112.830706
431.612658 -113.295574

[left] sid=143, seg=0, num=69
371.073213 -82.242319
371.978959 -82.666193
372.884706 -83.090066
373.790452 -83.513940
374.696198 -83.937813
375.601944 -84.361687
376.507690 -84.785560
377.413566 -85.209156
378.319442 -85.632751
379.225319 -86.056346
380.131196 -86.479940
381.037072 -86.903534
381.943016 -87.326984
382.848996 -87.750359
383.754975 -88.173733
384.660955 -88.597107
385.566935 -89.020481
386.472914 -89.443855
387.378894 -89.867230
388.284873 -90.290604
389.190853 -90.713978
390.096832 -91.137352
391.002127 -91.562186
391.906623 -91.988719
392.811120 -92.415252
393.715617 -92.841785
394.620113 -93.268318
395.524610 -93.694851
396.428503 -94.122659
397.331685 -94.551968
398.234868 -94.981277
399.138050 -95.410586
400.041232 -95.839896
400.943954 -96.270168
401.845431 -96.703046
402.746909 -97.135924
403.648386 -97.568801
404.549864 -98.001679
405.451341 -98.434557
406.352444 -98.868212
407.253256 -99.302474
408.154067 -99.736735
409.053896 -100.173025
409.952957 -100.610899
410.852018 -101.048774
411.751079 -101.486648
412.650139 -101.924523
413.549200 -102.362397
414.446796 -102.803267
415.344328 -103.244266
416.241860 -103.685266
417.135694 -104.133711
418.029360 -104.582493
418.923026 -105.031274
419.816693 -105.480056
420.710059 -105.929431
421.601335 -106.382942
422.492611 -106.836452
423.383354 -107.290998
424.270354 -107.752815
425.157354 -108.214632
426.044355 -108.676449
426.931355 -109.138266
427.817289 -109.602119
428.701844 -110.068602
429.586399 -110.535084
430.470955 -111.001567
431.355510 -111.468050
432.240065 -111.934533

[right] sid=143, seg=0, num=63
368.807138 -84.558580
369.715473 -84.976875
370.623809 -85.395171
371.532145 -85.813466
372.440480 -86.231762
373.349873 -86.647748
374.260064 -87.061992
375.170254 -87.476236
376.080444 -87.890480
376.990635 -88.304724
377.900826 -88.718967
378.809741 -89.135993
379.717701 -89.555103
380.625661 -89.974213
381.533621 -90.393323
382.441578 -90.812441
383.348363 -91.234086
384.255149 -91.655732
385.161936 -92.077374
386.069301 -92.497770
386.976666 -92.918166
387.884032 -93.338562
388.791397 -93.758958
389.698785 -94.179306
390.606524 -94.598893
391.514263 -95.018481
392.421825 -95.438450
393.326528 -95.864545
394.231231 -96.290640
395.135934 -96.716735
396.040637 -97.142831
396.944867 -97.569924
397.847722 -97.999922
398.750576 -98.429920
399.653431 -98.859918
400.556285 -99.289916
401.456182 -99.726046
402.354735 -100.164961
403.253289 -100.603876
404.151842 -101.042790
405.050396 -101.481705
405.948949 -101.920620
406.846163 -102.362263
407.742770 -102.805141
408.639376 -103.248018
409.535984 -103.690896
410.432487 -104.133982
411.328053 -104.578961
412.223619 -105.023940
413.119185 -105.468919
414.014751 -105.913897
414.907868 -106.363751
415.799567 -106.816429
416.691267 -107.269107
417.582966 -107.721784
418.474665 -108.174462
419.366364 -108.627140
420.256468 -109.082938
421.145700 -109.540445
422.034931 -109.997951
422.923669 -110.456415
423.812136 -110.915403
424.700604 -111.374391

[right] sid=143, seg=1, num=8
424.734972 -111.392146
425.622006 -111.853892
426.508377 -112.316918
427.394747 -112.779943
428.281117 -113.242968
429.167487 -113.705993
430.053857 -114.169018
430.940228 -114.632044

[center] sid=144, seg=0, num=69
368.183409 -85.951218
369.093687 -86.365269
370.003966 -86.779320
370.914238 -87.193385
371.823754 -87.609108
372.733803 -88.023660
373.644243 -88.437355
374.554683 -88.851050
375.464775 -89.265511
376.374624 -89.680504
377.284473 -90.095497
378.193537 -90.512204
379.102043 -90.930129
380.010549 -91.348054
380.918965 -91.766176
381.827302 -92.184469
382.734868 -92.604431
383.642434 -93.024394
384.549997 -93.444362
385.457418 -93.864638
386.364839 -94.284915
387.272195 -94.705329
388.178103 -95.128856
389.084026 -95.552352
389.990094 -95.975536
390.896163 -96.398720
391.802017 -96.822359
392.705667 -97.250683
393.609317 -97.679007
394.512950 -98.107366
395.416442 -98.536023
396.319662 -98.965252
397.222226 -99.395859
398.124790 -99.826467
399.027354 -100.257074
399.929919 -100.687681
400.830629 -101.122144
401.730637 -101.558069
402.630645 -101.993993
403.529050 -102.433208
404.426935 -102.873489
405.324819 -103.313769
406.221980 -103.755524
407.118891 -104.197785
408.015802 -104.640047
408.912712 -105.082309
409.809543 -105.524734
410.705934 -105.968047
411.602326 -106.411360
412.498593 -106.854924
413.394189 -107.299843
414.287579 -107.749164
415.180031 -108.200354
416.072484 -108.651545
416.964723 -109.103158
417.856877 -109.554938
418.749031 -110.006718
419.640255 -110.460330
420.531112 -110.914663
421.421968 -111.368997
422.311358 -111.826191
423.200198 -112.284456
424.089039 -112.742721
424.976584 -113.203487
425.863642 -113.665194
426.750699 -114.126902
427.637757 -114.588609
428.524814 -115.050316
429.411871 -115.512023

[left] sid=144, seg=0, num=63
368.807138 -84.558580
369.715473 -84.976875
370.623809 -85.395171
371.532145 -85.813466
372.440480 -86.231762
373.349873 -86.647748
374.260064 -87.061992
375.170254 -87.476236
376.080444 -87.890480
376.990635 -88.304724
377.900826 -88.718967
378.809741 -89.135993
379.717701 -89.555103
380.625661 -89.974213
381.533621 -90.393323
382.441578 -90.812441
383.348363 -91.234086
384.255149 -91.655732
385.161936 -92.077374
386.069301 -92.497770
386.976666 -92.918166
387.884032 -93.338562
388.791397 -93.758958
389.698785 -94.179306
390.606524 -94.598893
391.514263 -95.018481
392.421825 -95.438450
393.326528 -95.864545
394.231231 -96.290640
395.135934 -96.716735
396.040637 -97.142831
396.944867 -97.569924
397.847722 -97.999922
398.750576 -98.429920
399.653431 -98.859918
400.556285 -99.289916
401.456182 -99.726046
402.354735 -100.164961
403.253289 -100.603876
404.151842 -101.042790
405.050396 -101.481705
405.948949 -101.920620
406.846163 -102.362263
407.742770 -102.805141
408.639376 -103.248018
409.535984 -103.690896
410.432487 -104.133982
411.328053 -104.578961
412.223619 -105.023940
413.119185 -105.468919
414.014751 -105.913897
414.907868 -106.363751
415.799567 -106.816429
416.691267 -107.269107
417.582966 -107.721784
418.474665 -108.174462
419.366364 -108.627140
420.256468 -109.082938
421.145700 -109.540445
422.034931 -109.997951
422.923669 -110.456415
423.812136 -110.915403
424.700604 -111.374391

[left] sid=144, seg=1, num=8
424.734972 -111.392146
425.622006 -111.853892
426.508377 -112.316918
427.394747 -112.779943
428.281117 -113.242968
429.167487 -113.705993
430.053857 -114.169018
430.940228 -114.632044

[right] sid=144, seg=0, num=70
366.490039 -86.864931
367.402751 -87.273591
368.315462 -87.682251
369.228173 -88.090910
370.139699 -88.502200
371.050388 -88.915347
371.961077 -89.328493
372.871766 -89.741640
373.782456 -90.154786
374.693145 -90.567933
375.602840 -90.983258
376.511904 -91.399969
377.420967 -91.816680
378.330021 -92.233414
379.239067 -92.650164
380.148113 -93.066913
381.056781 -93.484483
381.965125 -93.902761
382.873469 -94.321039
383.781812 -94.739318
384.690156 -95.157596
385.598499 -95.575874
386.504645 -95.998868
387.409085 -96.425521
388.313525 -96.852174
389.217930 -97.278901
390.122304 -97.705695
391.026678 -98.132488
391.929990 -98.561517
392.832263 -98.992733
393.734537 -99.423949
394.636810 -99.855165
395.539084 -100.286381
396.441357 -100.717597
397.343631 -101.148813
398.245904 -101.580029
399.148177 -102.011245
400.050451 -102.442461
400.952724 -102.873677
401.854432 -103.306060
402.751646 -103.747706
403.648860 -104.189352
404.546074 -104.630998
405.443289 -105.072644
406.340503 -105.514290
407.237717 -105.955936
408.134931 -106.397582
409.032145 -106.839228
409.929360 -107.280874
410.826574 -107.722520
411.723788 -108.164166
412.620303 -108.607218
413.513530 -109.056872
414.406758 -109.506525
415.299986 -109.956179
416.192764 -110.406725
417.085372 -110.857608
417.977980 -111.308491
418.870588 -111.759373
419.763197 -112.210256
420.655805 -112.661139
421.545873 -113.117003
422.435086 -113.574544
423.324300 -114.032086
424.213513 -114.489627
425.102542 -114.947526
425.989869 -115.408714
426.877197 -115.869902
427.764525 -116.331089
428.651852 -116.792277

[center] sid=145, seg=0, num=62
466.161327 -132.150037
467.025859 -132.652659
467.890391 -133.155281
468.754923 -133.657903
469.620979 -134.157879
470.489551 -134.653487
471.357596 -135.150011
472.222814 -135.651452
473.088031 -136.152893
473.952886 -136.654957
474.816053 -137.159919
475.679220 -137.664881
476.542299 -138.169994
477.404986 -138.675776
478.267673 -139.181559
479.130360 -139.687341
479.993047 -140.193123
480.855206 -140.699798
481.714773 -141.210864
482.574340 -141.721930
483.433908 -142.232997
484.293434 -142.744131
485.149657 -143.260781
486.005880 -143.777430
486.861893 -144.294423
487.714475 -144.817060
488.567082 -145.339655
489.419689 -145.862249
490.273292 -146.383214
491.127767 -146.902749
491.982242 -147.422284
492.834527 -147.945388
493.684795 -148.471780
494.535063 -148.998173
495.384961 -149.525162
496.234541 -150.052663
497.084121 -150.580165
497.931192 -151.111683
498.777814 -151.643920
499.624435 -152.176157
500.470675 -152.709001
501.316852 -153.241944
502.163030 -153.774886
503.008848 -154.308399
503.854615 -154.841993
504.700382 -155.375587
505.545745 -155.909821
506.391056 -156.444136
507.234155 -156.981927
508.075928 -157.521800
508.917700 -158.061673
509.759185 -158.601995
510.600505 -159.142573
511.441825 -159.683151
512.280245 -160.228204
513.117222 -160.775482
513.954200 -161.322760
514.790541 -161.871008
515.625336 -162.421609
516.459972 -162.972452
517.297324 -163.519154
518.134926 -164.065476

[left] sid=145, seg=0, num=62
467.434624 -131.186482
468.301690 -131.684719
469.168757 -132.182955
470.035823 -132.681192
470.902889 -133.179430
471.769956 -133.677667
472.633944 -134.181213
473.497111 -134.686176
474.360277 -135.191139
475.223444 -135.696102
476.086611 -136.201064
476.949778 -136.706026
477.814218 -137.208805
478.678998 -137.711000
479.543778 -138.213196
480.408558 -138.715391
481.273337 -139.217586
482.133297 -139.727966
482.991849 -140.240736
483.850400 -140.753506
484.708952 -141.266277
485.565696 -141.782054
486.421318 -142.299697
487.276941 -142.817341
488.132575 -143.334965
488.988305 -143.852430
489.844036 -144.369895
490.699766 -144.887359
491.555496 -145.404824
492.411227 -145.922289
493.266438 -146.440603
494.117224 -146.966157
494.968011 -147.491710
495.818797 -148.017264
496.669584 -148.542818
497.520370 -149.068372
498.369279 -149.596935
499.215530 -150.129763
500.061780 -150.662590
500.908030 -151.195418
501.754280 -151.728245
502.600530 -152.261073
503.446780 -152.793900
504.293030 -153.326727
505.139280 -153.859555
505.985530 -154.392382
506.831780 -154.925210
507.677224 -155.459306
508.518904 -155.999324
509.360583 -156.539343
510.202263 -157.079361
511.043943 -157.619379
511.885622 -158.159397
512.726077 -158.701302
513.561944 -159.250275
514.397810 -159.799249
515.233676 -160.348222
516.068356 -160.898992
516.901410 -161.452223
517.734465 -162.005455
518.567519 -162.558686
519.400573 -163.111917

[right] sid=145, seg=0, num=56
464.829772 -133.154979
465.700099 -133.647499
466.570425 -134.140019
467.440752 -134.632539
468.311079 -135.125059
469.181405 -135.617578
470.051407 -136.110672
470.921258 -136.604032
471.791108 -137.097392
472.656405 -137.598658
473.519577 -138.103612
474.382749 -138.608566
475.245920 -139.113521
476.107658 -139.620913
476.968237 -140.130273
477.828816 -140.639634
478.689395 -141.148994
479.549974 -141.658354
480.410553 -142.167715
481.271132 -142.677075
482.131711 -143.186435
482.992290 -143.695795
483.852869 -144.205156
484.713449 -144.714516
485.569033 -145.232112
486.418486 -145.759819
487.267938 -146.287526
488.117391 -146.815232
488.966844 -147.342939
489.819135 -147.866037
490.672675 -148.387106
491.526216 -148.908176
492.376922 -149.433846
493.226372 -149.961558
494.075822 -150.489269
494.925272 -151.016981
495.773638 -151.546427
496.620631 -152.078073
497.467623 -152.609720
498.314615 -153.141367
499.161608 -153.673014
500.008600 -154.204661
500.854143 -154.738608
501.699462 -155.272911
502.544782 -155.807214
503.390049 -156.341598
504.235287 -156.876030
505.080525 -157.410462
505.923636 -157.948234
506.765502 -158.487962
507.607368 -159.027690
508.449234 -159.567418
509.291099 -160.107146
510.132965 -160.646875
510.971853 -161.191219
511.810735 -161.735573

[right] sid=145, seg=1, num=7
512.519741 -162.195649
513.356373 -162.743452
514.192583 -163.291903
515.028792 -163.840354
515.865001 -164.388805
516.701211 -164.937256
517.537420 -165.485706

[center] sid=146, seg=0, num=63
463.565506 -134.174254
464.432850 -134.672008
465.300194 -135.169761
466.167538 -135.667515
467.034919 -136.165203
467.902351 -136.662804
468.769610 -137.160705
469.635562 -137.660876
470.501515 -138.161047
471.367165 -138.661738
472.230170 -139.166977
473.093174 -139.672217
473.956179 -140.177457
474.819183 -140.682698
475.680925 -141.190089
476.542634 -141.697534
477.404344 -142.204979
478.265789 -142.712874
479.127231 -143.220774
479.988630 -143.728745
480.847831 -144.240427
481.707032 -144.752109
482.566233 -145.263790
483.425434 -145.775472
484.284635 -146.287153
485.138329 -146.807958
485.991337 -147.329897
486.844346 -147.851836
487.697226 -148.373985
488.550326 -148.895774
489.404863 -149.415207
490.259400 -149.934640
491.113181 -150.455302
491.962333 -150.983494
492.811484 -151.511686
493.660535 -152.040038
494.509067 -152.569225
495.356478 -153.100204
496.203780 -153.631357
497.051082 -154.162510
497.898384 -154.693663
498.745686 -155.224816
499.592628 -155.756541
500.438863 -156.289394
501.285097 -156.822246
502.130882 -157.355811
502.975850 -157.890669
503.820819 -158.425526
504.665526 -158.960795
505.508121 -159.499383
506.350717 -160.037971
507.193029 -160.576999
508.033472 -161.118940
508.873915 -161.660881
509.713487 -162.204169
510.552168 -162.748832
511.390850 -163.293495
512.228871 -163.839172
513.066215 -164.385889
513.903558 -164.932607
514.740888 -165.479345
515.578205 -166.026103
516.415522 -166.572861

[left] sid=146, seg=0, num=56
464.829772 -133.154979
465.700099 -133.647499
466.570425 -134.140019
467.440752 -134.632539
468.311079 -135.125059
469.181405 -135.617578
470.051407 -136.110672
470.921258 -136.604032
471.791108 -137.097392
472.656405 -137.598658
473.519577 -138.103612
474.382749 -138.608566
475.245920 -139.113521
476.107658 -139.620913
476.968237 -140.130273
477.828816 -140.639634
478.689395 -141.148994
479.549974 -141.658354
480.410553 -142.167715
481.271132 -142.677075
482.131711 -143.186435
482.992290 -143.695795
483.852869 -144.205156
484.713449 -144.714516
485.569033 -145.232112
486.418486 -145.759819
487.267938 -146.287526
488.117391 -146.815232
488.966844 -147.342939
489.819135 -147.866037
490.672675 -148.387106
491.526216 -148.908176
492.376922 -149.433846
493.226372 -149.961558
494.075822 -150.489269
494.925272 -151.016981
495.773638 -151.546427
496.620631 -152.078073
497.467623 -152.609720
498.314615 -153.141367
499.161608 -153.673014
500.008600 -154.204661
500.854143 -154.738608
501.699462 -155.272911
502.544782 -155.807214
503.390049 -156.341598
504.235287 -156.876030
505.080525 -157.410462
505.923636 -157.948234
506.765502 -158.487962
507.607368 -159.027690
508.449234 -159.567418
509.291099 -160.107146
510.132965 -160.646875
510.971853 -161.191219
511.810735 -161.735573

[right] sid=146, seg=0, num=63
462.144440 -135.116137
463.010970 -135.615307
463.877499 -136.114477
464.744029 -136.613647
465.610559 -137.112817
466.477088 -137.611987
467.341902 -138.114102
468.203550 -138.621653
469.065198 -139.129203
469.927238 -139.636086
470.790075 -140.141612
471.652912 -140.647138
472.515749 -141.152664
473.378586 -141.658190
474.241423 -142.163716
475.104260 -142.669242
475.967097 -143.174768
476.829934 -143.680294
477.692771 -144.185820
478.555608 -144.691346
479.415455 -145.201919
480.273272 -145.715918
481.131088 -146.229918
481.988905 -146.743917
482.846721 -147.257916
483.704538 -147.771915
484.561410 -148.287485
485.417653 -148.804100
486.273897 -149.320715
487.130141 -149.837329
487.986278 -150.354121
488.841739 -150.872031
489.697200 -151.389941
490.552661 -151.907851
491.400648 -152.437900
492.248260 -152.968559
493.095871 -153.499218
493.943483 -154.029877
494.791094 -154.560536
495.638706 -155.091195
496.486317 -155.621855
497.333929 -156.152514
498.181540 -156.683173
499.029152 -157.213832
499.876763 -157.744491
500.723977 -158.275782
501.568676 -158.811065
502.413374 -159.346349
503.258073 -159.881633
504.102772 -160.416916
504.947470 -160.952199
505.791206 -161.488986
506.630233 -162.033115
507.469261 -162.577244
508.308289 -163.121374
509.146829 -163.666255
509.985309 -164.211227
510.823790 -164.756199
511.662270 -165.301171
512.500751 -165.846143
513.339232 -166.391116
514.177447 -166.936495
515.015630 -167.481926

[center] sid=147, seg=0, num=66
549.545352 -185.570668
550.356746 -186.155205
551.168140 -186.739742
551.979493 -187.324337
552.789649 -187.910588
553.599681 -188.497012
554.409713 -189.083435
555.219475 -189.670232
556.029208 -190.257068
556.838942 -190.843904
557.645735 -191.434774
558.452296 -192.025961
559.258858 -192.617149
560.064606 -193.209445
560.870062 -193.802137
561.675519 -194.394829
562.479149 -194.989992
563.282155 -195.586001
564.085161 -196.182009
564.888115 -196.778086
565.691053 -197.374187
566.493990 -197.970288
567.295848 -198.567839
568.097701 -199.165398
568.899554 -199.762957
569.701378 -200.360554
570.505625 -200.954875
571.311843 -201.546531
572.118060 -202.138188
572.918289 -202.737847
573.713312 -203.344463
574.508335 -203.951079
575.302079 -204.559365
576.094770 -205.169025
576.887461 -205.778685
577.680033 -206.388499
578.472511 -206.998436
579.265047 -207.608297
580.058320 -208.217200
580.851592 -208.826103
581.644487 -209.435495
582.433899 -210.049395
583.223311 -210.663295
584.012578 -211.277381
584.800722 -211.892908
585.588865 -212.508436
586.377007 -213.123965
587.165137 -213.739511
587.949969 -214.359255
588.734742 -214.979073
589.519516 -215.598892
590.303628 -216.219546
591.087733 -216.840210
591.871839 -217.460873
592.655804 -218.081714
593.437929 -218.704866
594.218533 -219.329927
594.999137 -219.954988
595.779639 -220.580177
596.560059 -221.205468
597.338781 -221.832871
598.116754 -222.461203
598.894727 -223.089536
599.672763 -223.717791
600.450825 -224.346014
601.228886 -224.974237

[left] sid=147, seg=0, num=67
550.247586 -184.269257
551.061445 -184.850357
551.875304 -185.431457
552.689163 -186.012558
553.501399 -186.595922
554.312925 -187.180276
555.124451 -187.764630
555.935978 -188.348984
556.747504 -188.933337
557.559031 -189.517691
558.366120 -190.108140
559.171541 -190.700880
559.976962 -191.293621
560.782171 -191.886649
561.587196 -192.479927
562.392221 -193.073206
563.196160 -193.667953
563.999147 -194.263986
564.802134 -194.860019
565.605122 -195.456053
566.408109 -196.052086
567.211096 -196.648119
568.012613 -197.246128
568.813719 -197.844687
569.614825 -198.443246
570.415932 -199.041805
571.220074 -199.636235
572.030173 -200.222567
572.840271 -200.808898
573.644928 -201.402528
574.438068 -202.011603
575.231209 -202.620679
576.024349 -203.229754
576.817489 -203.838830
577.610629 -204.447905
578.403769 -205.056981
579.196910 -205.666056
579.990050 -206.275132
580.780307 -206.887939
581.570039 -207.501428
582.359771 -208.114916
583.149503 -208.728405
583.939235 -209.341893
584.728967 -209.955381
585.518698 -210.568870
586.308430 -211.182358
587.098162 -211.795847
587.887893 -212.409336
588.673587 -213.027974
589.457786 -213.648520
590.241984 -214.269066
591.026183 -214.889612
591.810381 -215.510157
592.594579 -216.130703
593.378778 -216.751249
594.161191 -217.374028
594.939186 -218.002334
595.717181 -218.630640
596.495176 -219.258946
597.273170 -219.887253
598.051165 -220.515559
598.829160 -221.143865
599.607155 -221.772170
600.385149 -222.400477
601.163144 -223.028783
601.941138 -223.657090
602.719133 -224.285396

[right] sid=147, seg=0, num=60
548.843120 -186.872078
549.651653 -187.460567
550.460186 -188.049056
551.268719 -188.637545
552.077251 -189.226034
552.885784 -189.814523
553.694316 -190.403012
554.502536 -190.991931
555.310278 -191.581505
556.118019 -192.171079
556.925761 -192.760653
557.733440 -193.350313
558.541109 -193.939987
559.348777 -194.529662
560.155979 -195.119970
560.959004 -195.715952
561.762029 -196.311935
562.565054 -196.907918
563.368079 -197.503901
564.171104 -198.099884
564.974086 -198.695923
565.776684 -199.292480
566.579283 -199.889037
567.381881 -200.485594
568.184479 -201.082151
568.987064 -201.678726
569.789366 -202.275682
570.591667 -202.872638
571.393969 -203.469595
572.193669 -204.070010
572.989938 -204.674990
573.786206 -205.279971
574.580510 -205.887516
575.372214 -206.498458
576.163917 -207.109399
576.955621 -207.720341
577.747325 -208.331282
578.540861 -208.939829
579.337679 -209.544085
580.134496 -210.148342
580.928700 -210.756000
581.717791 -211.370313
582.506882 -211.984625
583.295108 -212.600044
584.081630 -213.217642
584.868153 -213.835239
585.654675 -214.452837
586.441198 -215.070434
587.226824 -215.689170
588.011858 -216.308659
588.796892 -216.928147
589.581143 -217.548626
590.364874 -218.169762
591.148604 -218.790899
591.932335 -219.412036
592.716065 -220.033173
593.499148 -220.655126
594.282093 -221.277253
595.065037 -221.899380
595.847982 -222.521507

[right] sid=147, seg=1, num=7
595.850307 -222.523354
596.628259 -223.151713
597.406211 -223.780072
598.184163 -224.408432
598.962114 -225.036791
599.740066 -225.665150
600.518296 -226.293160

[center] sid=148, seg=0, num=66
547.965745 -188.128225
548.770814 -188.721443
549.575884 -189.314661
550.380952 -189.907881
551.185999 -190.501129
551.991046 -191.094377
552.796270 -191.687385
553.603655 -192.277447
554.410890 -192.867715
555.218125 -193.457984
556.025669 -194.047828
556.833574 -194.637178
557.641476 -195.226532
558.449378 -195.815887
559.256977 -196.405655
560.062564 -196.998170
560.868151 -197.590684
561.673639 -198.183334
562.478461 -198.776888
563.283283 -199.370441
564.086895 -199.965615
564.884586 -200.568718
565.682277 -201.171822
566.479968 -201.774924
567.277660 -202.378027
568.075540 -202.980880
568.874865 -203.581815
569.674191 -204.182750
570.473526 -204.783672
571.271723 -205.386102
572.068672 -205.990185
572.865621 -206.594268
573.662132 -207.198929
574.458170 -207.804212
575.254208 -208.409495
576.050247 -209.014778
576.846285 -209.620061
577.642395 -210.225249
578.438610 -210.830300
579.234825 -211.435350
580.027982 -212.044373
580.816594 -212.659300
581.605207 -213.274227
582.391501 -213.892100
583.174849 -214.513720
583.958196 -215.135340
584.741683 -215.756784
585.525342 -216.378011
586.308664 -216.999663
587.091843 -217.621495
587.875022 -218.243326
588.658552 -218.864717
589.442230 -219.485919
590.225909 -220.107121
591.011171 -220.726318
591.797141 -221.344619
592.582757 -221.963369
593.368336 -222.582166
594.153915 -223.200964
594.938870 -223.820547
595.719048 -224.446140
596.499225 -225.071734
597.279149 -225.697642
598.057044 -226.326072
598.834940 -226.954501
599.612697 -227.583101

[left] sid=148, seg=0, num=60
548.843120 -186.872078
549.651653 -187.460567
550.460186 -188.049056
551.268719 -188.637545
552.077251 -189.226034
552.885784 -189.814523
553.694316 -190.403012
554.502536 -190.991931
555.310278 -191.581505
556.118019 -192.171079
556.925761 -192.760653
557.733440 -193.350313
558.541109 -193.939987
559.348777 -194.529662
560.155979 -195.119970
560.959004 -195.715952
561.762029 -196.311935
562.565054 -196.907918
563.368079 -197.503901
564.171104 -198.099884
564.974086 -198.695923
565.776684 -199.292480
566.579283 -199.889037
567.381881 -200.485594
568.184479 -201.082151
568.987064 -201.678726
569.789366 -202.275682
570.591667 -202.872638
571.393969 -203.469595
572.193669 -204.070010
572.989938 -204.674990
573.786206 -205.279971
574.580510 -205.887516
575.372214 -206.498458
576.163917 -207.109399
576.955621 -207.720341
577.747325 -208.331282
578.540861 -208.939829
579.337679 -209.544085
580.134496 -210.148342
580.928700 -210.756000
581.717791 -211.370313
582.506882 -211.984625
583.295108 -212.600044
584.081630 -213.217642
584.868153 -213.835239
585.654675 -214.452837
586.441198 -215.070434
587.226824 -215.689170
588.011858 -216.308659
588.796892 -216.928147
589.581143 -217.548626
590.364874 -218.169762
591.148604 -218.790899
591.932335 -219.412036
592.716065 -220.033173
593.499148 -220.655126
594.282093 -221.277253
595.065037 -221.899380
595.847982 -222.521507

[left] sid=148, seg=1, num=7
595.850307 -222.523354
596.628259 -223.151713
597.406211 -223.780072
598.184163 -224.408432
598.962114 -225.036791
599.740066 -225.665150
600.518296 -226.293160

[right] sid=148, seg=0, num=66
547.088368 -189.384371
547.889829 -189.982455
548.691289 -190.580539
549.492750 -191.178623
550.294211 -191.776708
551.095672 -192.374792
551.897978 -192.971734
552.704445 -193.563051
553.510911 -194.154369
554.317377 -194.745686
555.125411 -195.334860
555.933547 -195.923894
556.741682 -196.512929
557.549817 -197.101964
558.357952 -197.690998
559.166087 -198.280033
559.974222 -198.869068
560.782357 -199.458103
561.590493 -200.047137
562.398627 -200.636172
563.198690 -201.235989
563.991420 -201.845598
564.784150 -202.455208
565.576880 -203.064817
566.369610 -203.674426
567.162602 -204.283693
567.959097 -204.888375
568.755592 -205.493057
569.552087 -206.097738
570.348582 -206.702420
571.145077 -207.307102
571.943178 -207.909654
572.743511 -208.509247
573.543844 -209.108840
574.344176 -209.708433
575.144509 -210.308026
575.944841 -210.907620
576.743076 -211.509990
577.538651 -212.115882
578.334227 -212.721773
579.129802 -213.327664
579.925377 -213.933555
580.706043 -214.558524
581.486194 -215.184150
582.266346 -215.809777
583.046497 -216.435403
583.826648 -217.061030
584.607682 -217.685554
585.388999 -218.309723
586.170317 -218.933893
586.951634 -219.558062
587.732952 -220.182231
588.514269 -220.806401
589.300981 -221.423740
590.089180 -222.039196
590.877379 -222.654652
591.665579 -223.270109
592.453778 -223.885565
593.241977 -224.501021
594.028924 -225.118066
594.811314 -225.740890
595.593705 -226.363713
596.376182 -226.986428
597.158983 -227.608736
597.937800 -228.235934
598.705507 -228.876770

[center] sid=149, seg=0, num=19
309.525095 56.225419
308.873983 55.466401
308.222871 54.707382
307.571759 53.948364
306.924802 53.185801
306.278041 52.423071
305.631829 51.659876
304.986031 50.896332
304.340232 50.132787
303.694437 49.369239
303.048646 48.605689
302.402854 47.842138
301.757197 47.078474
301.111641 46.314724
300.466085 45.550974
299.820716 44.787066
299.175489 44.023038
298.530262 43.259010
297.885035 42.494983

[left] sid=149, seg=0, num=11
310.578932 55.262307
309.930917 54.500642
309.282901 53.738978
308.634886 52.977314
307.986871 52.215649
307.338855 51.453985
306.692042 50.691301
306.045949 49.928006
305.399855 49.164711
304.753762 48.401416
304.107668 47.638121

[left] sid=149, seg=1, num=8
303.841653 47.323850
303.195559 46.560556
302.549466 45.797260
301.903372 45.033965
301.257302 44.270650
300.611865 43.506800
299.966428 42.742950
299.320991 41.979099

[right] sid=149, seg=0, num=19
308.388324 57.144649
307.742820 56.380855
307.097317 55.617061
306.451813 54.853267
305.806309 54.089472
305.160806 53.325678
304.515302 52.561884
303.869798 51.798090
303.224295 51.034297
302.578791 50.270503
301.933287 49.506709
301.287783 48.742915
300.642614 47.978838
299.997596 47.214633
299.352579 46.450428
298.707562 45.686223
298.062545 44.922018
297.417528 44.157813
296.772511 43.393608

[center] sid=150, seg=0, num=20
309.525095 56.225419
309.416650 55.231288
309.308205 54.237156
309.199759 53.243024
309.091314 52.248893
308.761961 51.320301
308.310695 50.427879
307.722647 49.619981
307.073955 48.858893
306.425263 48.097805
305.776627 47.336670
305.128004 46.575523
304.479381 45.814376
303.830758 45.053229
303.182135 44.292082
302.533512 43.530935
301.885158 42.769559
301.236857 42.008138
300.588556 41.246717
299.943446 40.482592

[left] sid=150, seg=0, num=20
310.578932 55.262306
310.398255 54.278734
310.217578 53.295162
310.036901 52.311590
309.830795 51.333244
309.608911 50.358141
309.361208 49.395801
308.721223 48.627376
308.081238 47.858952
307.441253 47.090528
306.796095 46.326445
306.150539 45.562695
305.504983 44.798945
304.859427 44.035196
304.213871 43.271446
303.568315 42.507696
302.917448 41.748468
302.266303 40.989478
301.615158 40.230488
300.964013 39.471498

[right] sid=150, seg=0, num=11
310.578932 55.262307
309.930917 54.500642
309.282901 53.738978
308.634886 52.977314
307.986871 52.215649
307.338855 51.453985
306.692042 50.691301
306.045949 49.928006
305.399855 49.164711
304.753762 48.401416
304.107668 47.638121

[right] sid=150, seg=1, num=8
303.841653 47.323850
303.195559 46.560556
302.549466 45.797260
301.903372 45.033965
301.257302 44.270650
300.611865 43.506800
299.966428 42.742950
299.320991 41.979099

[center] sid=151, seg=0, num=21
301.912869 38.251383
302.561101 39.012862
303.209334 39.774341
303.857567 40.535820
304.505800 41.297299
305.151989 42.060512
305.797422 42.824366
306.442856 43.588219
307.088289 44.352072
307.733723 45.115926
308.379156 45.879779
309.022499 46.645392
309.666175 47.410726
310.311382 48.174770
310.953808 48.941149
311.594610 49.708893
312.235411 50.476636
312.876212 51.244380
313.517014 52.012123
314.157815 52.779867
314.798616 53.547610

[left] sid=151, seg=0, num=21
300.755788 39.228786
301.406933 39.987776
302.058078 40.746767
302.709224 41.505757
303.360369 42.264747
304.007433 43.027212
304.652989 43.790962
305.298545 44.554712
305.944101 45.318462
306.589657 46.082211
307.235213 46.845961
307.876583 47.613224
308.516568 48.381648
309.156552 49.150072
309.800739 49.914966
310.447517 50.677680
311.094295 51.440395
311.741074 52.203110
312.387852 52.965825
313.034630 53.728540
313.681409 54.491255

[right] sid=151, seg=0, num=22
303.030711 37.227527
303.676022 37.991484
304.321333 38.755441
304.966644 39.519398
305.611955 40.283355
306.257266 41.047312
306.902577 41.811269
307.547888 42.575226
308.193199 43.339182
308.838510 44.103139
309.483820 44.867096
310.129131 45.631053
310.774534 46.394932
311.426179 47.153493
312.077825 47.912054
312.729470 48.670614
313.381116 49.429175
314.032761 50.187735
314.685355 50.945475
315.343065 51.698784
316.000774 52.452092
316.658484 53.205401

[center] sid=152, seg=0, num=22
304.160778 36.266844
304.807289 37.029785
305.453801 37.792727
306.100312 38.555668
306.746823 39.318609
307.393335 40.081550
308.039837 40.844499
308.685166 41.608440
309.330495 42.372382
309.975806 43.136339
310.619837 43.901375
311.263868 44.666411
311.909967 45.429701
312.533856 46.210710
313.059904 47.060107
313.568944 47.920883
314.077984 48.781660
314.587024 49.642436
314.785343 50.611333
314.920602 51.602173
315.055861 52.593013
315.191119 53.583852

[left] sid=152, seg=0, num=22
303.030711 37.227527
303.676022 37.991484
304.321333 38.755441
304.966644 39.519398
305.611955 40.283355
306.257266 41.047312
306.902577 41.811269
307.547888 42.575226
308.193199 43.339182
308.838510 44.103139
309.483820 44.867096
310.129131 45.631053
310.774534 46.394932
311.426179 47.153493
312.077825 47.912054
312.729470 48.670614
313.381116 49.429175
314.032761 50.187735
314.685355 50.945475
315.343065 51.698784
316.000774 52.452092
316.658484 53.205401

[right] sid=152, seg=0, num=4
303.634604 32.472160
304.015202 33.396304
304.513229 34.261784
305.095784 35.073459

[right] sid=152, seg=1, num=22
305.228589 35.232928
305.876299 35.994851
306.524009 36.756775
307.171720 37.518699
307.819430 38.280622
308.467140 39.042546
309.114850 39.804470
309.761286 40.567473
310.406211 41.331756
311.051136 42.096038
311.696061 42.860321
312.340987 43.624603
312.985912 44.388886
313.629832 45.154015
314.273168 45.919635
314.859412 46.726504
315.149246 47.683612
315.346317 48.663890
315.523825 49.648028
315.739474 50.624021
316.005004 51.586722
316.367775 52.518631

[center] sid=153, seg=0, num=46
285.282532 23.109370
284.637166 22.345460
283.991800 21.581550
283.346434 20.817639
282.701068 20.053729
282.055701 19.289819
281.410335 18.525908
280.764969 17.761998
280.119603 16.998087
279.474237 16.234177
278.828871 15.470267
278.183505 14.706356
277.538139 13.942446
276.892772 13.178535
276.247406 12.414625
275.602040 11.650715
274.956674 10.886804
274.311308 10.122894
273.665942 9.358983
273.020575 8.595073
272.375209 7.831162
271.729843 7.067252
271.084477 6.303341
270.439111 5.539431
269.793745 4.775520
269.148379 4.011610
268.503012 3.247700
267.857646 2.483789
267.212280 1.719879
266.566914 0.955968
265.921532 0.192071
265.275872 -0.571591
264.630213 -1.335254
263.984572 -2.098932
263.339231 -2.862864
262.693890 -3.626795
262.048549 -4.390727
261.403237 -5.154684
260.757966 -5.918674
260.112695 -6.682665
259.467424 -7.446656
258.822155 -8.210649
258.176886 -8.974641
257.532525 -9.739399
256.889382 -10.505182
256.246239 -11.270965

[left] sid=153, seg=0, num=46
286.396629 22.169204
285.750777 21.405704
285.104925 20.642205
284.459072 19.878705
283.813220 19.115206
283.167368 18.351706
282.521516 17.588206
281.875664 16.824707
281.229812 16.061207
280.583960 15.297708
279.938107 14.534209
279.292255 13.770709
278.646403 13.007210
278.000551 12.243710
277.354699 11.480211
276.708846 10.716711
276.062994 9.953212
275.417142 9.189712
274.771290 8.426213
274.125437 7.662713
273.479585 6.899213
272.833733 6.135714
272.187881 5.372214
271.542029 4.608715
270.896177 3.845215
270.250324 3.081716
269.604472 2.318216
268.958620 1.554717
268.312768 0.791217
267.666915 0.027717
267.021063 -0.735782
266.375211 -1.499282
265.729359 -2.262781
265.083646 -3.026399
264.438395 -3.790406
263.792545 -4.553907
263.146694 -5.317408
262.500948 -6.080998
261.855345 -6.844708
261.209742 -7.608418
260.564139 -8.372129
259.918537 -9.135839
259.272934 -9.899550
258.626770 -10.662785
257.979854 -11.425384
257.332939 -12.187983

[right] sid=153, seg=0, num=41
284.186592 24.071055
283.541648 23.306787
282.896705 22.542520
282.251761 21.778253
281.606818 21.013986
280.961874 20.249719
280.316930 19.485451
279.671987 18.721184
279.027043 17.956917
278.382100 17.192650
277.737156 16.428382
277.092213 15.664115
276.447270 14.899848
275.802326 14.135581
275.157382 13.371313
274.512439 12.607046
273.867495 11.842779
273.222552 11.078512
272.577608 10.314244
271.932665 9.549977
271.287721 8.785710
270.642778 8.021442
269.997834 7.257175
269.352891 6.492908
268.707947 5.728640
268.063004 4.964373
267.418060 4.200106
266.773117 3.435838
266.128173 2.671571
265.483230 1.907304
264.838286 1.143036
264.193343 0.378769
263.548399 -0.385498
262.903456 -1.149766
262.258512 -1.914033
261.613568 -2.678300
260.968625 -3.442567
260.323681 -4.206835
259.678738 -4.971102
259.033794 -5.735370
258.388851 -6.499637

[center] sid=154, seg=0, num=46
283.079853 24.998149
282.435174 24.233659
281.790495 23.469169
281.145816 22.704678
280.501151 21.940176
279.856486 21.175674
279.211821 20.411171
278.567161 19.646666
277.922500 18.882160
277.277839 18.117654
276.633175 17.353152
275.988510 16.588649
275.343845 15.824147
274.699181 15.059644
274.054517 14.295140
273.409853 13.530637
272.765189 12.766134
272.120525 12.001632
271.475860 11.237129
270.831175 10.472644
270.186490 9.708158
269.541807 8.943671
268.897159 8.179155
268.252511 7.414638
267.607862 6.650123
266.963194 5.885623
266.318526 5.121123
265.673858 4.356623
265.029190 3.592124
264.384521 2.827624
263.739853 2.063125
263.095181 1.298628
262.450510 0.534131
261.805839 -0.230366
261.161174 -0.994868
260.516508 -1.759370
259.871846 -2.523874
259.227233 -3.288421
258.582621 -4.052968
257.938004 -4.817511
257.293332 -5.582007
256.648659 -6.346502
256.003985 -7.110997
255.359295 -7.875478
254.714605 -8.639960
254.070335 -9.404793

[left] sid=154, seg=0, num=41
284.186592 24.071055
283.541648 23.306787
282.896705 22.542520
282.251761 21.778253
281.606818 21.013986
280.961874 20.249719
280.316930 19.485451
279.671987 18.721184
279.027043 17.956917
278.382100 17.192650
277.737156 16.428382
277.092213 15.664115
276.447270 14.899848
275.802326 14.135581
275.157382 13.371313
274.512439 12.607046
273.867495 11.842779
273.222552 11.078512
272.577608 10.314244
271.932665 9.549977
271.287721 8.785710
270.642778 8.021442
269.997834 7.257175
269.352891 6.492908
268.707947 5.728640
268.063004 4.964373
267.418060 4.200106
266.773117 3.435838
266.128173 2.671571
265.483230 1.907304
264.838286 1.143036
264.193343 0.378769
263.548399 -0.385498
262.903456 -1.149766
262.258512 -1.914033
261.613568 -2.678300
260.968625 -3.442567
260.323681 -4.206835
259.678738 -4.971102
259.033794 -5.735370
258.388851 -6.499637

[right] sid=154, seg=0, num=9
282.012995 25.972852
281.370838 25.206241
280.728682 24.439631
280.086526 23.673020
279.444369 22.906409
278.802213 22.139799
278.160109 21.373144
277.518073 20.606433
276.876037 19.839722

[right] sid=154, seg=1, num=23
269.527297 11.108982
268.881206 10.345685
268.235114 9.582388
267.589022 8.819091
266.942931 8.055794
266.296839 7.292497
265.650748 6.529200
265.004656 5.765902
264.358565 5.002605
263.712473 4.239308
263.066382 3.476011
262.420290 2.712714
261.774199 1.949417
261.128107 1.186120
260.482016 0.422823
259.835924 -0.340475
259.189833 -1.103772
258.543741 -1.867069
257.897659 -2.630373
257.251730 -3.393808
256.605801 -4.157243
255.959873 -4.920678
255.313944 -5.684113

[center] sid=155, seg=0, num=99
227.673978 -40.478160
227.027356 -41.241008
226.380735 -42.003856
225.734113 -42.766705
225.086968 -43.529109
224.439767 -44.291466
223.792567 -45.053823
223.146042 -45.816754
222.499584 -46.579740
221.853125 -47.342727
221.206664 -48.105711
220.560203 -48.868696
219.913742 -49.631680
219.267282 -50.394665
218.620822 -51.157650
217.974361 -51.920636
217.327901 -52.683620
216.681440 -53.446605
216.034979 -54.209589
215.388518 -54.972574
214.742057 -55.735558
214.095596 -56.498543
213.449135 -57.261528
212.802675 -58.024512
212.156214 -58.787497
211.509754 -59.550482
210.863293 -60.313467
210.216833 -61.076452
209.570372 -61.839437
208.923911 -62.602421
208.277450 -63.365406
207.630989 -64.128391
206.984528 -64.891375
206.338068 -65.654360
205.691607 -66.417345
205.045147 -67.180330
204.398686 -67.943315
203.752226 -68.706300
203.105765 -69.469284
202.459303 -70.232268
201.812788 -70.995207
201.166272 -71.758145
200.519757 -72.521084
199.873227 -73.284010
199.226698 -74.046937
198.580169 -74.809864
197.933640 -75.572791
197.287106 -76.335714
196.640572 -77.098636
195.994038 -77.861559
195.347505 -78.624482
194.700971 -79.387405
194.054437 -80.150328
193.407903 -80.913251
192.761370 -81.676174
192.114837 -82.439098
191.468608 -83.202279
190.822378 -83.965459
190.176148 -84.728640
189.529919 -85.491821
188.883689 -86.255001
188.237629 -87.018325
187.591632 -87.781703
186.945635 -88.545080
186.299638 -89.308458
185.653641 -90.071836
185.007644 -90.835213
184.361647 -91.598591
183.715650 -92.361969
183.069654 -93.125346
182.423657 -93.888724
181.777660 -94.652102
181.131663 -95.415479
180.485666 -96.178857
179.839670 -96.942235
179.193673 -97.705613
178.547676 -98.468991
177.901680 -99.232369
177.255683 -99.995747
176.609686 -100.759124
175.963689 -101.522502
175.317692 -102.285880
174.671776 -103.049326
174.025880 -103.812789
173.379984 -104.576251
172.734604 -105.340151
172.089343 -106.104151
171.444081 -106.868150
170.798903 -107.632220
170.153741 -108.396304
169.508580 -109.160388
168.864095 -109.925042
168.219744 -110.689810
167.575394 -111.454578
166.935664 -112.223211
166.296872 -112.992628
165.658080 -113.762044
165.019289 -114.531462
164.380498 -115.300880

[left] sid=155, seg=0, num=40
228.713259 -41.408732
228.069628 -42.174106
227.425997 -42.939479
226.782366 -43.704852
226.135506 -44.467498
225.488444 -45.229973
224.841383 -45.992448
224.194321 -46.754923
223.547260 -47.517398
222.900198 -48.279873
222.253137 -49.042349
221.606075 -49.804824
220.959014 -50.567299
220.311952 -51.329774
219.664891 -52.092250
219.017829 -52.854725
218.370768 -53.617200
217.723706 -54.379675
217.076645 -55.142151
216.429583 -55.904626
215.782521 -56.667101
215.135459 -57.429575
214.488397 -58.192050
213.841335 -58.954525
213.194273 -59.716999
212.547211 -60.479475
211.900149 -61.241950
211.253087 -62.004425
210.606026 -62.766900
209.958964 -63.529375
209.311902 -64.291850
208.664840 -65.054325
208.017778 -65.816800
207.370717 -66.579275
206.723655 -67.341750
206.076593 -68.104225
205.429531 -68.866700
204.782469 -69.629175
204.135407 -70.391650
203.488339 -71.154120

[left] sid=155, seg=1, num=59
203.094095 -71.618550
202.446924 -72.380933
201.799753 -73.143315
201.152564 -73.905682
200.505365 -74.668041
199.858166 -75.430400
199.210968 -76.192759
198.563763 -76.955113
197.916555 -77.717464
197.269347 -78.479815
196.622139 -79.242166
195.974932 -80.004518
195.327724 -80.766869
194.680516 -81.529220
194.033308 -82.291571
193.386100 -83.053922
192.739289 -83.816610
192.092689 -84.579477
191.446089 -85.342343
190.799489 -86.105210
190.152889 -86.868077
189.506464 -87.631092
188.860329 -88.394353
188.214195 -89.157614
187.568061 -89.920876
186.921926 -90.684137
186.275791 -91.447398
185.629657 -92.210659
184.983523 -92.973920
184.337388 -93.737182
183.691254 -94.500443
183.045120 -95.263704
182.398985 -96.026966
181.752851 -96.790227
181.106716 -97.553488
180.460582 -98.316749
179.814447 -99.080011
179.168313 -99.843272
178.522179 -100.606534
177.876044 -101.369795
177.229910 -102.133056
176.583775 -102.896317
175.937640 -103.659578
175.291506 -104.422840
174.645372 -105.186101
173.999238 -105.949362
173.353103 -106.712624
172.706969 -107.475885
172.060835 -108.239146
171.414700 -109.002408
170.768566 -109.765669
170.122432 -110.528931
169.476298 -111.292193
168.830164 -112.055454
168.184030 -112.818716
167.537895 -113.581977
166.891760 -114.345238
166.245625 -115.108499
165.599492 -115.871761

[right] sid=155, seg=0, num=6
226.577801 -39.600868
225.930426 -40.363077
225.283051 -41.125286
224.635676 -41.887496
223.988300 -42.649704
223.340924 -43.411912

[right] sid=155, seg=1, num=93
222.709755 -44.155038
222.063897 -44.918533
221.418038 -45.682027
220.772180 -46.445522
220.126320 -47.209016
219.480461 -47.972510
218.834602 -48.736004
218.188743 -49.499498
217.542884 -50.262992
216.897025 -51.026486
216.251166 -51.789980
215.605307 -52.553474
214.959448 -53.316968
214.313588 -54.080462
213.667729 -54.843956
213.021870 -55.607450
212.376011 -56.370944
211.730152 -57.134438
211.084293 -57.897932
210.438434 -58.661426
209.792574 -59.424920
209.146715 -60.188414
208.500855 -60.951908
207.854996 -61.715401
207.209136 -62.478895
206.563277 -63.242389
205.917418 -64.005883
205.271559 -64.769377
204.625700 -65.532871
203.979840 -66.296365
203.333981 -67.059859
202.688122 -67.823353
202.042263 -68.586848
201.396404 -69.350342
200.750545 -70.113836
200.104685 -70.877330
199.458826 -71.640824
198.812967 -72.404318
198.167108 -73.167812
197.521248 -73.931306
196.875389 -74.694800
196.229529 -75.458294
195.583670 -76.221788
194.937811 -76.985282
194.291952 -77.748776
193.646093 -78.512270
193.000234 -79.275764
192.354374 -80.039258
191.708515 -80.802752
191.062656 -81.566247
190.416797 -82.329741
189.770938 -83.093235
189.125079 -83.856730
188.479220 -84.620224
187.833361 -85.383718
187.187502 -86.147212
186.541642 -86.910706
185.895783 -87.674200
185.249924 -88.437694
184.604064 -89.201188
183.958205 -89.964682
183.312345 -90.728176
182.666486 -91.491670
182.020627 -92.255164
181.374767 -93.018658
180.728908 -93.782152
180.083049 -94.545646
179.437190 -95.309141
178.791331 -96.072636
178.145473 -96.836130
177.499614 -97.599625
176.853756 -98.363120
176.207897 -99.126614
175.562037 -99.890108
174.916178 -100.653602
174.270319 -101.417096
173.624459 -102.180590
172.978600 -102.944084
172.333087 -103.707871
171.688692 -104.472602
171.044298 -105.237332
170.399904 -106.002064
169.755635 -106.766901
169.111371 -107.531741
168.467106 -108.296581
167.824497 -109.062814
167.181936 -109.829085
166.539374 -110.595357
165.896814 -111.361630
165.254254 -112.127903
164.611694 -112.894176
163.969282 -113.660573
163.326874 -114.426973

[center] sid=156, seg=0, num=55
194.709216 -88.687749
195.352518 -87.922099
195.995820 -87.156450
196.639123 -86.390800
197.282425 -85.625150
197.925727 -84.859500
198.569030 -84.093851
199.212332 -83.328201
199.855634 -82.562551
200.498935 -81.796901
201.142238 -81.031251
201.785540 -80.265601
202.428842 -79.499952
203.072145 -78.734302
203.715447 -77.968653
204.358750 -77.203003
205.002052 -76.437353
205.645354 -75.671703
206.288656 -74.906053
206.931958 -74.140404
207.575261 -73.374754
208.218563 -72.609104
208.861865 -71.843455
209.505167 -71.077805
210.148469 -70.312155
210.791772 -69.546505
211.435074 -68.780856
212.078376 -68.015206
212.721678 -67.249556
213.365126 -66.484029
214.008845 -65.718730
214.652564 -64.953431
215.296283 -64.188131
215.940002 -63.422832
216.583722 -62.657533
217.227441 -61.892234
217.871160 -61.126934
218.514879 -60.361635
219.158598 -59.596336
219.802317 -58.831037
220.446036 -58.065737
221.089755 -57.300438
221.733474 -56.535139
222.377193 -55.769840
223.020912 -55.004540
223.664631 -54.239241
224.308350 -53.473942
224.952069 -52.708643
225.595788 -51.943344
226.239507 -51.178044
226.883226 -50.412745
227.526946 -49.647446
228.170665 -48.882147
228.814384 -48.116848
229.458103 -47.351549

[left] sid=156, seg=0, num=40
193.686482 -87.793056
194.324849 -87.023286
194.963216 -86.253517
195.601583 -85.483747
196.239950 -84.713978
196.878317 -83.944208
197.516684 -83.174439
198.155051 -82.404670
198.793418 -81.634900
199.431785 -80.865131
200.070152 -80.095362
200.708519 -79.325592
201.346886 -78.555823
201.985253 -77.786053
202.623620 -77.016284
203.261987 -76.246515
203.900354 -75.476745
204.538721 -74.706976
205.177088 -73.937207
205.820819 -73.171948
206.469651 -72.410978
207.118482 -71.650008
207.767313 -70.889038
208.416145 -70.128068
209.064976 -69.367099
209.713705 -68.606042
210.362342 -67.844906
211.010979 -67.083770
211.659616 -66.322635
212.308240 -65.561489
212.956786 -64.800276
213.605331 -64.039062
214.253877 -63.277849
214.902422 -62.516635
215.550967 -61.755422
216.199513 -60.994208
216.848058 -60.232994
217.496603 -59.471781
218.145148 -58.710567
218.793693 -57.949353

[left] sid=156, seg=1, num=16
218.881770 -57.845977
219.527553 -57.082419
220.173337 -56.318861
220.819120 -55.555303
221.464904 -54.791746
222.110688 -54.028188
222.756471 -53.264630
223.402255 -52.501072
224.048038 -51.737514
224.693822 -50.973956
225.339606 -50.210398
225.985389 -49.446841
226.631173 -48.683283
227.278222 -47.920797
227.925279 -47.158318
228.572301 -46.395810

[right] sid=156, seg=0, num=37
208.270514 -76.187897
208.324318 -75.194939
208.716924 -74.283018
209.334225 -73.498289
209.977597 -72.732701
210.622429 -71.968339
211.267260 -71.203977
211.912092 -70.439614
212.557465 -69.675710
213.203348 -68.912236
213.849231 -68.148762
214.494823 -67.385043
215.138800 -66.619961
215.782778 -65.854879
216.426755 -65.089797
217.070732 -64.324715
217.714709 -63.559633
218.358649 -62.794519
219.002427 -62.029269
219.646205 -61.264019
220.289982 -60.498770
220.933760 -59.733520
221.578656 -58.969212
222.223643 -58.204981
222.868631 -57.440751
223.513618 -56.676521
224.158606 -55.912290
224.803832 -55.148261
225.449388 -54.384511
226.094945 -53.620761
226.740502 -52.857012
227.386058 -52.093262
228.031615 -51.329512
228.677172 -50.565763
229.322728 -49.802013
229.968285 -49.038263
230.613842 -48.274514

[center] sid=157, seg=0, num=56
194.709216 -88.687749
195.093009 -87.764298
195.476802 -86.840846
195.860595 -85.917395
196.244388 -84.993944
196.628181 -84.070493
197.011974 -83.147041
197.574708 -82.322351
198.151473 -81.505406
198.728239 -80.688461
199.305874 -79.872130
199.883552 -79.055830
200.461230 -78.239530
201.038908 -77.423229
201.616586 -76.606929
202.194744 -75.790969
202.773137 -74.975175
203.351530 -74.159381
203.940091 -73.350935
204.537012 -72.548735
205.168820 -71.773574
205.800629 -70.998412
206.445309 -70.233994
207.095016 -69.473772
207.744619 -68.713461
208.392301 -67.951513
209.039984 -67.189565
209.687665 -66.427616
210.335308 -65.665635
210.982951 -64.903653
211.630591 -64.141670
212.278200 -63.379659
212.925808 -62.617648
213.573416 -61.855636
214.221024 -61.093625
214.868632 -60.331614
215.516240 -59.569603
216.163849 -58.807592
216.811457 -58.045582
217.459056 -57.283563
218.105973 -56.520965
218.752200 -55.757782
219.398426 -54.994600
220.044653 -54.231417
220.690880 -53.468234
221.337281 -52.705199
221.984520 -51.942874
222.631759 -51.180549
223.278998 -50.418225
223.926236 -49.655900
224.573475 -48.893575
225.221326 -48.131771
225.869917 -47.370597
226.518509 -46.609423
227.166860 -45.848044
227.814925 -45.086422

[left] sid=157, seg=0, num=19
193.686481 -87.793053
194.205052 -86.937985
194.723624 -86.082917
195.242196 -85.227848
195.760924 -84.372874
196.279651 -83.517900
196.797326 -82.662293
197.309811 -81.803563
197.822296 -80.944832
198.335095 -80.086290
198.849465 -79.228687
199.363835 -78.371085
199.878205 -77.513482
200.392575 -76.655880
200.906945 -75.798277
201.422555 -74.941419
201.938400 -74.084703
202.454245 -73.227987
202.996011 -72.387529

[left] sid=157, seg=1, num=37
203.423606 -71.732597
204.038099 -70.943637
204.652591 -70.154678
205.289313 -69.383881
205.939896 -68.624408
206.590479 -67.864935
207.237350 -67.102299
207.884020 -66.339491
208.530689 -65.576684
209.177359 -64.813876
209.824029 -64.051068
210.470699 -63.288261
211.117368 -62.525453
211.764038 -61.762646
212.410708 -60.999839
213.057378 -60.237031
213.704048 -59.474224
214.350719 -58.711417
214.997389 -57.948610
215.644060 -57.185803
216.290730 -56.422996
216.937400 -55.660189
217.584070 -54.897381
218.230739 -54.134573
218.877409 -53.371765
219.524078 -52.608958
220.170899 -51.846279
220.819591 -51.085190
221.468282 -50.324101
222.116974 -49.563012
222.765665 -48.801923
223.414357 -48.040834
224.063698 -47.280300
224.714220 -46.520776
225.364743 -45.761251
226.015265 -45.001726
226.665787 -44.242202

[right] sid=157, seg=0, num=40
193.686482 -87.793056
194.324849 -87.023286
194.963216 -86.253517
195.601583 -85.483747
196.239950 -84.713978
196.878317 -83.944208
197.516684 -83.174439
198.155051 -82.404670
198.793418 -81.634900
199.431785 -80.865131
200.070152 -80.095362
200.708519 -79.325592
201.346886 -78.555823
201.985253 -77.786053
202.623620 -77.016284
203.261987 -76.246515
203.900354 -75.476745
204.538721 -74.706976
205.177088 -73.937207
205.820819 -73.171948
206.469651 -72.410978
207.118482 -71.650008
207.767313 -70.889038
208.416145 -70.128068
209.064976 -69.367099
209.713705 -68.606042
210.362342 -67.844906
211.010979 -67.083770
211.659616 -66.322635
212.308240 -65.561489
212.956786 -64.800276
213.605331 -64.039062
214.253877 -63.277849
214.902422 -62.516635
215.550967 -61.755422
216.199513 -60.994208
216.848058 -60.232994
217.496603 -59.471781
218.145148 -58.710567
218.793693 -57.949353

[right] sid=157, seg=1, num=16
218.881770 -57.845977
219.527553 -57.082419
220.173337 -56.318861
220.819120 -55.555303
221.464904 -54.791746
222.110688 -54.028188
222.756471 -53.264630
223.402255 -52.501072
224.048038 -51.737514
224.693822 -50.973956
225.339606 -50.210398
225.985389 -49.446841
226.631173 -48.683283
227.278222 -47.920797
227.925279 -47.158318
228.572301 -46.395810

[center] sid=158, seg=0, num=16
256.301482 -15.725646
256.942852 -14.958376
257.584221 -14.191107
258.225591 -13.423838
258.869632 -12.658811
259.514088 -11.894132
260.158438 -11.129365
260.802360 -10.364237
261.446283 -9.599109
262.090207 -8.833982
262.734134 -8.068859
263.378062 -7.303735
264.023301 -6.539726
264.673725 -5.780117
265.324148 -5.020507
265.974571 -4.260898

[left] sid=158, seg=0, num=16
255.182979 -14.751714
255.825226 -13.985179
256.467474 -13.218645
257.109722 -12.452111
257.756145 -11.689097
258.403061 -10.926498
259.049679 -10.163647
259.695281 -9.399937
260.340884 -8.636227
260.986487 -7.872516
261.632090 -7.108806
262.277693 -6.345095
262.923353 -5.581433
263.569204 -4.817932
264.215055 -4.054432
264.860660 -3.290724

[right] sid=158, seg=0, num=16
257.396159 -16.718515
258.038148 -15.951765
258.680137 -15.185014
259.322126 -14.418263
259.964114 -13.651512
260.606103 -12.884761
261.248097 -12.118014
261.890346 -11.351481
262.532595 -10.584948
263.174844 -9.818415
263.817093 -9.051882
264.459342 -8.285349
265.101683 -7.518893
265.748800 -6.756465
266.395917 -5.994037
267.060352 -5.246878

[center] sid=159, seg=0, num=33
266.264371 -3.922450
266.906761 -3.156035
267.549150 -2.389619
268.192021 -1.623607
268.835147 -0.857811
269.478274 -0.092014
270.123784 0.671772
270.770485 1.434553
271.417186 2.197333
272.063856 2.960141
272.710509 3.722962
273.357162 4.485783
274.003760 5.248651
274.650329 6.011544
275.296898 6.774437
275.943467 7.537329
276.590036 8.300222
277.236605 9.063114
277.883174 9.826007
278.529743 10.588899
279.176312 11.351792
279.822881 12.114684
280.469450 12.877577
281.116020 13.640469
281.762589 14.403362
282.409158 15.166254
283.055727 15.929146
283.702719 16.691680
284.349936 17.454023
284.997153 18.216366
285.644502 18.978597
286.291920 19.740769
286.939338 20.502941

[left] sid=159, seg=0, num=33
265.171715 -2.922004
265.817568 -2.158505
266.463420 -1.395005
267.109272 -0.631505
267.755124 0.131994
268.400976 0.895494
269.046828 1.658994
269.692681 2.422493
270.338533 3.185992
270.984385 3.949492
271.630237 4.712992
272.276090 5.476491
272.921942 6.239991
273.567794 7.003490
274.213646 7.766990
274.859498 8.530489
275.505351 9.293989
276.151203 10.057488
276.797055 10.820988
277.442907 11.584487
278.088760 12.347987
278.734612 13.111486
279.380464 13.874986
280.026316 14.638485
280.672169 15.401985
281.318021 16.165484
281.963873 16.928983
282.609725 17.692483
283.255577 18.455983
283.901429 19.219482
284.547281 19.982982
285.193134 20.746481
285.838987 21.509980

[right] sid=159, seg=0, num=33
267.358743 -4.920909
267.997846 -4.151751
268.636949 -3.382593
269.276052 -2.613434
269.915154 -1.844276
270.554725 -1.075511
271.202275 -0.313451
271.849825 0.448609
272.497375 1.210669
273.144925 1.972729
273.792475 2.734789
274.439838 3.497008
275.087123 4.259293
275.734409 5.021578
276.381694 5.783863
277.028979 6.546148
277.676265 7.308433
278.323550 8.070718
278.970835 8.833002
279.618121 9.595287
280.265406 10.357572
280.912691 11.119857
281.559977 11.882142
282.207262 12.644427
282.854547 13.406712
283.501833 14.168996
284.149118 14.931281
284.796404 15.693566
285.443689 16.455851
286.093600 17.215896
286.744118 17.975424
287.394637 18.734952
288.045155 19.494479

[center] sid=160, seg=0, num=34
266.264371 -3.922450
267.186922 -3.536508
268.109472 -3.150567
269.032023 -2.764625
269.954574 -2.378683
270.830179 -1.908337
271.644688 -1.328140
272.440807 -0.723286
273.221132 -0.098322
273.949430 0.584291
274.596942 1.346382
275.244071 2.108799
275.889203 2.872907
276.534336 3.637015
277.179454 4.401135
277.824508 5.165309
278.469561 5.929484
279.114615 6.693658
279.759668 7.457833
280.404722 8.222007
281.049775 8.986181
281.694829 9.750356
282.339882 10.514530
282.984935 11.278705
283.629989 12.042879
284.275043 12.807054
284.920096 13.571228
285.565150 14.335402
286.210203 15.099576
286.854806 15.864131
287.498162 16.629735
288.141518 17.395339
288.784784 18.161019
289.427785 18.926920

[left] sid=160, seg=0, num=33
267.358743 -4.920909
267.997846 -4.151751
268.636949 -3.382593
269.276052 -2.613434
269.915154 -1.844276
270.554725 -1.075511
271.202275 -0.313451
271.849825 0.448609
272.497375 1.210669
273.144925 1.972729
273.792475 2.734789
274.439838 3.497008
275.087123 4.259293
275.734409 5.021578
276.381694 5.783863
277.028979 6.546148
277.676265 7.308433
278.323550 8.070718
278.970835 8.833002
279.618121 9.595287
280.265406 10.357572
280.912691 11.119857
281.559977 11.882142
282.207262 12.644427
282.854547 13.406712
283.501833 14.168996
284.149118 14.931281
284.796404 15.693566
285.443689 16.455851
286.093600 17.215896
286.744118 17.975424
287.394637 18.734952
288.045155 19.494479

[right] sid=160, seg=0, num=34
267.358744 -4.920910
268.151344 -4.311122
268.977948 -3.751528
269.875812 -3.315379
270.822759 -2.998881
271.782329 -2.717325
272.720399 -2.374009
273.602074 -1.911989
274.349891 -1.260974
275.013920 -0.513325
275.657646 0.251967
276.301372 1.017260
276.944662 1.782920
277.587478 2.548978
278.230294 3.315035
278.873110 4.081093
279.515926 4.847150
280.158742 5.613208
280.801558 6.379265
281.444374 7.145323
282.087190 7.911380
282.730006 8.677438
283.372822 9.443495
284.015638 10.209553
284.658454 10.975610
285.301270 11.741668
285.944086 12.507725
286.586902 13.273783
287.229718 14.039841
287.872534 14.805898
288.510932 15.575623
289.145617 16.348431
289.780302 17.121239
290.414987 17.894046

[right] sid=160, seg=1, num=4
290.741436 18.291538
291.430286 19.016481
292.163557 19.695749
292.998812 20.242034

[center] sid=161, seg=0, num=62
207.340406 -232.903850
206.686423 -233.660397
206.032441 -234.416945
205.378456 -235.173490
204.724419 -235.929990
204.070382 -236.686491
203.416665 -237.443266
202.767804 -238.204211
202.118943 -238.965155
201.470114 -239.726127
200.821891 -240.487615
200.173669 -241.249104
199.525514 -242.010650
198.878223 -242.772931
198.230933 -243.535212
197.583700 -244.297542
196.937084 -245.060395
196.290468 -245.823249
195.643853 -246.586102
194.996907 -247.348676
194.349115 -248.110530
193.701322 -248.872385
193.053529 -249.634239
192.405737 -250.396093
191.758097 -251.158078
191.111380 -251.920845
190.464662 -252.683612
189.818005 -253.446430
189.171691 -254.209540
188.525378 -254.972649
187.879298 -255.735957
187.233356 -256.499381
186.587413 -257.262804
185.934557 -258.020293
185.277855 -258.774482
184.621154 -259.528671
183.956826 -260.276124
183.289600 -261.021018
182.622375 -261.765913
181.935810 -262.492885
181.230254 -263.201578
180.524698 -263.910272
179.803941 -264.602851
179.055279 -265.265845
178.293131 -265.912317
177.493644 -266.513046
176.694157 -267.113775
175.881358 -267.695808
175.042769 -268.239792
174.176977 -268.740249
173.311185 -269.240706
172.447987 -269.745569
171.590387 -270.259938
170.732787 -270.774307
169.875187 -271.288676
169.017587 -271.803045
168.159986 -272.317414
167.302386 -272.831783
166.444786 -273.346153
165.587186 -273.860522
164.729586 -274.374891
163.871985 -274.889260

[left] sid=161, seg=0, num=26
208.585008 -233.965989
207.937726 -234.728276
207.290443 -235.490564
206.643161 -236.252852
205.995879 -237.015140
205.348597 -237.777428
204.701315 -238.539717
204.054033 -239.302005
203.406751 -240.064293
202.759468 -240.826581
202.112186 -241.588869
201.464904 -242.351157
200.817697 -243.113508
200.171429 -243.876657
199.525161 -244.639805
198.878893 -245.402953
198.232626 -246.166101
197.586358 -246.929250
196.940090 -247.692398
196.293150 -248.454975
195.644529 -249.216124
194.995908 -249.977274
194.347287 -250.738423
193.698666 -251.499572
193.050300 -252.260938
192.403400 -253.023550

[left] sid=161, seg=1, num=28
191.825511 -253.704806
191.178611 -254.467419
190.531710 -255.230031
189.884810 -255.992643
189.238081 -256.755400
188.591503 -257.518285
187.944924 -258.281170
187.298345 -259.044055
186.651767 -259.806940
186.005188 -260.569825
185.355317 -261.329897
184.702811 -262.087719
184.050305 -262.845540
183.397799 -263.603362
182.712277 -264.331190
182.020421 -265.053266
181.328566 -265.775341
180.636711 -266.497417
179.944855 -267.219492
179.186550 -267.868492
178.402171 -268.488818
177.617792 -269.109144
176.810915 -269.699498
175.960431 -270.221964
175.080596 -270.697299
174.200761 -271.172634
173.312192 -271.631107
172.416350 -272.075538

[right] sid=161, seg=0, num=52
206.095805 -231.841711
205.435064 -232.592363
204.774322 -233.343014
204.113580 -234.093665
203.452838 -234.844316
202.792096 -235.594967
202.131730 -236.345945
201.481493 -237.105714
200.831255 -237.865482
200.181017 -238.625251
199.531624 -239.385741
198.882614 -240.146558
198.233603 -240.907375
197.584593 -241.668192
196.935799 -242.429193
196.288835 -243.191752
195.641871 -243.954310
194.994908 -244.716869
194.347944 -245.479427
193.700980 -246.241986
193.054017 -247.004544
192.407053 -247.767103
191.760090 -248.529661
191.113126 -249.292220
190.466162 -250.054778
189.819199 -250.817337
189.172455 -251.580082
188.526729 -252.343688
187.881003 -253.107295
187.235277 -253.870902
186.589551 -254.634509
185.944271 -255.398493
185.299135 -256.162598
184.653998 -256.926703
183.984855 -257.669654
183.308038 -258.405845
182.631222 -259.142035
181.954406 -259.878226
181.260708 -260.597899
180.539451 -261.290607
179.818194 -261.983315
179.096936 -262.676023
178.315607 -263.297770
177.513354 -263.894800
176.711100 -264.491829
175.896147 -265.071296
175.070134 -265.634612
174.226825 -266.172092
173.383516 -266.709571
172.535703 -267.239758
171.677537 -267.753182
170.819370 -268.266605

[right] sid=161, seg=1, num=9
170.754227 -268.305579
169.870221 -268.773111
168.980533 -269.229177
168.073038 -269.649302
167.165159 -270.068593
166.256184 -270.485507
165.347209 -270.902420
164.432528 -271.305832
163.500079 -271.667203

[center] sid=162, seg=0, num=21
180.861626 -283.491268
181.133824 -282.528996
181.406022 -281.566723
181.678220 -280.604451
181.955748 -279.644524
182.481188 -278.793659
183.006628 -277.942793
183.532068 -277.091928
184.057508 -276.241063
184.582948 -275.390198
185.163367 -274.578238
185.790970 -273.799667
186.433298 -273.033272
187.080054 -272.270537
187.726810 -271.507803
188.372420 -270.744098
189.018691 -269.980953
189.664963 -269.217808
190.308179 -268.452105
190.945643 -267.681588
191.583107 -266.911071

[left] sid=162, seg=0, num=17
180.570011 -277.789527
181.233096 -277.040945
181.896182 -276.292363
182.559267 -275.543781
183.216346 -274.789955
183.868737 -274.032034
184.521127 -273.274113
185.170524 -272.513645
185.814140 -271.748259
186.457755 -270.982872
187.101371 -270.217486
187.748251 -269.454857
188.395390 -268.692448
189.042530 -267.930039
189.671433 -267.152547
190.298851 -266.373828
190.926270 -265.595109

[right] sid=162, seg=0, num=17
184.089798 -280.987260
184.210360 -279.994525
184.460563 -279.027724
184.784880 -278.083020
185.152488 -277.153231
185.637148 -276.278494
186.180211 -275.440693
186.773872 -274.636574
187.424381 -273.877038
188.074889 -273.117501
188.724642 -272.357321
189.369998 -271.593402
190.015353 -270.829482
190.660709 -270.065562
191.306907 -269.302356
191.954313 -268.540173
192.601719 -267.777990

[center] sid=163, seg=0, num=8
192.162825 -266.210352
192.796579 -265.436780
193.430334 -264.663209
194.064088 -263.889637
194.698424 -263.116543
195.332760 -262.343448
195.967150 -261.570398
196.601743 -260.797513

[left] sid=163, seg=0, num=9
191.134779 -265.336319
191.759662 -264.555564
192.384545 -263.774809
193.009429 -262.994054
193.634312 -262.213298
194.259195 -261.432543
194.884078 -260.651788
195.508961 -259.871033
196.133844 -259.090277

[right] sid=163, seg=0, num=8
193.194574 -267.080028
193.837058 -266.313692
194.479543 -265.547356
195.122028 -264.781020
195.765701 -264.015682
196.409436 -263.250396
197.053171 -262.485110
197.697003 -261.719906

[center] sid=164, seg=0, num=9
192.162825 -266.210352
192.390975 -265.236695
192.619125 -264.263038
192.847275 -263.289382
193.075424 -262.315725
193.303574 -261.342069
193.689084 -260.424803
194.131285 -259.527855
194.573486 -258.630906

[left] sid=164, seg=0, num=11
191.134779 -265.336319
191.596238 -264.449124
191.789673 -263.477474
191.735766 -262.481147
191.595133 -261.491057
191.488939 -260.496762
191.389823 -259.501666
191.297546 -258.505903
191.229597 -257.508738
191.241259 -256.509723
191.401882 -255.530870

[right] sid=164, seg=0, num=9
191.134779 -265.336319
191.759662 -264.555564
192.384545 -263.774809
193.009429 -262.994054
193.634312 -262.213298
194.259195 -261.432543
194.884078 -260.651788
195.508961 -259.871033
196.133844 -259.090277

[center] sid=165, seg=0, num=24
197.230252 -260.032038
197.865327 -259.259551
198.499933 -258.486678
199.134540 -257.713806
199.771254 -256.942686
200.415395 -256.177742
201.059537 -255.412798
201.703630 -254.647814
202.347562 -253.882693
202.991494 -253.117573
203.636012 -252.352947
204.281066 -251.588773
204.926121 -250.824598
205.573563 -250.062453
206.223407 -249.302347
206.873250 -248.542242
207.523094 -247.782136
208.172937 -247.022030
208.822780 -246.261924
209.472623 -245.501818
210.122467 -244.741712
210.772310 -243.981607
211.422155 -243.221502
212.072000 -242.461398

[left] sid=165, seg=0, num=13
196.135957 -259.087637
196.760840 -258.306882
197.385723 -257.526127
198.010606 -256.745371
198.640685 -255.968895
199.287072 -255.205847
199.933459 -254.442800
200.579846 -253.679753
201.226233 -252.916705
201.872619 -252.153658
202.520848 -251.392177
203.170608 -250.632001
203.820369 -249.871824

[left] sid=165, seg=1, num=12
204.140904 -249.496820
204.791088 -248.737006
205.441272 -247.977191
206.091456 -247.217377
206.741639 -246.457562
207.391823 -245.697747
208.042007 -244.937933
208.692191 -244.178118
209.342374 -243.418304
209.992558 -242.658489
210.642742 -241.898675
211.292926 -241.138860

[right] sid=165, seg=0, num=24
198.324545 -260.976440
198.969581 -260.212250
199.614616 -259.448060
200.259635 -258.683856
200.901525 -257.917022
201.543415 -257.150188
202.185305 -256.383354
202.827195 -255.616520
203.469086 -254.849686
204.110660 -254.082588
204.750935 -253.314405
205.391211 -252.546223
206.031487 -251.778040
206.676281 -251.013671
207.325784 -250.253274
207.975287 -249.492877
208.624789 -248.732480
209.274292 -247.972083
209.923795 -247.211686
210.573297 -246.451289
211.222800 -245.690892
211.872303 -244.930495
212.521805 -244.170098
213.171308 -243.409701

[center] sid=166, seg=0, num=24
194.881695 -258.005743
195.523131 -257.238529
196.164566 -256.471314
196.806652 -255.704644
197.449242 -254.938396
198.091832 -254.172149
198.737239 -253.408278
199.384379 -252.645870
200.031519 -251.883461
200.680457 -251.122584
201.330393 -250.362557
201.980329 -249.602531
202.630659 -248.842841
203.281445 -248.083543
203.932377 -247.324369
204.583309 -246.565195
205.234246 -245.806025
205.885185 -245.046858
206.536295 -244.287837
207.187886 -243.529229
207.839477 -242.770620
208.491068 -242.012012
209.142659 -241.253404
209.794250 -240.494796

[left] sid=166, seg=0, num=17
193.672013 -257.000805
194.303790 -256.225617
194.935566 -255.450429
195.576875 -254.683178
196.224767 -253.921409
196.872660 -253.159639
197.520552 -252.397870
198.168445 -251.636100
198.816337 -250.874331
199.466380 -250.114399
200.117704 -249.355561
200.769028 -248.596723
201.420351 -247.837885
202.071898 -247.079240
202.723592 -246.320720
203.375286 -245.562200
204.026980 -244.803681

[left] sid=166, seg=1, num=8
204.124990 -244.689605
204.776684 -243.931085
205.428884 -243.173001
206.081880 -242.415602
206.734876 -241.658202
207.387872 -240.900803
208.040868 -240.143404
208.693864 -239.386005

[right] sid=166, seg=0, num=13
196.135957 -259.087637
196.760840 -258.306882
197.385723 -257.526127
198.010606 -256.745371
198.640685 -255.968895
199.287072 -255.205847
199.933459 -254.442800
200.579846 -253.679753
201.226233 -252.916705
201.872619 -252.153658
202.520848 -251.392177
203.170608 -250.632001
203.820369 -249.871824

[right] sid=166, seg=1, num=12
204.140904 -249.496820
204.791088 -248.737006
205.441272 -247.977191
206.091456 -247.217377
206.741639 -246.457562
207.391823 -245.697747
208.042007 -244.937933
208.692191 -244.178118
209.342374 -243.418304
209.992558 -242.658489
210.642742 -241.898675
211.292926 -241.138860

[center] sid=167, seg=0, num=26
194.881695 -258.005743
194.929826 -257.006873
194.977956 -256.008002
195.026087 -255.009132
195.074217 -254.010261
195.122348 -253.011390
195.627575 -252.192021
196.271997 -251.427313
196.917953 -250.663904
197.565698 -249.902010
198.213444 -249.140116
198.862234 -248.379112
199.512171 -247.619086
200.162108 -246.859060
200.812044 -246.099034
201.461981 -245.339008
202.111918 -244.578982
202.761855 -243.818956
203.411792 -243.058930
204.061728 -242.298904
204.711665 -241.538878
205.361602 -240.778852
206.011539 -240.018826
206.661475 -239.258801
207.311412 -238.498775
207.961349 -237.738749

[left] sid=167, seg=0, num=2
191.541567 -255.124488
191.945528 -254.211063

[left] sid=167, seg=1, num=23
192.020516 -254.054248
192.661453 -253.286617
193.302391 -252.518987
193.943329 -251.751357
194.584266 -250.983726
195.225203 -250.216095
195.869973 -249.451688
196.516336 -248.688620
197.162698 -247.925552
197.809061 -247.162484
198.455423 -246.399416
199.101786 -245.636348
199.752269 -244.876792
200.403352 -244.117748
201.054435 -243.358704
201.704513 -242.598805
202.349119 -241.834252
202.993724 -241.069699
203.638330 -240.305146
204.282935 -239.540593
204.927540 -238.776040
205.572146 -238.011487
206.216751 -237.246935

[right] sid=167, seg=0, num=17
193.672013 -257.000805
194.303790 -256.225617
194.935566 -255.450429
195.576875 -254.683178
196.224767 -253.921409
196.872660 -253.159639
197.520552 -252.397870
198.168445 -251.636100
198.816337 -250.874331
199.466380 -250.114399
200.117704 -249.355561
200.769028 -248.596723
201.420351 -247.837885
202.071898 -247.079240
202.723592 -246.320720
203.375286 -245.562200
204.026980 -244.803681

[right] sid=167, seg=1, num=8
204.124990 -244.689605
204.776684 -243.931085
205.428884 -243.173001
206.081880 -242.415602
206.734876 -241.658202
207.387872 -240.900803
208.040868 -240.143404
208.693864 -239.386005

[center] sid=168, seg=0, num=15
491.171763 -72.540946
490.524608 -73.303341
489.877454 -74.065735
489.230297 -74.828128
488.582735 -75.590176
487.935173 -76.352225
487.287611 -77.114274
486.640048 -77.876322
485.992486 -78.638371
485.344924 -79.400419
484.697362 -80.162468
484.049800 -80.924516
483.402238 -81.686565
482.754676 -82.448613
482.107114 -83.210662

[left] sid=168, seg=0, num=15
492.221872 -73.426788
491.572524 -74.187315
490.923176 -74.947843
490.273828 -75.708370
489.624480 -76.468897
488.975132 -77.229424
488.326678 -77.990713
487.679815 -78.753354
487.032951 -79.515996
486.386088 -80.278638
485.739225 -81.041280
485.092538 -81.804071
484.448035 -82.568709
483.803532 -83.333346
483.159029 -84.097984

[right] sid=168, seg=0, num=7
490.151258 -71.620029
489.506301 -72.384284
488.861344 -73.148539
488.216387 -73.912793
487.571430 -74.677048
486.926472 -75.441302
486.282754 -76.206581

[center] sid=169, seg=0, num=15
491.171763 -72.540946
490.825714 -73.479193
490.479665 -74.417439
490.133615 -75.355686
489.787565 -76.293932
489.441515 -77.232179
489.095466 -78.170425
488.579989 -79.023648
488.034572 -79.861846
487.489155 -80.700045
486.943739 -81.538243
486.374830 -82.359161
485.737077 -83.129438
485.099324 -83.899714
484.461637 -84.670045

[left] sid=169, seg=0, num=11
492.221872 -73.426789
491.785925 -74.326792
491.349977 -75.226795
490.914029 -76.126799
490.478081 -77.026802
490.041441 -77.926469
489.603131 -78.825325
489.164822 -79.724180
488.726512 -80.623035
488.288201 -81.521891
487.849891 -82.420746

[left] sid=169, seg=1, num=5
487.554803 -83.025891
486.924337 -83.802143
486.293871 -84.578395
485.663405 -85.354647
485.021781 -86.121646

[right] sid=169, seg=0, num=15
492.221872 -73.426788
491.572524 -74.187315
490.923176 -74.947843
490.273828 -75.708370
489.624480 -76.468897
488.975132 -77.229424
488.326678 -77.990713
487.679815 -78.753354
487.032951 -79.515996
486.386088 -80.278638
485.739225 -81.041280
485.092538 -81.804071
484.448035 -82.568709
483.803532 -83.333346
483.159029 -84.097984

[center] sid=170, seg=0, num=26
481.855861 -83.506336
481.208055 -84.268178
480.560250 -85.030020
479.912444 -85.791861
479.266295 -86.555107
478.620584 -87.318725
477.974831 -88.082308
477.329056 -88.845871
476.683281 -89.609435
476.034013 -90.370023
475.382897 -91.129038
474.731781 -91.888052
474.082542 -92.648670
473.434303 -93.410143
472.786063 -94.171615
472.137082 -94.932455
471.490787 -95.695570
470.846961 -96.460778
470.203135 -97.225986
469.559998 -97.991773
468.917397 -98.758009
468.274796 -99.524246
467.633834 -100.291853
466.994092 -101.060478
466.354349 -101.829103
465.714614 -102.597734

[left] sid=170, seg=0, num=26
482.903407 -84.401254
482.257774 -85.164937
481.611821 -85.928350
480.965868 -86.691763
480.319915 -87.455176
479.673962 -88.218590
479.026863 -88.981031
478.379189 -89.742984
477.731515 -90.504938
477.076782 -91.260805
476.418482 -92.013597
475.760182 -92.766388
475.107335 -93.523897
474.457264 -94.283807
473.807194 -95.043717
473.157124 -95.803628
472.512286 -96.567958
471.871643 -97.335832
471.231000 -98.103707
470.590356 -98.871581
469.949713 -99.639456
469.309070 -100.407330
468.671434 -101.177697
468.035950 -101.949847
467.400466 -102.721996
466.764982 -103.494146

[right] sid=170, seg=0, num=20
480.818218 -82.599830
480.168464 -83.360011
479.518711 -84.120192
478.868957 -84.880373
478.220343 -85.641521
477.576471 -86.406690
476.932599 -87.171859
476.288727 -87.937028
475.644855 -88.702197
475.000983 -89.467366
474.357112 -90.232535
473.713240 -90.997704
473.069368 -91.762874
472.424471 -92.527175
471.775814 -93.288291
471.127156 -94.049408
470.478899 -94.810865
469.832111 -95.573570
469.185322 -96.336275
468.538534 -97.098981

[right] sid=170, seg=1, num=7
468.499322 -97.145220
467.855341 -97.910297
467.211360 -98.675374
466.567378 -99.440452
465.923397 -100.205529
465.279416 -100.970606
464.635435 -101.735683

[center] sid=171, seg=0, num=26
479.698137 -81.670137
479.052831 -82.434098
478.407543 -83.198073
477.762255 -83.962049
477.117043 -84.726088
476.472138 -85.490386
475.827233 -86.254684
475.182302 -87.018962
474.537284 -87.783165
473.892266 -88.547368
473.247372 -89.311676
472.602898 -90.076338
471.958424 -90.841000
471.313246 -91.605066
470.665659 -92.367094
470.018072 -93.129121
469.370643 -93.891283
468.723741 -94.653892
468.076839 -95.416501
467.429938 -96.179111
466.784376 -96.942855
466.138877 -97.706652
465.493378 -98.470449
464.848841 -99.235058
464.204333 -99.999691
463.559824 -100.764324

[left] sid=171, seg=0, num=20
480.818218 -82.599830
480.168464 -83.360011
479.518711 -84.120192
478.868957 -84.880373
478.220343 -85.641521
477.576471 -86.406690
476.932599 -87.171859
476.288727 -87.937028
475.644855 -88.702197
475.000983 -89.467366
474.357112 -90.232535
473.713240 -90.997704
473.069368 -91.762874
472.424471 -92.527175
471.775814 -93.288291
471.127156 -94.049408
470.478899 -94.810865
469.832111 -95.573570
469.185322 -96.336275
468.538534 -97.098981

[left] sid=171, seg=1, num=7
468.499322 -97.145220
467.855341 -97.910297
467.211360 -98.675374
466.567378 -99.440452
465.923397 -100.205529
465.279416 -100.970606
464.635435 -101.735683

[right] sid=171, seg=0, num=26
478.578055 -80.740445
477.937256 -81.508189
477.296456 -82.275933
476.655656 -83.043676
476.014856 -83.811420
475.371962 -84.577398
474.723698 -85.338850
474.075434 -86.100302
473.427883 -86.862357
472.782808 -87.626512
472.137732 -88.390667
471.492657 -89.154822
470.847582 -89.918977
470.202507 -90.683132
469.556534 -91.446527
468.909519 -92.209041
468.262504 -92.971554
467.615489 -93.734067
466.968474 -94.496581
466.321459 -95.259094
465.674444 -96.021608
465.027430 -96.784121
464.380415 -97.546634
463.735214 -98.310683
463.090251 -99.074933
462.445288 -99.839182

[center] sid=172, seg=0, num=26
483.935716 -85.293192
483.289701 -86.056553
482.643687 -86.819914
481.997644 -87.583251
481.351592 -88.346581
480.705541 -89.109910
480.058904 -89.872745
479.410783 -90.634318
478.762641 -91.395873
478.114447 -92.157384
477.462987 -92.916103
476.811526 -93.674821
476.160125 -94.433591
475.511842 -95.195026
474.863559 -95.956461
474.215401 -96.718003
473.571113 -97.482822
472.926826 -98.247641
472.282540 -99.012462
471.638967 -99.777882
470.995394 -100.543303
470.351822 -101.308725
469.709964 -102.075584
469.071833 -102.845545
468.434234 -103.615950
467.796635 -104.386354

[left] sid=172, seg=0, num=26
484.968026 -86.185131
484.321804 -86.948316
483.675582 -87.711501
483.029417 -88.474735
482.383267 -89.237981
481.737117 -90.001227
481.090967 -90.764474
480.444656 -91.527584
479.798344 -92.290693
479.152032 -93.053802
478.505720 -93.816912
477.859408 -94.580021
477.213092 -95.343126
476.566599 -96.106082
475.920107 -96.869038
475.273614 -97.631994
474.627121 -98.394951
473.980629 -99.157907
473.334136 -99.920863
472.687644 -100.683819
472.041151 -101.446776
471.394659 -102.209732
470.748166 -102.972688
470.107834 -103.740818
469.468126 -104.509471
468.828417 -105.278125

[right] sid=172, seg=0, num=26
482.903407 -84.401254
482.257774 -85.164937
481.611821 -85.928350
480.965868 -86.691763
480.319915 -87.455176
479.673962 -88.218590
479.026863 -88.981031
478.379189 -89.742984
477.731515 -90.504938
477.076782 -91.260805
476.418482 -92.013597
475.760182 -92.766388
475.107335 -93.523897
474.457264 -94.283807
473.807194 -95.043717
473.157124 -95.803628
472.512286 -96.567958
471.871643 -97.335832
471.231000 -98.103707
470.590356 -98.871581
469.949713 -99.639456
469.309070 -100.407330
468.671434 -101.177697
468.035950 -101.949847
467.400466 -102.721996
466.764982 -103.494146

[center] sid=173, seg=0, num=21
438.102917 -134.952373
437.454558 -135.713744
436.806199 -136.475115
436.157840 -137.236486
435.511459 -137.999536
434.865441 -138.762894
434.219423 -139.526252
433.573405 -140.289610
432.927380 -141.052963
432.281235 -141.816213
431.635089 -142.579464
430.988944 -143.342715
430.342799 -144.105965
429.696654 -144.869216
429.050578 -145.632526
428.405464 -146.396648
427.760351 -147.160771
427.115276 -147.924927
426.471501 -148.690177
425.828100 -149.455743
425.184699 -150.221309

[left] sid=173, seg=0, num=22
439.645835 -135.332130
438.995981 -136.092225
438.346126 -136.852319
437.696271 -137.612414
437.046995 -138.373000
436.401349 -139.136674
435.755704 -139.900347
435.110059 -140.664021
434.464413 -141.427694
433.818680 -142.191294
433.172781 -142.954752
432.526881 -143.718211
431.880982 -144.481670
431.235082 -145.245128
430.589183 -146.008587
429.943395 -146.772140
429.297806 -147.535861
428.652217 -148.299582
428.006626 -149.063302
427.363441 -149.829048
426.720280 -150.594816
426.077119 -151.360583

[right] sid=173, seg=0, num=20
436.569980 -134.562807
435.923589 -135.325850
435.277199 -136.088892
434.630808 -136.851935
433.984417 -137.614977
433.338026 -138.378020
432.691635 -139.141063
432.045244 -139.904105
431.398853 -140.667148
430.752462 -141.430190
430.106071 -142.193233
429.459680 -142.956275
428.813289 -143.719318
428.166898 -144.482361
427.520508 -145.245404
426.875971 -146.010011
426.232331 -146.775376
425.588691 -147.540740
424.945050 -148.306104
424.301410 -149.071468

[center] sid=174, seg=0, num=19
435.072855 -134.222598
434.423831 -134.983403
433.774808 -135.744207
433.125785 -136.505012
432.476762 -137.265817
431.827739 -138.026622
431.181807 -138.790050
430.537078 -139.554497
429.892349 -140.318944
429.247185 -141.083025
428.601865 -141.846973
427.956544 -142.610920
427.311223 -143.374868
426.665902 -144.138816
426.021102 -144.903203
425.377157 -145.668311
424.733212 -146.433419
424.088138 -147.197572
423.441195 -147.960147

[left] sid=174, seg=0, num=20
436.569980 -134.562807
435.923589 -135.325850
435.277199 -136.088892
434.630808 -136.851935
433.984417 -137.614977
433.338026 -138.378020
432.691635 -139.141063
432.045244 -139.904105
431.398853 -140.667148
430.752462 -141.430190
430.106071 -142.193233
429.459680 -142.956275
428.813289 -143.719318
428.166898 -144.482361
427.520508 -145.245404
426.875971 -146.010011
426.232331 -146.775376
425.588691 -147.540740
424.945050 -148.306104
424.301410 -149.071468

[right] sid=174, seg=0, num=19
433.559776 -133.805522
432.917578 -134.572097
432.275380 -135.338672
431.633182 -136.105247
430.990984 -136.871822
430.348786 -137.638397
429.706588 -138.404972
429.063073 -139.170440
428.418823 -139.935292
427.774574 -140.700143
427.130325 -141.464995
426.486075 -142.229846
425.841826 -142.994698
425.197577 -143.759550
424.553327 -144.524402
423.909078 -145.289253
423.264829 -146.054105
422.620580 -146.818957
421.966350 -147.575222

[center] sid=175, seg=0, num=9
422.846505 -148.661128
422.182955 -149.409297
421.519405 -150.157465
420.841476 -150.892463
420.131044 -151.592721
419.308080 -152.157887
418.379193 -152.523291
417.408265 -152.748008
416.413156 -152.823935

[left] sid=175, seg=0, num=7
421.172614 -152.789210
420.400408 -153.424624
419.563490 -153.969535
418.665275 -154.402973
417.715121 -154.712806
416.736882 -154.919210
415.740090 -154.961950

[left] sid=175, seg=1, num=5
423.881574 -149.570703
423.237934 -150.336067
422.594293 -151.101431
421.950561 -151.866718
421.305868 -152.631196

[right] sid=175, seg=0, num=6
421.796172 -147.768930
421.136149 -148.520212
420.474840 -149.270303
419.734890 -149.939875
418.892826 -150.478566
417.924714 -150.675539

[center] sid=176, seg=0, num=79
391.672229 -198.643891
392.318639 -197.880865
392.965050 -197.117839
393.611461 -196.354813
394.257872 -195.591787
394.904283 -194.828761
395.545563 -194.061432
396.184516 -193.292150
396.823469 -192.522868
397.462424 -191.753587
398.103563 -190.986127
398.744810 -190.218756
399.386056 -189.451385
400.027938 -188.684545
400.669842 -187.917724
401.311684 -187.150850
401.953480 -186.383939
402.595277 -185.617028
403.238839 -184.851600
403.883636 -184.087210
404.528433 -183.322820
405.175060 -182.559979
405.822892 -181.798160
406.470724 -181.036340
407.116819 -180.273050
407.761702 -179.508732
408.406585 -178.744414
409.051034 -177.979731
409.695146 -177.214763
410.339243 -176.449783
410.983340 -175.684803
411.627437 -174.919824
412.271535 -174.154844
412.915632 -173.389864
413.559814 -172.624956
414.204027 -171.860073
414.848240 -171.095191
415.489998 -170.328250
416.130919 -169.560607
416.771841 -168.792965
417.415004 -168.027201
418.058940 -167.262086
418.702877 -166.496971
419.347383 -165.732335
419.992062 -164.967846
420.636742 -164.203357
421.282082 -163.439426
421.927617 -162.675658
422.573151 -161.911891
423.218920 -161.148322
423.864754 -160.384808
424.510588 -159.621294
425.156791 -158.858092
425.803012 -158.094905
426.449232 -157.331718
427.095484 -156.568558
427.741736 -155.805398
428.387989 -155.042239
429.037645 -154.281974
429.687468 -153.521853
430.337292 -152.761731
430.987564 -152.001994
431.637851 -151.242269
432.288138 -150.482544
432.938847 -149.723181
433.589570 -148.963828
434.240292 -148.204476
434.891018 -147.445128
435.541052 -146.685187
436.191087 -145.925246
436.841131 -145.165313
437.491186 -144.405390
438.133028 -143.638545
438.771790 -142.869105
439.410553 -142.099665
440.049315 -141.330225
440.688076 -140.560784
441.326839 -139.791345
441.965601 -139.021905

[left] sid=176, seg=0, num=72
390.563398 -197.717829
391.236748 -196.978468
391.910098 -196.239107
392.560798 -195.480011
393.200965 -194.711739
393.841132 -193.943467
394.481298 -193.175195
395.121464 -192.406922
395.761630 -191.638649
396.401797 -190.870377
397.045262 -190.104866
397.688877 -189.339480
398.332491 -188.574093
398.976106 -187.808708
399.619722 -187.043323
400.262871 -186.277546
400.905673 -185.511477
401.548475 -184.745408
402.191277 -183.979340
402.834079 -183.213271
403.476880 -182.447202
404.120273 -181.681630
404.764094 -180.916417
405.407915 -180.151205
406.051780 -179.386030
406.695677 -178.620881
407.339574 -177.855733
407.983471 -177.090584
408.627384 -176.325449
409.271303 -175.560320
409.915223 -174.795190
410.559142 -174.030061
411.203062 -173.264931
411.846981 -172.499802
412.491069 -171.734814
413.135220 -170.969879
413.779371 -170.204945
414.423522 -169.440010
415.067673 -168.675076
415.711824 -167.910141
416.356488 -167.145639
417.001325 -166.381283
417.646162 -165.616926
418.290999 -164.852570
418.935836 -164.088214
419.580673 -163.323857
420.226021 -162.559933
420.871528 -161.796142
421.517035 -161.032351
422.162541 -160.268560
422.808048 -159.504770
423.453555 -158.740979
424.099253 -157.977350
424.744962 -157.213730
425.390671 -156.450110
426.036381 -155.686491
426.682090 -154.922872
427.327800 -154.159253
427.979583 -153.400813
428.631752 -152.642703
429.283921 -151.884593
429.936090 -151.126484
430.588260 -150.368374
431.240430 -149.610265
431.892600 -148.852156
432.544771 -148.094048
433.196942 -147.335939
433.847996 -146.576874
434.497582 -145.816550
435.147168 -145.056225
435.796754 -144.295901
436.446340 -143.535576

[left] sid=176, seg=1, num=7
436.688062 -143.252647
437.336084 -142.490991
437.983609 -141.728910
438.631133 -140.966829
439.278657 -140.204748
439.926182 -139.442667
440.573706 -138.680586

[right] sid=176, seg=0, num=80
393.689205 -200.176034
393.690468 -199.176006
393.948393 -198.239173
394.530026 -197.432221
395.173361 -196.666601
395.816697 -195.900980
396.456732 -195.132607
397.094471 -194.362318
397.732209 -193.592028
398.369948 -192.821739
399.007686 -192.051450
399.645662 -191.281358
400.285852 -190.513106
400.926042 -189.744853
401.566233 -188.976601
402.206422 -188.208348
402.846612 -187.440095
403.487798 -186.672673
404.129201 -185.905433
404.770604 -185.138192
405.421155 -184.378714
406.073716 -183.620942
406.726278 -182.863170
407.378840 -182.105397
408.026659 -181.343577
408.672526 -180.580092
409.318394 -179.816606
409.963793 -179.052725
410.608068 -178.287895
411.252343 -177.523065
411.896619 -176.758235
412.540893 -175.993404
413.185168 -175.228574
413.829443 -174.463744
414.473718 -173.698914
415.117993 -172.934084
415.762268 -172.169254
416.403840 -171.402167
417.041280 -170.631631
417.678721 -169.861095
418.318442 -169.092461
418.961672 -168.326753
419.604903 -167.561044
420.248134 -166.795336
420.891827 -166.030017
421.537388 -165.266272
422.182950 -164.502527
422.828511 -163.738782
423.474072 -162.975037
424.119633 -162.211293
424.765458 -161.447771
425.412146 -160.684980
426.058833 -159.922189
426.705521 -159.159398
427.352312 -158.396694
427.999107 -157.633995
428.645903 -156.871295
429.292698 -156.108595
429.939494 -155.345895
430.586289 -154.583196
431.234677 -153.821849
431.883075 -153.060512
432.531474 -152.299175
433.179873 -151.537838
433.828272 -150.776501
434.476727 -150.015212
435.127176 -149.255626
435.777626 -148.496040
436.428075 -147.736454
437.078566 -146.976903
437.729091 -146.217382
438.379616 -145.457861
439.030142 -144.698341
439.680664 -143.938817
440.331183 -143.179291
440.981701 -142.419764
441.632220 -141.660238
442.282739 -140.900711
442.933257 -140.141185
443.583776 -139.381658

[center] sid=177, seg=0, num=78
391.672229 -198.643894
391.975326 -197.690904
392.278424 -196.737914
392.581521 -195.784924
392.884619 -194.831934
393.200772 -193.885337
393.767687 -193.061527
394.334603 -192.237717
394.901518 -191.413907
395.468434 -190.590096
396.035349 -189.766286
396.625980 -188.959340
397.218015 -188.153394
397.845212 -187.374864
398.482531 -186.604228
399.119850 -185.833592
399.757207 -185.062988
400.398971 -184.296049
401.040735 -183.529111
401.682500 -182.762173
402.310674 -181.984069
402.941544 -181.208182
403.583770 -180.441630
404.225996 -179.675078
404.868231 -178.908535
405.510500 -178.142019
406.152768 -177.375503
406.795038 -176.608988
407.437315 -175.842479
408.079591 -175.075970
408.722262 -174.309791
409.366293 -173.544756
410.010325 -172.779721
410.654361 -172.014689
411.298511 -171.249754
411.943294 -170.485352
412.588077 -169.720950
413.233634 -168.957207
413.884198 -168.197718
414.534761 -167.438230
415.185372 -166.678782
415.836251 -165.919564
416.487130 -165.160346
417.137216 -164.400458
417.778459 -163.633084
418.419703 -162.865710
419.060973 -162.098359
419.702523 -161.331241
420.344072 -160.564124
420.985623 -159.797007
421.627187 -159.029901
422.268751 -158.262796
422.910856 -157.496145
423.556417 -156.732401
424.201979 -155.968656
424.847598 -155.204960
425.493578 -154.441569
426.139557 -153.678179
426.785948 -152.915137
427.434746 -152.154140
428.083544 -151.393143
428.732518 -150.632296
429.382519 -149.872327
430.032521 -149.112358
430.682522 -148.352388
431.332523 -147.592419
431.982524 -146.832449
432.632526 -146.072480
433.282528 -145.312511
433.932373 -144.552408
434.581830 -143.791974
435.231286 -143.031539
435.880113 -142.270566
436.528846 -141.509514
437.177579 -140.748461
437.826039 -139.987177
438.474466 -139.225864
439.122893 -138.464551

[left] sid=177, seg=0, num=13
390.563395 -197.717832
391.042786 -196.840198
391.522177 -195.962564
392.007858 -195.088407
392.489122 -194.211800
392.970074 -193.335021
393.451026 -192.458242
393.931979 -191.581463
394.412933 -190.704684
394.893886 -189.827905
395.383185 -188.956074
395.921537 -188.113320
396.459890 -187.270567

[left] sid=177, seg=1, num=66
396.479048 -187.240576
397.110283 -186.464948
397.741517 -185.689320
398.372752 -184.913693
399.006196 -184.139886
399.646920 -183.372078
400.287644 -182.604271
400.922708 -181.831910
401.535406 -181.041557
402.160201 -180.260935
402.800839 -179.493055
403.441476 -178.725176
404.082114 -177.957297
404.722752 -177.189417
405.363390 -176.421538
406.004028 -175.653659
406.644666 -174.885779
407.285304 -174.117900
407.927505 -173.351332
408.571649 -172.586391
409.215792 -171.821450
409.859936 -171.056509
410.504531 -170.291949
411.149945 -169.528080
411.795360 -168.764211
412.444850 -168.003839
413.101729 -167.249806
413.758607 -166.495773
414.415486 -165.741740
415.072365 -164.987707
415.729243 -164.233674
416.380295 -163.474693
417.017869 -162.704269
417.655444 -161.933844
418.293019 -161.163420
418.930594 -160.392996
419.568169 -159.622571
420.205744 -158.852147
420.843318 -158.081722
421.480893 -157.311298
422.121248 -156.543198
422.766662 -155.779329
423.412076 -155.015460
424.057490 -154.251591
424.702905 -153.487722
425.348319 -152.723854
425.993734 -151.959985
426.639149 -151.196117
427.284563 -150.432248
427.930834 -149.669105
428.578661 -148.907281
429.226488 -148.145458
429.874315 -147.383634
430.522143 -146.621811
431.170709 -145.860617
431.820037 -145.100072
432.469364 -144.339527
433.118691 -143.578981
433.768019 -142.818436
434.417347 -142.057891
435.066674 -141.297346
435.716002 -140.536801
436.365329 -139.776256
437.014657 -139.015711
437.663985 -138.255166
438.313312 -137.494620

[right] sid=177, seg=0, num=72
390.563398 -197.717829
391.236748 -196.978468
391.910098 -196.239107
392.560798 -195.480011
393.200965 -194.711739
393.841132 -193.943467
394.481298 -193.175195
395.121464 -192.406922
395.761630 -191.638649
396.401797 -190.870377
397.045262 -190.104866
397.688877 -189.339480
398.332491 -188.574093
398.976106 -187.808708
399.619722 -187.043323
400.262871 -186.277546
400.905673 -185.511477
401.548475 -184.745408
402.191277 -183.979340
402.834079 -183.213271
403.476880 -182.447202
404.120273 -181.681630
404.764094 -180.916417
405.407915 -180.151205
406.051780 -179.386030
406.695677 -178.620881
407.339574 -177.855733
407.983471 -177.090584
408.627384 -176.325449
409.271303 -175.560320
409.915223 -174.795190
410.559142 -174.030061
411.203062 -173.264931
411.846981 -172.499802
412.491069 -171.734814
413.135220 -170.969879
413.779371 -170.204945
414.423522 -169.440010
415.067673 -168.675076
415.711824 -167.910141
416.356488 -167.145639
417.001325 -166.381283
417.646162 -165.616926
418.290999 -164.852570
418.935836 -164.088214
419.580673 -163.323857
420.226021 -162.559933
420.871528 -161.796142
421.517035 -161.032351
422.162541 -160.268560
422.808048 -159.504770
423.453555 -158.740979
424.099253 -157.977350
424.744962 -157.213730
425.390671 -156.450110
426.036381 -155.686491
426.682090 -154.922872
427.327800 -154.159253
427.979583 -153.400813
428.631752 -152.642703
429.283921 -151.884593
429.936090 -151.126484
430.588260 -150.368374
431.240430 -149.610265
431.892600 -148.852156
432.544771 -148.094048
433.196942 -147.335939
433.847996 -146.576874
434.497582 -145.816550
435.147168 -145.056225
435.796754 -144.295901
436.446340 -143.535576

[right] sid=177, seg=1, num=7
436.688062 -143.252647
437.336084 -142.490991
437.983609 -141.728910
438.631133 -140.966829
439.278657 -140.204748
439.926182 -139.442667
440.573706 -138.680586

[center] sid=178, seg=0, num=63
467.792769 -109.103388
468.443304 -108.343876
469.093840 -107.584364
469.744375 -106.824852
470.394910 -106.065340
471.045446 -105.305828
471.695981 -104.546316
472.342558 -103.783433
472.988763 -103.020233
473.634968 -102.257033
474.283144 -101.495507
474.931498 -100.734132
475.579852 -99.972757
476.228174 -99.211354
476.876492 -98.449949
477.524811 -97.688544
478.173166 -96.927170
478.821525 -96.165799
479.469884 -95.404428
480.119253 -94.643919
480.768716 -93.883490
481.418179 -93.123061
482.067638 -92.362629
482.717097 -91.602196
483.366556 -90.841763
484.015740 -90.081096
484.664900 -89.320408
485.314060 -88.559720
485.962383 -87.798319
486.610626 -87.036850
487.258869 -86.275380
487.908226 -85.514861
488.557691 -84.754433
489.207156 -83.994006
489.856611 -83.233569
490.506064 -82.473133
491.155518 -81.712696
491.804993 -80.952277
492.454470 -80.191859
493.103946 -79.431442
493.753420 -78.671021
494.402893 -77.910601
495.052366 -77.150181
495.701828 -76.389750
496.351288 -75.629319
497.000748 -74.868888
497.650215 -74.108462
498.299683 -73.348037
498.949150 -72.587612
499.598612 -71.827182
500.248074 -71.066751
500.897535 -70.306321
501.546995 -69.545889
502.196455 -68.785457
502.845914 -68.025025
503.495375 -67.264594
504.144835 -66.504163
504.794296 -65.743732
505.443756 -64.983300
506.093215 -64.222868
506.742675 -63.462436
507.392123 -62.701995
508.041571 -61.941552

[left] sid=178, seg=0, num=33
466.792146 -108.305489
467.458871 -107.560149
468.125597 -106.814809
468.792323 -106.069469
469.440940 -105.308373
470.086915 -104.544979
470.732889 -103.781584
471.378865 -103.018190
472.024841 -102.254797
472.670817 -101.491403
473.316792 -100.728008
473.962767 -99.964614
474.608742 -99.201220
475.254717 -98.437825
475.900693 -97.674431
476.546668 -96.911037
477.192644 -96.147643
477.838619 -95.384249
478.484595 -94.620855
479.130570 -93.857461
479.776545 -93.094067
480.422520 -92.330672
481.068496 -91.567278
481.714471 -90.803884
482.360446 -90.040490
483.006421 -89.277096
483.652397 -88.513701
484.298372 -87.750307
484.944348 -86.986913
485.590323 -86.223519
486.236299 -85.460125
486.884054 -84.698241
487.532084 -83.936591

[left] sid=178, seg=1, num=30
487.918653 -83.482246
488.566684 -82.720596
489.214715 -81.958946
489.862948 -81.197469
490.512592 -80.437194
491.162236 -79.676920
491.811880 -78.916645
492.461524 -78.156370
493.111167 -77.396096
493.760811 -76.635821
494.410455 -75.875547
495.060099 -75.115272
495.709743 -74.354998
496.359387 -73.594723
497.009031 -72.834448
497.658306 -72.073859
498.307567 -71.313258
498.956828 -70.552656
499.606089 -69.792055
500.255351 -69.031453
500.904612 -68.270852
501.553873 -67.510251
502.203134 -66.749649
502.852395 -65.989047
503.501655 -65.228445
504.150916 -64.467843
504.800176 -63.707241
505.449437 -62.946640
506.098699 -62.186039
506.747960 -61.425438

[right] sid=178, seg=0, num=37
468.793394 -109.901289
469.435653 -109.134765
470.077912 -108.368242
470.720172 -107.601719
471.362431 -106.835196
472.004690 -106.068672
472.646949 -105.302149
473.296795 -104.542055
473.947513 -103.782699
474.598231 -103.023343
475.248949 -102.263987
475.899666 -101.504632
476.550384 -100.745276
477.201102 -99.985920
477.851820 -99.226565
478.502537 -98.467209
479.153255 -97.707853
479.803973 -96.948497
480.454691 -96.189142
481.105408 -95.429786
481.757365 -94.671496
482.411038 -93.914682
483.064710 -93.157869
483.718382 -92.401055
484.372055 -91.644241
485.025727 -90.887427
485.678659 -90.129976
486.329149 -89.370426
486.979640 -88.610876
487.630130 -87.851325
488.280621 -87.091775
488.931111 -86.332225
489.581602 -85.572674
490.256707 -84.835351
490.946166 -84.110989
491.769441 -83.546127
492.655659 -83.086480

[right] sid=178, seg=1, num=15
495.499286 -80.343595
495.080070 -79.475491
495.539463 -78.622568
496.190881 -77.863825
496.847400 -77.109479
497.503919 -76.355134
498.151418 -75.593061
498.796029 -74.828515
499.440641 -74.063969
500.092531 -73.305638
500.746602 -72.549168
501.400672 -71.792699
502.054743 -71.036229
502.708813 -70.279760
503.362884 -69.523290

[center] sid=179, seg=0, num=43
595.453505 -101.768741
595.004806 -102.662455
594.556108 -103.556169
594.067168 -104.426542
593.514200 -105.259778
592.960122 -106.092190
592.323668 -106.863540
591.687213 -107.634889
591.050759 -108.406238
590.414305 -109.177588
589.770326 -109.942654
589.124840 -110.706461
588.479355 -111.470269
587.830880 -112.231535
587.180745 -112.991389
586.530609 -113.751242
585.881575 -114.512037
585.233158 -115.273357
584.584741 -116.034678
583.936172 -116.795869
583.287524 -117.556993
582.638876 -118.318117
581.990228 -119.079241
581.341581 -119.840365
580.692933 -120.601489
580.044285 -121.362613
579.395637 -122.123737
578.746989 -122.884861
578.098341 -123.645985
577.449693 -124.407109
576.801046 -125.168233
576.152398 -125.929357
575.503750 -126.690481
574.855102 -127.451605
574.206453 -128.212729
573.557806 -128.973853
572.909158 -129.734977
572.260510 -130.496101
571.611862 -131.257225
570.963214 -132.018349
570.314567 -132.779474
569.665919 -133.540598
569.017271 -134.301722

[left] sid=179, seg=0, num=4
596.760767 -102.812957
596.319937 -103.710579
595.812824 -104.572467
595.294397 -105.427621

[left] sid=179, seg=1, num=33
591.285773 -110.279951
590.635972 -111.040091
589.986171 -111.800230
589.336370 -112.560370
588.684767 -113.318965
588.033000 -114.077420
587.381234 -114.835876
586.733113 -115.597447
586.085330 -116.359307
585.437547 -117.121167
584.789764 -117.883027
584.141980 -118.644887
583.495785 -119.408091
582.851288 -120.172734
582.206792 -120.937377
581.562296 -121.702019
580.914037 -122.463472
580.265139 -123.224383
579.616241 -123.985294
578.967343 -124.746205
578.318446 -125.507116
577.669548 -126.268027
577.020650 -127.028938
576.371752 -127.789849
575.722855 -128.550760
575.073957 -129.311671
574.425059 -130.072582
573.776162 -130.833493
573.131260 -131.597791
572.487071 -132.362692
571.842882 -133.127594
571.198692 -133.892495
570.554503 -134.657397

[right] sid=179, seg=0, num=4
594.000683 -100.608258
593.729832 -101.570693
593.409980 -102.518003
593.018743 -103.438088

[right] sid=179, seg=1, num=15
589.281542 -108.445103
588.631669 -109.205182
587.981796 -109.965260
587.332077 -110.725470
586.683576 -111.486719
586.035074 -112.247967
585.386573 -113.009216
584.738072 -113.770465
584.089570 -114.531714
583.440028 -115.292071
582.787744 -116.050082
582.135461 -116.808093
581.487754 -117.569982
580.734700 -118.225732
579.888487 -118.756007

[center] sid=180, seg=0, num=32
569.014101 -134.305443
568.375035 -135.074630
567.735968 -135.843816
567.096902 -136.613003
566.452144 -137.377424
565.807189 -138.141680
565.162233 -138.905935
564.517673 -139.670524
563.873126 -140.435124
563.228580 -141.199725
562.583205 -141.963626
561.937811 -142.727512
561.292684 -143.491622
560.648480 -144.256511
560.004276 -145.021400
559.360501 -145.786650
558.718272 -146.553198
558.076043 -147.319746
557.433828 -148.086306
556.791660 -148.852905
556.149507 -149.619516
555.508729 -150.387278
554.867951 -151.155039
554.227194 -151.922818
553.588367 -152.692204
552.949540 -153.461590
552.310543 -154.230833
551.664118 -154.993846
551.017692 -155.756859
550.371260 -156.519866
549.724642 -157.282715
549.078024 -158.045564

[left] sid=180, seg=0, num=23
570.070877 -135.231648
569.422492 -135.992996
568.774107 -136.754344
568.125722 -137.515692
567.477337 -138.277041
566.828952 -139.038389
566.180567 -139.799737
565.533703 -140.562377
564.886840 -141.325019
564.239977 -142.087660
563.593114 -142.850302
562.946250 -143.612943
562.299739 -144.375883
561.654270 -145.139705
561.008801 -145.903527
560.363805 -146.667747
559.720217 -147.433155
559.076630 -148.198563
558.433043 -148.963971
557.789455 -149.729378
557.145934 -150.494842
556.503745 -151.261423
555.861555 -152.028005

[left] sid=180, seg=1, num=9
555.249024 -152.759183
554.611192 -153.529394
553.973359 -154.299604
553.335527 -155.069814
552.691361 -155.834735
552.047186 -156.599649
551.403012 -157.364563
550.758837 -158.129477
550.114662 -158.894391

[right] sid=180, seg=0, num=26
567.992278 -133.407351
567.351129 -134.174803
566.709980 -134.942254
566.068831 -135.709706
565.427681 -136.477157
564.786226 -137.244353
564.144348 -138.011195
563.502470 -138.778037
562.860592 -139.544879
562.217803 -140.310957
561.573882 -141.076084
560.929961 -141.841211
560.286040 -142.606338
559.642118 -143.371465
558.998655 -144.136976
558.357787 -144.904662
557.716918 -145.672348
557.076049 -146.440034
556.435180 -147.207719
555.794312 -147.975405
555.153666 -148.743276
554.514306 -149.512220
553.874947 -150.281163
553.235587 -151.050106
552.595758 -151.818659
551.955930 -152.587211

[center] sid=181, seg=0, num=32
569.014101 -134.305443
568.725984 -135.263067
568.437867 -136.220692
568.149750 -137.178316
567.861633 -138.135941
567.573517 -139.093565
567.285400 -140.051190
566.857427 -140.948355
566.357220 -141.814293
565.740003 -142.598750
565.101351 -143.368281
564.462699 -144.137812
563.821000 -144.904792
563.176084 -145.669081
562.531168 -146.433370
561.885793 -147.197271
561.239600 -147.960481
560.593407 -148.723690
559.947291 -149.486965
559.301311 -150.250354
558.655330 -151.013743
558.010637 -151.778219
557.367111 -152.543678
556.723586 -153.309138
556.080967 -154.075358
555.439808 -154.842801
554.798648 -155.610244
554.156277 -156.376670
553.512044 -157.141536
552.867812 -157.906401
552.223303 -158.671033
551.578366 -159.435304

[left] sid=181, seg=0, num=9
570.070877 -135.231649
569.748281 -136.178215
569.425685 -137.124782
569.103088 -138.071348
568.780492 -139.017914
568.457897 -139.964481
568.134385 -140.910732
567.806441 -141.855459
567.478497 -142.800186

[left] sid=181, seg=1, num=24
567.435960 -142.922726
566.794896 -143.690248
566.153832 -144.457771
565.512768 -145.225294
564.869837 -145.991251
564.225840 -146.756315
563.581844 -147.521378
562.935606 -148.284544
562.287238 -149.045907
561.638870 -149.807270
560.990503 -150.568633
560.342135 -151.329996
559.693767 -152.091358
559.047704 -152.854675
558.402719 -153.618906
557.757735 -154.383137
557.113133 -155.147690
556.468843 -155.912507
555.824553 -156.677324
555.180263 -157.442141
554.535973 -158.206958
553.891684 -158.971774
553.247394 -159.736591
552.603104 -160.501408

[right] sid=181, seg=0, num=23
570.070877 -135.231648
569.422492 -135.992996
568.774107 -136.754344
568.125722 -137.515692
567.477337 -138.277041
566.828952 -139.038389
566.180567 -139.799737
565.533703 -140.562377
564.886840 -141.325019
564.239977 -142.087660
563.593114 -142.850302
562.946250 -143.612943
562.299739 -144.375883
561.654270 -145.139705
561.008801 -145.903527
560.363805 -146.667747
559.720217 -147.433155
559.076630 -148.198563
558.433043 -148.963971
557.789455 -149.729378
557.145934 -150.494842
556.503745 -151.261423
555.861555 -152.028005

[right] sid=181, seg=1, num=9
555.249024 -152.759183
554.611192 -153.529394
553.973359 -154.299604
553.335527 -155.069814
552.691361 -155.834735
552.047186 -156.599649
551.403012 -157.364563
550.758837 -158.129477
550.114662 -158.894391

[center] sid=182, seg=0, num=17
525.381211 -186.173234
524.745294 -186.945026
524.109377 -187.716819
523.473457 -188.488610
522.835539 -189.258749
522.197620 -190.028888
521.559573 -190.798920
520.916292 -191.564586
520.273012 -192.330252
519.629732 -193.095919
518.986479 -193.861608
518.343227 -194.627298
517.699975 -195.392988
517.056768 -196.158716
516.413561 -196.924444
515.770354 -197.690172
515.127168 -198.455918

[left] sid=182, seg=0, num=17
526.496029 -187.074597
525.853830 -187.841171
525.211632 -188.607745
524.569433 -189.374319
523.927235 -190.140893
523.285037 -190.907467
522.642838 -191.674041
522.000640 -192.440615
521.358441 -193.207189
520.716243 -193.973763
520.074045 -194.740337
519.431846 -195.506911
518.789648 -196.273485
518.147449 -197.040059
517.505251 -197.806633
516.863052 -198.573207
516.220854 -199.339781

[right] sid=182, seg=0, num=17
524.267915 -185.269993
523.638334 -186.046963
523.008753 -186.823934
522.379172 -187.600904
521.749591 -188.377874
521.120010 -189.154844
520.478062 -189.921594
519.833700 -190.686351
519.189339 -191.451107
518.544977 -192.215864
517.900615 -192.980620
517.256281 -193.745400
516.612067 -194.510280
515.967852 -195.275161
515.323638 -196.040042
514.679423 -196.804922
514.035209 -197.569803

[center] sid=183, seg=0, num=23
514.697161 -198.967863
514.050855 -199.730976
513.404548 -200.494090
512.758241 -201.257204
512.113034 -202.021247
511.467852 -202.785311
510.822446 -203.549187
510.176360 -204.312487
509.530275 -205.075788
508.884189 -205.839088
508.238103 -206.602388
507.592017 -207.365689
506.946279 -208.129283
506.301576 -208.893752
505.656873 -209.658221
505.011972 -210.422523
504.366497 -211.186340
503.722754 -211.951616
503.079565 -212.717359
502.436375 -213.483102
501.793193 -214.248851
501.150013 -215.014601
500.506833 -215.780352

[left] sid=183, seg=0, num=23
515.751039 -199.900585
515.104660 -200.663637
514.458281 -201.426690
513.811903 -202.189743
513.165524 -202.952795
512.519145 -203.715847
511.872044 -204.478285
511.223115 -205.239171
510.574187 -206.000056
509.925259 -206.760941
509.276331 -207.521827
508.627402 -208.282712
507.979333 -209.044327
507.333392 -209.807751
506.687451 -210.571174
506.041511 -211.334597
505.395570 -212.098020
504.753246 -212.864486
504.111880 -213.631756
503.470513 -214.399026
502.829146 -215.166296
502.187780 -215.933566
501.546413 -216.700837

[right] sid=183, seg=0, num=23
513.643282 -198.035140
512.997047 -198.798314
512.350812 -199.561488
511.704577 -200.324661
511.059117 -201.088489
510.415883 -201.854195
509.772649 -202.619900
509.129415 -203.385605
508.486181 -204.151311
507.842947 -204.917016
507.199713 -205.682721
506.556479 -206.448427
505.913245 -207.214132
505.270011 -207.979837
504.626777 -208.745543
503.982469 -209.510343
503.337460 -210.274554
502.692452 -211.038765
502.047443 -211.802977
501.402435 -212.567188
500.757426 -213.331399
500.112417 -214.095610
499.467409 -214.859821

[center] sid=184, seg=0, num=23
514.697161 -198.967863
514.463994 -199.940329
514.230828 -200.912795
513.997661 -201.885261
513.764494 -202.857727
513.531328 -203.830193
513.156249 -204.748695
512.684355 -205.630382
512.058546 -206.408592
511.420174 -207.178355
510.781801 -207.948117
510.138629 -208.713855
509.491661 -209.476408
508.844692 -210.238960
508.198252 -211.001960
507.552240 -211.765324
506.906229 -212.528687
506.261309 -213.292972
505.617278 -214.058007
504.973247 -214.823042
504.326098 -215.585432
503.676318 -216.345590
503.026538 -217.105749

[left] sid=184, seg=0, num=23
515.751039 -199.900585
515.493920 -200.866994
515.236800 -201.833403
514.979681 -202.799812
514.722561 -203.766221
514.458505 -204.730715
514.183345 -205.692143
513.721332 -206.563652
513.095396 -207.343479
512.467696 -208.121970
511.839995 -208.900460
511.201339 -209.669898
510.555256 -210.433201
509.909173 -211.196504
509.263091 -211.959807
508.617008 -212.723111
507.970925 -213.486414
507.324842 -214.249717
506.678759 -215.013019
506.032676 -215.776322
505.379443 -216.533475
504.721331 -217.286431
504.063219 -218.039387

[right] sid=184, seg=0, num=23
515.751039 -199.900585
515.104660 -200.663637
514.458281 -201.426690
513.811903 -202.189743
513.165524 -202.952795
512.519145 -203.715847
511.872044 -204.478285
511.223115 -205.239171
510.574187 -206.000056
509.925259 -206.760941
509.276331 -207.521827
508.627402 -208.282712
507.979333 -209.044327
507.333392 -209.807751
506.687451 -210.571174
506.041511 -211.334597
505.395570 -212.098020
504.753246 -212.864486
504.111880 -213.631756
503.470513 -214.399026
502.829146 -215.166296
502.187780 -215.933566
501.546413 -216.700837

[center] sid=185, seg=0, num=22
500.428497 -215.873616
499.782045 -216.636607
499.135592 -217.399597
498.489140 -218.162587
497.842688 -218.925577
497.196236 -219.688568
496.549784 -220.451558
495.903331 -221.214548
495.256879 -221.977538
494.610427 -222.740529
493.963975 -223.503519
493.317522 -224.266509
492.671070 -225.029499
492.024618 -225.792490
491.378166 -226.555480
490.731713 -227.318470
490.085261 -228.081461
489.438809 -228.844451
488.795907 -229.610433
488.153628 -230.376940
487.511350 -231.143447
486.868481 -231.909458

[left] sid=185, seg=0, num=7
492.265713 -229.011340
491.297810 -229.256886
490.464922 -229.795666
489.812550 -230.552487
489.168235 -231.317283
488.523920 -232.082079
487.879605 -232.846874

[right] sid=185, seg=0, num=22
499.376818 -214.967154
498.727976 -215.728113
498.079134 -216.489072
497.430293 -217.250032
496.781306 -218.010867
496.132299 -218.771685
495.483292 -219.532503
494.834284 -220.293322
494.185277 -221.054140
493.536270 -221.814958
492.888878 -222.577147
492.243526 -223.341068
491.598174 -224.104989
490.952822 -224.868910
490.307469 -225.632831
489.662117 -226.396752
489.024189 -227.166879
488.386911 -227.937548
487.749633 -228.708218
487.108474 -229.475660
486.466968 -230.242813
485.825462 -231.009967

[center] sid=186, seg=0, num=29
486.502518 -232.345411
485.856953 -233.109152
485.211388 -233.872893
484.565823 -234.636634
483.919705 -235.399907
483.273566 -236.163163
482.627427 -236.926419
481.981161 -237.689567
481.334889 -238.452710
480.688618 -239.215853
480.042721 -239.979314
479.397004 -240.742927
478.751286 -241.506539
478.104979 -242.269652
477.458423 -243.032554
476.811867 -243.795456
476.165094 -244.558175
475.518227 -245.320814
474.871360 -246.083453
474.224305 -246.845932
473.577161 -247.608336
472.930017 -248.370740
472.282463 -249.132795
471.634730 -249.894698
470.986997 -250.656601
470.336846 -251.416440
469.685704 -252.175433
469.034563 -252.934425
468.383421 -253.693417

[left] sid=186, seg=0, num=24
487.523282 -233.269827
486.875109 -234.031357
486.226936 -234.792886
485.578763 -235.554415
484.930591 -236.315944
484.282418 -237.077474
483.634245 -237.839003
482.986073 -238.600533
482.337900 -239.362062
481.689728 -240.123591
481.042404 -240.885842
480.395380 -241.648348
479.748356 -242.410854
479.101332 -243.173359
478.454309 -243.935865
477.807285 -244.698371
477.160261 -245.460877
476.513237 -246.223382
475.866214 -246.985888
475.219963 -247.749049
474.574004 -248.512457
473.928046 -249.275866
473.282088 -250.039275
472.636130 -250.802684

[right] sid=186, seg=0, num=29
485.481757 -231.420992
484.838725 -232.186867
484.195693 -232.952742
483.552661 -233.718617
482.908933 -234.483907
482.264694 -235.248768
481.620456 -236.013628
480.976190 -236.778465
480.331781 -237.543182
479.687372 -238.307899
479.042963 -239.072616
478.398553 -239.837332
477.754144 -240.602049
477.109371 -241.366458
476.462972 -242.129493
475.816572 -242.892529
475.170173 -243.655564
474.523566 -244.418423
473.876633 -245.181006
473.229700 -245.943588
472.581834 -246.705378
471.932497 -247.465914
471.283159 -248.226451
470.633822 -248.986987
469.984299 -249.747365
469.333990 -250.507071
468.683681 -251.266777
468.033372 -252.026483
467.383064 -252.786189

[center] sid=187, seg=0, num=30
486.502519 -232.345410
486.350573 -233.333828
486.198628 -234.322245
486.046682 -235.310663
485.894736 -236.299080
485.545973 -237.224871
485.098786 -238.119342
484.555375 -238.950349
483.909215 -239.713587
483.263426 -240.477139
482.618308 -241.241258
481.973190 -242.005377
481.328073 -242.769496
480.683152 -243.533781
480.038434 -244.298238
479.393717 -245.062695
478.749000 -245.827152
478.104283 -246.591610
477.459566 -247.356067
476.815072 -248.120711
476.170793 -248.885538
475.526514 -249.650364
474.882284 -250.415232
474.238101 -251.180140
473.593918 -251.945047
472.948443 -252.708862
472.301787 -253.471680
471.655132 -254.234499
471.008043 -254.996949
470.360590 -255.759090

[left] sid=187, seg=0, num=6
487.523281 -233.269827
487.344503 -234.253746
487.165724 -235.237664
486.986946 -236.221582
486.808167 -237.205500
486.629389 -238.189419

[left] sid=187, seg=1, num=24
486.512331 -238.833658
485.868188 -239.598600
485.224046 -240.363541
484.579904 -241.128483
483.935983 -241.893610
483.293578 -242.660011
482.651174 -243.426413
482.008769 -244.192814
481.366365 -244.959216
480.723960 -245.725618
480.081556 -246.492019
479.439151 -247.258421
478.796747 -248.024822
478.154342 -248.791224
477.511938 -249.557625
476.869533 -250.324027
476.227129 -251.090429
475.584725 -251.856830
474.942321 -252.623232
474.299916 -253.389634
473.657512 -254.156035
473.015107 -254.922437
472.372612 -255.688763
471.729702 -256.454740

[right] sid=187, seg=0, num=24
487.523282 -233.269827
486.875109 -234.031357
486.226936 -234.792886
485.578763 -235.554415
484.930591 -236.315944
484.282418 -237.077474
483.634245 -237.839003
482.986073 -238.600533
482.337900 -239.362062
481.689728 -240.123591
481.042404 -240.885842
480.395380 -241.648348
479.748356 -242.410854
479.101332 -243.173359
478.454309 -243.935865
477.807285 -244.698371
477.160261 -245.460877
476.513237 -246.223382
475.866214 -246.985888
475.219963 -247.749049
474.574004 -248.512457
473.928046 -249.275866
473.282088 -250.039275
472.636130 -250.802684

[right] sid=187, seg=1, num=5
472.025212 -251.524681
471.375082 -252.284531
470.723108 -253.042809
470.071135 -253.801087
469.419161 -254.559365

[center] sid=188, seg=0, num=75
468.079877 -254.047240
467.436371 -254.812716
466.792864 -255.578193
466.149358 -256.343670
465.505851 -257.109146
464.862345 -257.874623
464.218838 -258.640099
463.575332 -259.405576
462.931825 -260.171053
462.288319 -260.936529
461.644812 -261.702006
461.001306 -262.467482
460.357799 -263.232959
459.714293 -263.998435
459.070786 -264.763912
458.427280 -265.529389
457.783773 -266.294865
457.140267 -267.060342
456.496760 -267.825818
455.853254 -268.591295
455.209747 -269.356772
454.566241 -270.122248
453.922734 -270.887725
453.279228 -271.653202
452.635721 -272.418678
451.992215 -273.184155
451.348708 -273.949631
450.705202 -274.715108
450.061695 -275.480585
449.418189 -276.246061
448.774682 -277.011538
448.131379 -277.777186
447.488231 -278.542963
446.845083 -279.308741
446.201894 -280.074484
445.558673 -280.840201
444.915452 -281.605917
444.272449 -282.371817
443.629223 -283.137529
442.985167 -283.902543
442.341111 -284.667558
441.696857 -285.432406
441.052181 -286.196897
440.407504 -286.961389
439.762827 -287.725880
439.118150 -288.490371
438.473473 -289.254863
437.828565 -290.019159
437.183350 -290.783195
436.538944 -291.547915
435.894538 -292.312635
435.250022 -293.077261
434.604660 -293.841175
433.959299 -294.605089
433.313938 -295.369003
432.668578 -296.132917
432.023217 -296.896831
431.377712 -297.660623
430.731305 -298.423652
430.084898 -299.186681
429.438560 -299.949768
428.792266 -300.712893
428.145973 -301.476019
427.498940 -302.238516
426.851437 -303.000616
426.203933 -303.762715
425.556430 -304.524814
424.908927 -305.286913
424.261424 -306.049012
423.618982 -306.815365
422.979557 -307.584254
422.340132 -308.353144
421.700707 -309.122034
421.061282 -309.890924
420.421858 -310.659813

[left] sid=188, seg=0, num=51
454.680405 -274.835476
453.792813 -274.402495
452.814314 -274.434539
452.127930 -275.147310
451.484604 -275.912938
450.841276 -276.678565
450.197949 -277.444192
449.554621 -278.209819
448.911294 -278.975447
448.267967 -279.741075
447.624640 -280.506702
446.981313 -281.272330
446.337986 -282.037957
445.694660 -282.803585
445.052080 -283.569839
444.409499 -284.336094
443.766920 -285.102349
443.124340 -285.868603
442.481760 -286.634858
441.839180 -287.401113
441.196600 -288.167367
440.554020 -288.933622
439.911439 -289.699876
439.268859 -290.466131
438.625281 -291.231547
437.981396 -291.996705
437.337510 -292.761863
436.693624 -293.527020
436.048094 -294.290788
435.401107 -295.053325
434.754119 -295.815862
434.107132 -296.578400
433.460145 -297.340937
432.813158 -298.103474
432.165016 -298.865029
431.515943 -299.625791
430.866870 -300.386553
430.217797 -301.147315
429.568723 -301.908077
428.919584 -302.668783
428.268061 -303.427448
427.616538 -304.186113
426.965014 -304.944778
426.313491 -305.703443
425.661967 -306.462108
425.010668 -307.220964
424.364557 -307.984244
423.718447 -308.747524
423.072337 -309.510805
422.426227 -310.274085
421.780117 -311.037366

[right] sid=188, seg=0, num=49
449.517307 -272.581835
449.325305 -273.563258
449.009630 -274.504867
448.419141 -275.306306
447.776363 -276.072393
447.133462 -276.838379
446.490562 -277.604365
445.847566 -278.370271
445.204451 -279.136076
444.561336 -279.901882
443.918221 -280.667688
443.275106 -281.433493
442.631990 -282.199298
441.988049 -282.964407
441.341281 -283.727129
440.694512 -284.489852
440.047743 -285.252574
439.400974 -286.015296
438.754206 -286.778018
438.107437 -287.540741
437.460668 -288.303463
436.813899 -289.066185
436.167130 -289.828907
435.520361 -290.591630
434.876235 -291.356584
434.232503 -292.121871
433.588771 -292.887158
432.945039 -293.652445
432.301307 -294.417732
431.657575 -295.183020
431.013843 -295.948307
430.370111 -296.713594
429.726379 -297.478881
429.082648 -298.244168
428.438934 -299.009471
427.795470 -299.774983
427.152006 -300.540496
426.508541 -301.306008
425.865077 -302.071520
425.221612 -302.837032
424.578147 -303.602544
423.934683 -304.368056
423.291218 -305.133568
422.647543 -305.898903
422.003396 -306.663840
421.359248 -307.428778
420.715101 -308.193715
420.070953 -308.958653
419.426806 -309.723591

[right] sid=188, seg=1, num=7
458.747431 -261.419391
458.682695 -262.412345
458.335272 -263.342675
457.776871 -264.169388
457.143684 -264.943397
456.430528 -265.632969
455.496805 -265.965495

[center] sid=189, seg=0, num=61
455.982312 -277.295431
456.630982 -276.534325
457.279652 -275.773219
457.928321 -275.012113
458.576991 -274.251007
459.225661 -273.489901
459.874331 -272.728795
460.523001 -271.967689
461.171671 -271.206583
461.820341 -270.445477
462.469011 -269.684371
463.117680 -268.923265
463.766350 -268.162159
464.415020 -267.401053
465.063690 -266.639947
465.712360 -265.878841
466.361030 -265.117735
467.009700 -264.356630
467.658370 -263.595524
468.307039 -262.834418
468.955709 -262.073312
469.604379 -261.312206
470.253049 -260.551100
470.901719 -259.789994
471.550389 -259.028888
472.199059 -258.267782
472.847728 -257.506676
473.496398 -256.745570
474.145068 -255.984464
474.793216 -255.222913
475.441124 -254.461159
476.089032 -253.699404
476.737141 -252.937821
477.385330 -252.176306
478.033519 -251.414790
478.679797 -250.651653
479.325338 -249.887892
479.970880 -249.124131
480.615120 -248.359274
481.258304 -247.593526
481.901488 -246.827779
482.544672 -246.062032
483.187856 -245.296284
483.831041 -244.530537
484.474650 -243.765147
485.118579 -243.000026
485.762507 -242.234905
486.406893 -241.470168
487.051601 -240.705704
487.696310 -239.941240
488.345822 -239.180854
488.995611 -238.420703
489.645399 -237.660552
490.294750 -236.900027
490.944076 -236.139481
491.593403 -235.378936
492.245288 -234.620582
492.897288 -233.862327
493.549288 -233.104072
494.200598 -232.345225
494.851893 -231.586364

[left] sid=189, seg=0, num=24
471.440926 -257.209658
472.086826 -256.446201
472.732727 -255.682743
473.378627 -254.919286
474.024528 -254.155828
474.670428 -253.392371
475.316329 -252.628913
475.962229 -251.865455
476.608130 -251.101998
477.254030 -250.338540
477.899931 -249.575083
478.545831 -248.811625
479.191732 -248.048168
479.833519 -247.281253
480.474700 -246.513827
481.115881 -245.746401
481.757062 -244.978976
482.398242 -244.211550
483.039423 -243.444124
483.680604 -242.676699
484.321784 -241.909273
484.962965 -241.141847
485.604146 -240.374422
486.245326 -239.606996

[left] sid=189, seg=1, num=12
486.719327 -239.039668
487.372968 -238.282827
488.026608 -237.525985
488.680249 -236.769144
489.333889 -236.012303
489.987530 -235.255462
490.641170 -234.498620
491.294811 -233.741779
491.948451 -232.984938
492.601885 -232.227920
493.246867 -231.463686
493.891848 -230.699452

[right] sid=189, seg=0, num=8
463.655864 -271.754879
463.711790 -270.758978
464.067124 -269.842145
464.691731 -269.062525
465.337167 -268.298674
465.984477 -267.536564
466.800477 -266.978403
467.733776 -266.619398

[right] sid=189, seg=1, num=37
473.114885 -260.240788
473.292870 -259.267323
473.802974 -258.413126
474.432652 -257.636526
475.072366 -256.867878
475.716337 -256.102823
476.367102 -255.343507
477.017867 -254.584192
477.668631 -253.824877
478.319396 -253.065561
478.970161 -252.306245
479.616395 -251.543076
480.261578 -250.779012
480.906761 -250.014948
481.551944 -249.250884
482.197127 -248.486820
482.842309 -247.722756
483.487492 -246.958692
484.132675 -246.194628
484.777858 -245.430563
485.423041 -244.666499
486.068223 -243.902435
486.716377 -243.140890
487.364599 -242.379403
488.012821 -241.617915
488.661043 -240.856428
489.309265 -240.094941
489.954258 -239.330717
490.599249 -238.566491
491.244241 -237.802265
491.889231 -237.038039
492.534222 -236.273813
493.179565 -235.509887
493.831986 -234.751994
494.484406 -233.994100
495.136827 -233.236207
495.789247 -232.478314

[center] sid=190, seg=0, num=32
495.133687 -231.258029
495.777962 -230.493200
496.422237 -229.728370
497.066512 -228.963540
497.710787 -228.198711
498.355062 -227.433881
498.999337 -226.669052
499.643613 -225.904222
500.287888 -225.139392
500.932163 -224.374563
501.576438 -223.609733
502.220713 -222.844904
502.864988 -222.080074
503.509263 -221.315245
504.153538 -220.550415
504.797813 -219.785585
505.442088 -219.020756
506.086363 -218.255926
506.730681 -217.491133
507.376122 -216.727287
508.021563 -215.963441
508.667010 -215.199600
509.312607 -214.435886
509.958203 -213.672172
510.603804 -212.908461
511.249508 -212.144838
511.895212 -211.381215
512.540777 -210.617474
513.182717 -209.850683
513.824657 -209.083893
514.466589 -208.317095
515.108249 -207.550071

[left] sid=190, seg=0, num=17
503.735155 -218.936211
504.379880 -218.171760
505.024605 -217.407310
505.669330 -216.642859
506.314054 -215.878408
506.958778 -215.113958
507.603503 -214.349507
508.248227 -213.585056
508.892951 -212.820605
509.537676 -212.056154
510.182400 -211.291704
510.827125 -210.527253
511.471850 -209.762803
512.111129 -208.993792
512.750402 -208.224777
513.389675 -207.455762
514.028948 -206.686746

[right] sid=190, seg=0, num=18
505.842716 -222.137294
505.756685 -221.143072
506.155012 -220.264228
506.803827 -219.503245
507.451727 -218.741486
508.097884 -217.978246
508.744041 -217.215005
509.390198 -216.451765
510.036355 -215.688525
510.682683 -214.925430
511.329366 -214.162635
511.976049 -213.399840
512.622731 -212.637045
513.269414 -211.874250
513.916097 -211.111456
514.560230 -210.346507
515.204348 -209.581545
515.848467 -208.816584

[center] sid=191, seg=0, num=20
515.150011 -207.500151
515.792137 -206.733516
516.434263 -205.966881
517.076389 -205.200247
517.718074 -204.433243
518.359758 -203.666238
519.001427 -202.899221
519.636627 -202.126838
520.271827 -201.354455
520.907021 -200.582067
521.541853 -199.809382
522.176685 -199.036696
522.811694 -198.264157
523.451571 -197.495644
524.091448 -196.727132
524.731326 -195.958619
525.371203 -195.190107
526.011080 -194.421594
526.650957 -193.653081
527.290835 -192.884569

[left] sid=191, seg=0, num=13
514.103024 -206.597636
514.743709 -205.829796
515.384393 -205.061956
516.025077 -204.294116
516.665762 -203.526276
517.306446 -202.758436
517.946866 -201.990378
518.577002 -201.213859
519.207139 -200.437339
519.837275 -199.660820
520.467412 -198.884300
521.097548 -198.107780
521.727684 -197.331261

[left] sid=191, seg=1, num=7
522.206399 -196.741339
522.854965 -195.980145
523.503532 -195.218951
524.152098 -194.457758
524.800665 -193.696564
525.449231 -192.935370
526.097798 -192.174176

[right] sid=191, seg=0, num=20
516.196997 -208.402666
516.840546 -207.637226
517.484095 -206.871785
518.127644 -206.106345
518.771193 -205.340904
519.414742 -204.575464
520.055743 -203.807890
520.695984 -203.039681
521.336224 -202.271471
521.976445 -201.503245
522.615950 -200.734422
523.255455 -199.965600
523.894960 -199.196777
524.534465 -198.427955
525.173970 -197.659132
525.813475 -196.890310
526.452979 -196.121487
527.092484 -195.352665
527.731989 -194.583842
528.371494 -193.815020

[center] sid=192, seg=0, num=21
515.150011 -207.500151
515.337772 -206.517907
515.525533 -205.535664
515.713294 -204.553420
515.901055 -203.571177
516.173613 -202.618582
516.638804 -201.733339
517.103994 -200.848097
517.730904 -200.071075
518.371801 -199.303413
519.012544 -198.535622
519.650090 -197.765174
520.287636 -196.994727
520.925183 -196.224279
521.568314 -195.458510
522.214970 -194.695692
522.861626 -193.932875
523.508332 -193.170100
524.155065 -192.407348
524.801797 -191.644595
525.448474 -190.881796

[left] sid=192, seg=0, num=21
514.103024 -206.597635
514.380963 -205.637006
514.658901 -204.676378
514.936840 -203.715750
515.214779 -202.755122
515.492718 -201.794493
515.770657 -200.833865
516.096858 -199.899057
516.741754 -199.134751
517.386650 -198.370445
518.031546 -197.606139
518.676442 -196.841833
519.321338 -196.077528
519.966234 -195.313222
520.611130 -194.548916
521.256026 -193.784610
521.900923 -193.020304
522.545819 -192.255998
523.190715 -191.491692
523.835611 -190.727386
524.480507 -189.963081

[right] sid=192, seg=0, num=13
514.103024 -206.597636
514.743709 -205.829796
515.384393 -205.061956
516.025077 -204.294116
516.665762 -203.526276
517.306446 -202.758436
517.946866 -201.990378
518.577002 -201.213859
519.207139 -200.437339
519.837275 -199.660820
520.467412 -198.884300
521.097548 -198.107780
521.727684 -197.331261

[right] sid=192, seg=1, num=7
522.206399 -196.741339
522.854965 -195.980145
523.503532 -195.218951
524.152098 -194.457758
524.800665 -193.696564
525.449231 -192.935370
526.097798 -192.174176

[center] sid=193, seg=0, num=18
156.467427 -280.124578
155.481904 -280.294265
154.496381 -280.463952
153.510858 -280.633639
152.525335 -280.803326
151.539812 -280.973012
150.554290 -281.142699
149.568767 -281.312386
148.583244 -281.482073
147.606303 -281.692176
146.634613 -281.927926
145.656324 -282.135294
144.678036 -282.342662
143.699409 -282.548397
142.718823 -282.744613
141.738237 -282.940828
140.757665 -283.137113
139.777214 -283.334004

[left] sid=193, seg=0, num=13
151.491002 -282.758138
150.525509 -283.018665
149.560017 -283.279191
148.594524 -283.539718
147.629031 -283.800244
146.654797 -284.024380
145.676314 -284.230826
144.697830 -284.437271
143.717584 -284.634982
142.735630 -284.824234
141.753676 -285.013486
140.771722 -285.202738
139.789769 -285.391989

[right] sid=193, seg=0, num=13
151.099937 -278.354373
150.187770 -278.764254
149.252752 -279.117757
148.297604 -279.412935
147.328827 -279.659771
146.354773 -279.885978
145.376718 -280.094444
144.398663 -280.302910
143.420333 -280.510068
142.441096 -280.712906
141.461858 -280.915744
140.482780 -281.119349
139.504170 -281.325193

[center] sid=194, seg=0, num=56
139.443915 -283.400936
138.461122 -283.585777
137.478328 -283.770618
136.491557 -283.932474
135.503796 -284.088602
134.516034 -284.244731
133.528272 -284.400859
132.540511 -284.556987
131.552749 -284.713116
130.564987 -284.869244
129.577226 -285.025372
128.585816 -285.156309
127.594343 -285.286810
126.602681 -285.415769
125.609110 -285.529199
124.615540 -285.642630
123.621686 -285.753434
122.626757 -285.854251
121.631827 -285.955068
120.637157 -286.058321
119.643296 -286.169182
118.649436 -286.280043
117.655320 -286.388520
116.660549 -286.490896
115.665345 -286.584806
114.665321 -286.584854
113.665296 -286.584902
112.665331 -286.582758
111.666752 -286.529022
110.668392 -286.471498
109.670254 -286.410115
108.672115 -286.348731
107.673626 -286.293357
106.675131 -286.238078
105.676651 -286.182555
104.678354 -286.123904
103.679772 -286.070221
102.681190 -286.016538
101.682469 -285.965667
100.683466 -285.920490
99.684463 -285.875314
98.685460 -285.830135
97.686458 -285.784955
96.687455 -285.739774
95.688259 -285.699517
94.688779 -285.666544
93.689299 -285.633571
92.689809 -285.600902
91.690305 -285.568660
90.690701 -285.540130
89.690901 -285.518992
88.691100 -285.497853
87.691258 -285.479137
86.691325 -285.465624
85.691392 -285.452111
84.691459 -285.438649

[left] sid=194, seg=0, num=47
130.599715 -286.861027
129.608110 -286.990519
128.616505 -287.120012
127.624900 -287.249504
126.633053 -287.377104
125.640694 -287.500688
124.648335 -287.624271
123.655977 -287.747854
122.663618 -287.871438
121.671259 -287.995021
120.680181 -288.127902
119.691367 -288.277227
118.702554 -288.426552
117.713741 -288.575877
116.724928 -288.725202
115.735518 -288.865545
114.735642 -288.848369
113.735765 -288.831193
112.735969 -288.812882
111.743635 -288.689108
110.751301 -288.565333
109.758967 -288.441559
108.766632 -288.317784
107.772349 -288.210964
106.777820 -288.106275
105.783291 -288.001586
104.788468 -287.899920
103.792393 -287.811143
102.796317 -287.722367
101.799929 -287.637633
100.802038 -287.572353
99.804148 -287.507073
98.806257 -287.441793
97.808366 -287.376513
96.810475 -287.311233
95.812272 -287.251819
94.813085 -287.210918
93.813898 -287.170016
92.814710 -287.129115
91.815523 -287.088213
90.816234 -287.050511
89.816478 -287.027337
88.816723 -287.004162
87.816928 -286.983485
86.816936 -286.975561
85.816943 -286.967637
84.816950 -286.959714

[right] sid=194, seg=0, num=46
129.953588 -283.006484
128.962255 -283.138040
127.970921 -283.269596
126.979588 -283.401151
125.988254 -283.532707
124.995611 -283.651951
123.998794 -283.731978
123.001977 -283.812005
122.005074 -283.890941
121.007938 -283.966892
120.010802 -284.042842
119.013437 -284.115620
118.015732 -284.183679
117.018026 -284.251739
116.019378 -284.297729
115.019503 -284.315010
114.019628 -284.332292
113.019754 -284.349573
112.019879 -284.366854
111.020004 -284.384136
110.020072 -284.393968
109.020049 -284.392220
108.020027 -284.390473
107.020004 -284.388725
106.020018 -284.383153
105.020141 -284.365991
104.020264 -284.348830
103.020388 -284.331668
102.020574 -284.311506
101.020864 -284.286467
100.021153 -284.261429
99.021443 -284.236390
98.021732 -284.211352
97.022022 -284.186312
96.022311 -284.161271
95.022601 -284.136231
94.022890 -284.111190
93.023180 -284.086149
92.023470 -284.061108
91.023691 -284.039137
90.023850 -284.020034
89.024008 -284.000932
88.024167 -283.981829
87.024325 -283.962726
86.024483 -283.943624
85.024642 -283.924521

[center] sid=195, seg=0, num=29
60.188947 -283.659366
59.197831 -283.526184
58.206716 -283.393003
57.215631 -283.259594
56.225242 -283.121110
55.234853 -282.982626
54.244586 -282.843333
53.257077 -282.685617
52.269568 -282.527900
51.282119 -282.369818
50.295374 -282.207395
49.309517 -282.039693
48.323968 -281.870162
47.338418 -281.700632
46.354644 -281.521163
45.371395 -281.338770
44.389648 -281.148453
43.407902 -280.958135
42.426248 -280.767348
41.446628 -280.566372
40.467007 -280.365397
39.488520 -280.159097
38.512032 -279.943416
37.535544 -279.727735
36.559055 -279.512055
35.583494 -279.292232
34.608273 -279.070893
33.633051 -278.849554
32.657887 -278.627965

[left] sid=195, seg=0, num=30
60.003749 -285.293114
59.013769 -285.151735
58.023790 -285.010357
57.033810 -284.868978
56.043458 -284.730233
55.053105 -284.591491
54.062752 -284.452749
53.076424 -284.287814
52.090103 -284.122833
51.103782 -283.957852
50.117461 -283.792871
49.132754 -283.618644
48.148866 -283.439725
47.164978 -283.260805
46.181090 -283.081886
45.197202 -282.902967
44.216187 -282.708966
43.235433 -282.513595
42.254680 -282.318224
41.273926 -282.122853
40.293172 -281.927482
39.313397 -281.727488
38.337577 -281.508803
37.361757 -281.290119
36.385936 -281.071435
35.409992 -280.853305
34.433954 -280.635595
33.457916 -280.417884
32.481878 -280.200174
31.505840 -279.982464

[right] sid=195, seg=0, num=31
61.962675 -282.204375
60.968923 -282.092549
59.975171 -281.980722
58.981419 -281.868896
57.990697 -281.733031
57.000272 -281.594805
56.009847 -281.456579
55.019422 -281.318352
54.028998 -281.180126
53.039181 -281.037864
52.052018 -280.878001
51.064854 -280.718137
50.077691 -280.558273
49.090528 -280.398410
48.103364 -280.238546
47.117589 -280.070763
46.134875 -279.885504
45.152160 -279.700246
44.169446 -279.514987
43.186732 -279.329729
42.204018 -279.144470
41.226836 -278.931966
40.249689 -278.719290
39.272542 -278.506614
38.295394 -278.293938
37.318247 -278.081262
36.341411 -277.867201
35.367229 -277.641331
34.393047 -277.415461
33.418865 -277.189592
32.444683 -276.963722

[center] sid=196, seg=0, num=33
31.712050 -278.412960
30.763730 -278.730358
29.815410 -279.047755
28.867090 -279.365153
27.918770 -279.682550
26.952014 -279.882079
25.952070 -279.869425
24.952125 -279.856770
23.968708 -279.689681
23.005729 -279.420016
22.043194 -279.148771
21.080779 -278.877100
20.121544 -278.594409
19.162339 -278.311612
18.203174 -278.028679
17.244248 -277.744940
16.285411 -277.460898
15.326574 -277.176855
14.372131 -276.878513
13.419240 -276.575124
12.466348 -276.271735
11.516193 -275.959906
10.567338 -275.644130
9.619391 -275.325625
8.674772 -274.997406
7.730913 -274.666984
6.787054 -274.336563
5.843672 -274.004790
4.903240 -273.664793
3.964978 -273.318798
3.026787 -272.972610
2.088711 -272.626112
1.150635 -272.279613

[left] sid=196, seg=0, num=4
0.161476 -273.436128
-0.769970 -273.072182
-1.701417 -272.708237
-2.632863 -272.344291

[left] sid=196, seg=1, num=33
31.302639 -279.937139
30.310990 -280.066301
29.350682 -280.329611
28.404452 -280.653188
27.458223 -280.976766
26.503162 -281.254686
25.504040 -281.289638
24.504018 -281.291641
23.531873 -281.101589
22.573689 -280.815353
21.615466 -280.529246
20.657236 -280.243162
19.699007 -279.957077
18.740778 -279.670992
17.782549 -279.384907
16.824104 -279.099543
15.865572 -278.814475
14.907040 -278.529406
13.951813 -278.233536
12.997852 -277.933523
12.043892 -277.633509
11.095331 -277.316957
10.148084 -276.996376
9.200838 -276.675795
8.257980 -276.342582
7.316599 -276.005166
6.375218 -275.667750
5.433837 -275.330334
4.492456 -274.992919
3.551074 -274.655502
2.609838 -274.317685
1.668946 -273.978907
0.728053 -273.640130

[right] sid=196, seg=0, num=26
31.302640 -279.937139
30.329585 -279.706462
29.356530 -279.475785
28.383475 -279.245108
27.410420 -279.014431
26.437365 -278.783753
25.464490 -278.552354
24.496998 -278.299357
23.529506 -278.046361
22.562014 -277.793365
21.595293 -277.537579
20.635124 -277.258074
19.674955 -276.978569
18.714786 -276.699063
17.754954 -276.418402
16.795156 -276.137624
15.835359 -275.856846
14.882807 -275.552491
13.930995 -275.245731
12.979184 -274.938970
12.027372 -274.632209
11.075560 -274.325448
10.127639 -274.006966
9.181354 -273.683559
8.235069 -273.360151
7.288784 -273.036744

[right] sid=196, seg=1, num=6
6.355651 -272.717832
5.416755 -272.373920
4.481691 -272.019374
3.546627 -271.664827
2.611563 -271.310280
1.676499 -270.955733

[center] sid=197, seg=0, num=32
31.712051 -278.412960
30.741786 -278.170814
29.771522 -277.928668
28.801297 -277.686367
27.832561 -277.438174
26.863826 -277.189981
25.895227 -276.941269
24.929446 -276.681819
23.963664 -276.422369
22.998001 -276.162487
22.034420 -275.895015
21.073701 -275.617405
20.112982 -275.339795
19.152101 -275.062750
18.191716 -274.783991
17.231452 -274.504813
16.271188 -274.225635
15.318696 -273.921016
14.366357 -273.615894
13.414046 -273.310687
12.463270 -273.000733
11.512493 -272.690778
10.568708 -272.360283
9.626265 -272.025842
8.683823 -271.691401
7.737930 -271.366875
6.791533 -271.043793
5.855075 -270.693167
4.920424 -270.337533
3.985773 -269.981899
3.049462 -269.630665
2.112883 -269.280139

[left] sid=197, seg=0, num=26
31.302640 -279.937139
30.329585 -279.706462
29.356530 -279.475785
28.383475 -279.245108
27.410420 -279.014431
26.437365 -278.783753
25.464490 -278.552354
24.496998 -278.299357
23.529506 -278.046361
22.562014 -277.793365
21.595293 -277.537579
20.635124 -277.258074
19.674955 -276.978569
18.714786 -276.699063
17.754954 -276.418402
16.795156 -276.137624
15.835359 -275.856846
14.882807 -275.552491
13.930995 -275.245731
12.979184 -274.938970
12.027372 -274.632209
11.075560 -274.325448
10.127639 -274.006966
9.181354 -273.683559
8.235069 -273.360151
7.288784 -273.036744

[right] sid=197, seg=0, num=31
32.121460 -276.888781
31.154296 -276.634533
30.187132 -276.380286
29.219666 -276.127313
28.255569 -275.861675
27.291471 -275.596037
26.327373 -275.330399
25.363276 -275.064761
24.399178 -274.799123
23.435751 -274.531111
22.475304 -274.252563
21.514857 -273.974015
20.554410 -273.695466
19.591068 -273.427113
18.627539 -273.159421
17.664010 -272.891728
16.709328 -272.594118
15.755171 -272.294729
14.801015 -271.995339
13.851202 -271.682453
12.901507 -271.369200
11.951812 -271.055947
11.013078 -270.711282
10.074668 -270.365690
9.136257 -270.020098
8.189829 -269.697151
7.243253 -269.374632
6.309017 -269.017908
5.374781 -268.661184
4.440546 -268.304460
3.503088 -267.956352

[center] sid=198, seg=0, num=79
-29.576095 -254.286689
-30.434537 -253.773730
-31.293051 -253.260891
-32.151584 -252.748085
-33.010276 -252.235546
-33.869169 -251.723342
-34.728062 -251.211139
-35.586603 -250.698346
-36.444698 -250.184807
-37.302793 -249.671268
-38.157165 -249.151609
-39.008539 -248.627003
-39.860040 -248.102603
-40.711540 -247.578202
-41.570800 -247.066661
-42.430110 -246.555158
-43.294314 -246.052078
-44.165099 -245.560385
-45.041660 -245.079044
-45.918222 -244.597703
-46.801650 -244.129292
-47.691343 -243.672679
-48.581036 -243.216066
-49.473566 -242.765075
-50.369412 -242.320657
-51.265259 -241.876239
-52.165831 -241.441651
-53.072483 -241.019715
-53.979135 -240.597778
-54.884864 -240.173876
-55.793160 -239.755580
-56.704288 -239.343396
-57.619422 -238.940191
-58.541731 -238.554204
-59.472634 -238.188871
-60.403538 -237.823538
-61.334441 -237.458205
-62.265344 -237.092872
-63.198670 -236.734024
-64.141049 -236.399403
-65.084084 -236.066662
-66.029689 -235.741268
-66.975293 -235.415874
-67.925512 -235.104216
-68.875763 -234.792652
-69.833268 -234.504417
-70.792630 -234.222152
-71.751992 -233.939888
-72.711475 -233.658057
-73.679451 -233.406919
-74.647427 -233.155781
-75.615404 -232.904643
-76.586635 -232.666662
-77.560051 -232.437510
-78.537481 -232.226242
-79.515465 -232.017445
-80.493449 -231.808648
-81.474511 -231.615417
-82.458737 -231.438358
-83.442962 -231.261299
-84.429141 -231.096187
-85.418490 -230.950460
-86.407840 -230.804734
-87.397489 -230.661086
-88.388728 -230.529140
-89.381500 -230.408920
-90.374272 -230.288701
-91.367709 -230.174495
-92.363282 -230.080512
-93.359702 -229.995686
-94.356123 -229.910859
-95.352543 -229.826033
-96.350665 -229.768227
-97.349857 -229.727415
-98.349048 -229.686602
-99.348260 -229.646284
-100.347666 -229.611299
-101.347166 -229.578886
-102.346665 -229.546473

[left] sid=198, seg=0, num=78
-30.904683 -255.448687
-31.759109 -254.929066
-32.613535 -254.409445
-33.467961 -253.889825
-34.322387 -253.370205
-35.176813 -252.850585
-36.031240 -252.330965
-36.885666 -251.811344
-37.740092 -251.291724
-38.594518 -250.772103
-39.448944 -250.252482
-40.303370 -249.732862
-41.157796 -249.213241
-42.018197 -248.703816
-42.881368 -248.198857
-43.744810 -247.694368
-44.616717 -247.204646
-45.493676 -246.724072
-46.372502 -246.246878
-47.252846 -245.772574
-48.144371 -245.319548
-49.035896 -244.866522
-49.928196 -244.415050
-50.826292 -243.975194
-51.724387 -243.535338
-52.623740 -243.098134
-53.532654 -242.681092
-54.441569 -242.264050
-55.350009 -241.846019
-56.249895 -241.410117
-57.158708 -240.992855
-58.072254 -240.586127
-58.988941 -240.186505
-59.910397 -239.797959
-60.831853 -239.409413
-61.759390 -239.036252
-62.697461 -238.689739
-63.635532 -238.343225
-64.573603 -237.996712
-65.512577 -237.652753
-66.459897 -237.332388
-67.407217 -237.012023
-68.355634 -236.694920
-69.304151 -236.378117
-70.261605 -236.090063
-71.222558 -235.813264
-72.183511 -235.536464
-73.144464 -235.259664
-74.114568 -235.016937
-75.084901 -234.775064
-76.055234 -234.533191
-77.028488 -234.303546
-78.003366 -234.080699
-78.982745 -233.878638
-79.962500 -233.678317
-80.942256 -233.477996
-81.924029 -233.288066
-82.907528 -233.107014
-83.891026 -232.925961
-84.877735 -232.764339
-85.867203 -232.619423
-86.856672 -232.474508
-87.846141 -232.329592
-88.837967 -232.202660
-89.831357 -232.087651
-90.824746 -231.972642
-91.818135 -231.857633
-92.813573 -231.762959
-93.809939 -231.677494
-94.806305 -231.592029
-95.802671 -231.506565
-96.801226 -231.453184
-97.799968 -231.402542
-98.798709 -231.351900
-99.797488 -231.302118
-100.796891 -231.266867
-101.796295 -231.231615
-102.795698 -231.196364

[right] sid=198, seg=0, num=80
-28.843835 -252.764208
-29.706341 -252.258113
-30.568848 -251.752019
-31.431355 -251.245925
-32.294551 -250.741007
-33.157872 -250.236305
-34.021194 -249.731602
-34.884285 -249.226505
-35.747331 -248.721331
-36.610377 -248.216157
-37.458662 -247.686656
-38.305278 -247.154405
-39.151894 -246.622155
-40.004607 -246.099747
-40.858254 -245.578848
-41.711901 -245.057949
-42.576950 -244.556263
-43.447361 -244.063956
-44.321638 -243.578478
-45.195916 -243.093001
-46.076860 -242.619900
-46.963278 -242.156961
-47.852765 -241.699975
-48.744044 -241.246467
-49.635324 -240.792959
-50.530414 -240.347064
-51.427595 -239.905345
-52.324777 -239.463627
-53.233764 -239.046975
-54.145701 -238.636584
-55.057637 -238.226194
-55.971671 -237.820513
-56.886798 -237.417287
-57.801925 -237.014061
-58.730506 -236.643111
-59.661102 -236.276997
-60.591698 -235.910882
-61.529742 -235.564438
-62.470997 -235.226780
-63.417534 -234.904109
-64.364071 -234.581438
-65.309575 -234.255802
-66.251695 -233.920455
-67.201862 -233.608860
-68.153818 -233.302545
-69.105774 -232.996231
-70.063772 -232.709497
-71.022831 -232.426206
-71.981890 -232.142916
-72.943990 -231.870323
-73.908723 -231.607001
-74.873456 -231.343679
-75.844076 -231.103214
-76.815988 -230.867766
-77.787900 -230.632317
-78.764270 -230.416315
-79.741695 -230.204919
-80.719121 -229.993524
-81.703670 -229.818652
-82.688897 -229.647255
-83.674124 -229.475858
-84.662719 -229.325385
-85.651966 -229.178964
-86.641213 -229.032543
-87.632146 -228.898059
-88.623251 -228.764795
-89.614357 -228.631531
-90.606532 -228.508049
-91.603007 -228.423861
-92.599482 -228.339672
-93.595956 -228.255484
-94.592431 -228.171296
-95.588906 -228.087107
-96.588044 -228.049853
-97.587646 -228.020783
-98.587248 -227.991713
-99.586850 -227.962643
-100.586453 -227.933573
-101.586055 -227.904503
-102.585657 -227.875433

[center] sid=199, seg=0, num=93
-125.796709 -231.319546
-126.777673 -231.513866
-127.758638 -231.708186
-128.739602 -231.902506
-129.720567 -232.096825
-130.700481 -232.296275
-131.678808 -232.503468
-132.657134 -232.710661
-133.633934 -232.924763
-134.608435 -233.149263
-135.580768 -233.382884
-136.552099 -233.620728
-137.523429 -233.858571
-138.491737 -234.108262
-139.447134 -234.403137
-140.400296 -234.705686
-141.349175 -235.021254
-142.295830 -235.343587
-143.242485 -235.665920
-144.189140 -235.988253
-145.132404 -236.320328
-146.074655 -236.655317
-147.016905 -236.990306
-147.951840 -237.344732
-148.881124 -237.714173
-149.810407 -238.083614
-150.736654 -238.460564
-151.661514 -238.840943
-152.586375 -239.221321
-153.506952 -239.611881
-154.425564 -240.007110
-155.341029 -240.409417
-156.249807 -240.826764
-157.158584 -241.244111
-158.066881 -241.662499
-158.974055 -242.083319
-159.880786 -242.505037
-160.765372 -242.971474
-161.649958 -243.437911
-162.534544 -243.904348
-163.407857 -244.391560
-164.281107 -244.878890
-165.153960 -245.366930
-166.025690 -245.856974
-166.897420 -246.347017
-167.769150 -246.837061
-168.612004 -247.375030
-169.452601 -247.916744
-170.293267 -248.458349
-171.141862 -248.987445
-171.990457 -249.516541
-172.839053 -250.045638
-173.664995 -250.609332
-174.489269 -251.175573
-175.313544 -251.741814
-176.126196 -252.324539
-176.936390 -252.910750
-177.738445 -253.508049
-178.540471 -254.105386
-179.342385 -254.702867
-180.116946 -255.335412
-180.891404 -255.968084
-181.664413 -256.602526
-182.437421 -257.236968
-183.208845 -257.873278
-183.960969 -258.532345
-184.713092 -259.191412
-185.460753 -259.855495
-186.202783 -260.525905
-186.944813 -261.196316
-187.684763 -261.869011
-188.411734 -262.555541
-189.126568 -263.254878
-189.841403 -263.954214
-190.556237 -264.653551
-191.265497 -265.358508
-191.970697 -266.067558
-192.675898 -266.776609
-193.369963 -267.496420
-194.054482 -268.225457
-194.739000 -268.954493
-195.413122 -269.693014
-196.076329 -270.441491
-196.736699 -271.192444
-197.389014 -271.950432
-198.041329 -272.708421
-198.689045 -273.470261
-199.320493 -274.245717
-199.949124 -275.023460
-200.577755 -275.801203
-201.205133 -276.579946
-201.824053 -277.365439
-202.442973 -278.150932

[left] sid=199, seg=0, num=45
-125.479183 -232.990476
-126.461344 -233.178661
-127.443504 -233.366845
-128.425664 -233.555030
-129.404531 -233.759550
-130.382896 -233.966561
-131.361262 -234.173570
-132.339627 -234.380580
-133.316996 -234.592181
-134.293069 -234.809742
-135.269143 -235.027303
-136.245216 -235.244863
-137.221290 -235.462424
-138.194962 -235.690425
-139.144448 -236.004264
-140.093823 -236.318494
-141.038752 -236.645804
-141.982939 -236.975295
-142.927126 -237.304787
-143.871272 -237.634394
-144.813285 -237.970051
-145.755298 -238.305707
-146.697311 -238.641363
-147.629692 -239.002681
-148.559890 -239.369812
-149.490033 -239.737083
-150.418769 -240.107899
-151.347505 -240.478715
-152.275975 -240.850177
-153.197349 -241.238925
-154.118723 -241.627672
-155.028626 -242.042156
-155.933687 -242.467502
-156.838748 -242.892849
-157.749135 -243.306581
-158.662000 -243.714909
-159.562806 -244.148337
-160.452044 -244.605843
-161.341282 -245.063349
-162.223014 -245.534912
-163.097875 -246.019344
-163.972736 -246.503776
-164.847597 -246.988208
-165.722458 -247.472640
-166.597319 -247.957072

[left] sid=199, seg=1, num=47
-167.050314 -248.207907
-167.963637 -248.615209
-168.748147 -249.214865
-169.482542 -249.891216
-170.337543 -250.409897
-171.192544 -250.928578
-172.045303 -251.450765
-172.874858 -252.009242
-173.704413 -252.567718
-174.533967 -253.126195
-175.339886 -253.718244
-176.145363 -254.310920
-176.950840 -254.903595
-177.756318 -255.496271
-178.554260 -256.098600
-179.324795 -256.736044
-180.095331 -257.373487
-180.865867 -258.010930
-181.636402 -258.648372
-182.397931 -259.296272
-183.142461 -259.963906
-183.886990 -260.631539
-184.631520 -261.299173
-185.376050 -261.966806
-186.120580 -262.634439
-186.866010 -263.301067
-187.584198 -263.996726
-188.296850 -264.698287
-189.009501 -265.399847
-189.722054 -266.101508
-190.430871 -266.806943
-191.139688 -267.512378
-191.848505 -268.217813
-192.534830 -268.945139
-193.220824 -269.672788
-193.906817 -270.400437
-194.564262 -271.153966
-195.221286 -271.907875
-195.878310 -272.661786
-196.535334 -273.415696
-197.192357 -274.169606
-197.829791 -274.940041
-198.462190 -275.714723
-199.094589 -276.489406
-199.726988 -277.264088
-200.342105 -278.052455
-200.951154 -278.845626

[right] sid=199, seg=0, num=95
-125.833762 -229.595373
-126.816240 -229.781891
-127.798718 -229.968410
-128.781195 -230.154929
-129.760084 -230.359313
-130.738372 -230.566689
-131.716660 -230.774065
-132.694948 -230.981439
-133.673237 -231.188814
-134.648251 -231.410230
-135.617355 -231.656986
-136.586460 -231.903742
-137.554677 -232.153734
-138.513985 -232.436190
-139.473293 -232.718646
-140.432198 -233.002413
-141.384848 -233.306572
-142.337497 -233.610732
-143.290146 -233.914891
-144.235433 -234.240965
-145.178476 -234.573715
-146.121519 -234.906466
-147.063668 -235.241741
-148.005798 -235.577068
-148.947584 -235.913282
-149.868469 -236.303185
-150.789355 -236.693088
-151.710241 -237.082991
-152.631127 -237.472893
-153.552012 -237.862796
-154.472242 -238.254204
-155.384666 -238.663517
-156.297090 -239.072831
-157.209514 -239.482144
-158.121937 -239.891458
-159.034361 -240.300772
-159.942634 -240.718576
-160.825978 -241.187360
-161.709323 -241.656143
-162.591826 -242.126467
-163.463455 -242.616690
-164.335084 -243.106913
-165.206714 -243.597136
-166.078343 -244.087360
-166.949972 -244.577583
-167.819268 -245.071872
-168.682324 -245.577036
-169.545380 -246.082201
-170.406138 -246.591176
-171.255704 -247.118711
-172.105271 -247.646247
-172.954837 -248.173782
-173.782542 -248.734434
-174.601462 -249.308391
-175.420383 -249.882348
-176.239304 -250.456304
-177.058225 -251.030261
-177.869612 -251.614580
-178.668161 -252.216558
-179.466710 -252.818537
-180.265259 -253.420515
-181.047030 -254.043904
-181.822499 -254.675336
-182.597969 -255.306767
-183.373439 -255.938198
-184.148908 -256.569630
-184.920519 -257.205629
-185.672632 -257.864708
-186.424744 -258.523788
-187.176857 -259.182867
-187.909911 -259.862912
-188.637476 -260.548994
-189.365040 -261.235076
-190.092605 -261.921159
-190.820170 -262.607241
-191.523626 -263.317956
-192.225192 -264.030603
-192.926758 -264.743250
-193.628324 -265.455896
-194.329891 -266.168542
-195.015639 -266.896280
-195.694531 -267.630560
-196.373422 -268.364840
-197.043483 -269.107152
-197.710417 -269.852310
-198.366203 -270.607155
-199.010969 -271.371574
-199.655735 -272.135994
-200.291386 -272.907903
-200.916233 -273.688690
-201.541080 -274.469476
-202.165927 -275.250262
-202.790775 -276.031048
-203.415622 -276.811835
-204.040468 -277.592621

[center] sid=200, seg=0, num=60
-209.731071 -299.510207
-209.199979 -298.662856
-208.668888 -297.815505
-208.137797 -296.968153
-207.606705 -296.120802
-207.075614 -295.273451
-206.544523 -294.426099
-206.013431 -293.578748
-205.504441 -292.718429
-205.023829 -291.841461
-204.543216 -290.964492
-204.010723 -290.120670
-203.416926 -289.316018
-202.823128 -288.511365
-202.229331 -287.706712
-201.635533 -286.902059
-201.041736 -286.097406
-200.447938 -285.292753
-199.844112 -284.495751
-199.224998 -283.710411
-198.605884 -282.925071
-197.985220 -282.140959
-197.362362 -281.358585
-196.734004 -280.580641
-196.102245 -279.805437
-195.470486 -279.030232
-194.835474 -278.257698
-194.198549 -277.486732
-193.561625 -276.715766
-192.904040 -275.962563
-192.237349 -275.217188
-191.570658 -274.471813
-190.894558 -273.735026
-190.213012 -273.003210
-189.531465 -272.271393
-188.837467 -271.551475
-188.137436 -270.837320
-187.437405 -270.123166
-186.725580 -269.420778
-186.013060 -268.719084
-185.300540 -268.017389
-184.567736 -267.336949
-183.833567 -266.657938
-183.099398 -265.978927
-182.356022 -265.310022
-181.611870 -264.641966
-180.867719 -263.973911
-180.104607 -263.327729
-179.337694 -262.685932
-178.570781 -262.044135
-177.790176 -261.419196
-177.004794 -260.800136
-176.219413 -260.181077
-175.429563 -259.567898
-174.625366 -258.973485
-173.821170 -258.379073
-173.016413 -257.785421
-172.210521 -257.193310
-171.394657 -256.615022
-170.578567 -256.037046

[left] sid=200, seg=0, num=43
-201.346465 -283.834788
-200.721668 -283.053961
-200.096872 -282.273135
-199.472076 -281.492307
-198.847338 -280.711434
-198.221202 -279.931690
-197.588598 -279.157175
-196.955994 -278.382660
-196.323386 -277.608149
-195.690763 -276.833650
-195.058139 -276.059151
-194.416811 -275.292176
-193.742054 -274.554095
-193.067296 -273.816014
-192.392350 -273.078107
-191.715307 -272.342123
-191.038264 -271.606138
-190.359604 -270.871683
-189.662793 -270.154385
-188.965983 -269.437088
-188.264141 -268.724778
-187.553051 -268.021635
-186.841960 -267.318492
-186.125438 -266.620978
-185.397324 -265.935478
-184.669210 -265.249979
-183.939097 -264.566631
-183.201870 -263.890943
-182.464642 -263.215254
-181.723854 -262.543618
-180.959106 -261.899242
-180.194358 -261.254867
-179.429611 -260.610491
-178.641297 -259.995184
-177.852709 -259.380214
-177.064122 -258.765243
-176.269652 -258.158122
-175.464686 -257.564753
-174.659719 -256.971384
-173.854737 -256.378036
-173.047248 -255.788211
-172.222765 -255.222274
-171.398281 -254.656337

[left] sid=200, seg=1, num=9
-208.375125 -294.630135
-208.044737 -293.686256
-207.714350 -292.742377
-207.383963 -291.798498
-206.877411 -290.944225
-206.253899 -290.162372
-205.636821 -289.375513
-205.032161 -288.578990
-204.427502 -287.782467

[right] sid=200, seg=0, num=42
-198.828998 -285.774832
-198.215610 -284.985011
-197.602223 -284.195190
-196.988836 -283.405369
-196.375220 -282.615730
-195.744316 -281.839830
-195.113412 -281.063929
-194.482508 -280.288029
-193.851603 -279.512129
-193.220699 -278.736229
-192.573817 -277.973723
-191.919994 -277.217035
-191.266172 -276.460347
-190.612350 -275.703659
-189.933894 -274.969138
-189.250110 -274.239412
-188.566326 -273.509686
-187.866545 -272.795361
-187.163307 -272.084364
-186.460069 -271.373368
-185.749247 -270.669990
-185.035106 -269.969945
-184.320965 -269.269900
-183.606824 -268.569855
-182.859163 -267.905913
-182.108166 -267.245563
-181.357168 -266.585213
-180.606171 -265.924863
-179.855174 -265.264513
-179.092641 -264.617674
-178.322689 -263.979527
-177.552737 -263.341379
-176.778371 -262.708678
-175.994521 -262.087681
-175.210671 -261.466683
-174.426822 -260.845685
-173.624072 -260.249496
-172.817266 -259.658630
-172.010461 -259.067764
-171.203655 -258.476898
-170.396849 -257.886032
-169.590044 -257.295166

[right] sid=200, seg=1, num=10
-204.637530 -297.854717
-204.438512 -296.874689
-204.239494 -295.894661
-204.040476 -294.914633
-203.776073 -293.950745
-203.485399 -292.994015
-203.158494 -292.049775
-202.716574 -291.154489
-202.183707 -290.308253
-201.650840 -289.462018

[center] sid=201, seg=0, num=47
-170.119994 -255.712272
-169.282115 -255.166363
-168.444236 -254.620454
-167.601891 -254.081615
-166.749100 -253.559308
-165.896309 -253.037001
-165.043518 -252.514695
-164.185522 -252.001057
-163.315659 -251.507708
-162.445795 -251.014358
-161.570893 -250.530006
-160.695731 -250.046118
-159.820569 -249.562230
-158.938678 -249.090728
-158.056444 -248.619857
-157.165632 -248.165571
-156.271525 -247.717656
-155.375031 -247.274645
-154.470931 -246.847260
-153.566830 -246.419876
-152.660061 -245.998303
-151.746715 -245.591050
-150.833370 -245.183798
-149.918783 -244.779358
-149.002059 -244.379785
-148.068934 -244.020157
-147.135810 -243.660528
-146.202625 -243.301056
-145.268533 -242.943949
-144.334440 -242.586842
-143.396756 -242.239565
-142.452444 -241.910433
-141.507176 -241.584061
-140.556573 -241.274112
-139.599658 -240.983650
-138.642744 -240.693187
-137.684897 -240.405837
-136.726063 -240.121774
-135.762330 -239.855346
-134.794397 -239.604031
-133.826465 -239.352716
-132.854125 -239.119695
-131.877933 -238.902668
-130.901741 -238.685640
-129.925397 -238.469296
-128.949009 -238.253151
-127.972621 -238.037005

[left] sid=201, seg=0, num=38
-170.979203 -254.370512
-170.140880 -253.825286
-169.302557 -253.280060
-168.461047 -252.739854
-167.610905 -252.213247
-166.760763 -251.686640
-165.910620 -251.160033
-165.057121 -250.638924
-164.186654 -250.146699
-163.315127 -249.656294
-162.439526 -249.173212
-161.563232 -248.691378
-160.686937 -248.209544
-159.808536 -247.731566
-158.929649 -247.254478
-158.041083 -246.796012
-157.145596 -246.350862
-156.249288 -245.907417
-155.342690 -245.485356
-154.436092 -245.063295
-153.529494 -244.641235
-152.622896 -244.219174
-151.716299 -243.797113
-150.809701 -243.375052
-149.903103 -242.952991
-148.980519 -242.568032
-148.051086 -242.198967
-147.121653 -241.829902
-146.192220 -241.460837
-145.262787 -241.091772
-144.333355 -240.722707
-143.385373 -240.404317
-142.437451 -240.085730
-141.489682 -239.766693
-140.531056 -239.481934
-139.572429 -239.197174
-138.613813 -238.912378
-137.655953 -238.625051

[left] sid=201, seg=1, num=9
-136.707223 -238.340463
-135.739924 -238.086719
-134.772626 -237.832975
-133.805327 -237.579231
-132.827342 -237.370567
-131.849073 -237.163102
-130.870775 -236.955775
-129.892356 -236.749018
-128.913937 -236.542261

[right] sid=201, seg=0, num=46
-169.260784 -257.054033
-168.429871 -256.497578
-167.596145 -255.945509
-166.744048 -255.422070
-165.891952 -254.898631
-165.039855 -254.375192
-164.180592 -253.863801
-163.313976 -253.364769
-162.447360 -252.865736
-161.577342 -252.372702
-160.704284 -251.885028
-159.831226 -251.397354
-158.954350 -250.916732
-158.068812 -250.452104
-157.183274 -249.987477
-156.292006 -249.533990
-155.399056 -249.083773
-154.506105 -248.633556
-153.606780 -248.196431
-152.701697 -247.771132
-151.796613 -247.345834
-150.877542 -246.952461
-149.951317 -246.575419
-149.025091 -246.198376
-148.095604 -245.829694
-147.158830 -245.479681
-146.222056 -245.129668
-145.284341 -244.782196
-144.345742 -244.437108
-143.407142 -244.092021
-142.468543 -243.746934
-141.526722 -243.410739
-140.584894 -243.074565
-139.629958 -242.777691
-138.674889 -242.481217
-137.719820 -242.184743
-136.760078 -241.903770
-135.799615 -241.625410
-134.831046 -241.376558
-133.862478 -241.127706
-132.893484 -240.880588
-131.919492 -240.653890
-130.945501 -240.427192
-129.971509 -240.200494
-128.997517 -239.973795
-128.023525 -239.747097

[center] sid=202, seg=0, num=49
-170.119994 -255.712272
-169.659978 -254.824326
-169.199962 -253.936381
-168.739946 -253.048435
-168.279930 -252.160489
-167.819914 -251.272543
-167.260563 -250.449917
-166.547919 -249.759769
-165.699726 -249.233270
-164.827218 -248.744614
-163.954709 -248.255957
-163.080979 -247.769499
-162.205277 -247.286588
-161.329576 -246.803677
-160.446568 -246.334391
-159.559762 -245.872190
-158.672955 -245.409989
-157.772394 -244.975616
-156.866609 -244.551814
-155.960797 -244.128069
-155.054966 -243.704365
-154.149135 -243.280660
-153.238556 -242.867379
-152.324416 -242.461913
-151.408059 -242.061605
-150.484675 -241.677658
-149.561291 -241.293710
-148.635841 -240.914851
-147.706025 -240.546752
-146.776210 -240.178653
-145.840684 -239.825627
-144.900369 -239.485243
-143.960054 -239.144858
-143.015964 -238.815363
-142.066692 -238.500822
-141.117420 -238.186281
-140.168148 -237.871740
-139.215984 -237.566150
-138.262114 -237.265844
-137.302060 -236.986859
-136.331579 -236.745757
-135.359723 -236.510071
-134.387867 -236.274384
-133.412075 -236.055802
-132.434745 -235.843970
-131.456384 -235.636937
-130.477835 -235.430812
-129.497745 -235.232130
-128.517654 -235.033449

[left] sid=202, seg=0, num=4
-128.555601 -233.579926
-127.573441 -233.391741
-126.591281 -233.203555
-125.609121 -233.015370

[left] sid=202, seg=1, num=42
-167.050315 -248.207907
-166.175454 -247.723475
-165.300593 -247.239044
-164.425732 -246.754612
-163.550871 -246.270179
-162.676010 -245.785747
-161.801149 -245.301315
-160.912484 -244.842736
-160.023246 -244.385230
-159.134008 -243.927724
-158.221809 -243.518010
-157.308943 -243.109682
-156.402320 -242.687743
-155.497259 -242.262397
-154.592198 -241.837050
-153.674428 -241.440215
-152.753054 -241.051468
-151.828396 -240.670720
-150.899660 -240.299904
-149.970925 -239.929088
-149.041539 -239.559909
-148.111341 -239.192777
-147.181143 -238.825645
-146.243065 -238.479505
-145.301052 -238.143849
-144.359039 -237.808194
-143.416019 -237.475394
-142.471831 -237.145903
-141.527644 -236.816412
-140.583457 -236.486921
-139.636027 -236.166969
-138.686652 -235.852739
-137.725752 -235.579167
-136.750619 -235.357515
-135.774546 -235.139954
-134.798472 -234.922393
-133.822399 -234.704832
-132.846217 -234.487768
-131.867852 -234.280758
-130.889486 -234.073748
-129.911121 -233.866738
-128.932756 -233.659727

[left] sid=202, seg=2, num=8
-170.979204 -254.370512
-170.297908 -253.638464
-169.747889 -252.812143
-169.271928 -251.932641
-168.908554 -251.001075
-168.525420 -250.077348
-168.026945 -249.212499
-167.362705 -248.474423

[right] sid=202, seg=0, num=38
-170.979203 -254.370512
-170.140880 -253.825286
-169.302557 -253.280060
-168.461047 -252.739854
-167.610905 -252.213247
-166.760763 -251.686640
-165.910620 -251.160033
-165.057121 -250.638924
-164.186654 -250.146699
-163.315127 -249.656294
-162.439526 -249.173212
-161.563232 -248.691378
-160.686937 -248.209544
-159.808536 -247.731566
-158.929649 -247.254478
-158.041083 -246.796012
-157.145596 -246.350862
-156.249288 -245.907417
-155.342690 -245.485356
-154.436092 -245.063295
-153.529494 -244.641235
-152.622896 -244.219174
-151.716299 -243.797113
-150.809701 -243.375052
-149.903103 -242.952991
-148.980519 -242.568032
-148.051086 -242.198967
-147.121653 -241.829902
-146.192220 -241.460837
-145.262787 -241.091772
-144.333355 -240.722707
-143.385373 -240.404317
-142.437451 -240.085730
-141.489682 -239.766693
-140.531056 -239.481934
-139.572429 -239.197174
-138.613813 -238.912378
-137.655953 -238.625051

[right] sid=202, seg=1, num=9
-136.707223 -238.340463
-135.739924 -238.086719
-134.772626 -237.832975
-133.805327 -237.579231
-132.827342 -237.370567
-131.849073 -237.163102
-130.870775 -236.955775
-129.892356 -236.749018
-128.913937 -236.542261

[center] sid=203, seg=0, num=34
-102.930031 -235.368485
-101.934386 -235.461968
-100.938740 -235.555452
-99.943181 -235.649807
-98.948592 -235.753931
-97.954013 -235.858157
-96.959435 -235.962384
-95.964489 -236.063032
-94.969466 -236.162920
-93.974442 -236.262807
-92.979958 -236.367859
-91.986712 -236.484093
-90.993465 -236.600326
-90.000605 -236.719631
-89.009564 -236.853369
-88.018980 -236.990371
-87.029359 -237.134247
-86.039739 -237.278123
-85.051283 -237.429020
-84.069408 -237.618678
-83.087532 -237.808335
-82.105657 -237.997993
-81.127604 -238.206418
-80.149751 -238.415830
-79.171899 -238.625241
-78.196841 -238.847279
-77.221980 -239.070199
-76.247118 -239.293120
-75.278475 -239.540727
-74.314345 -239.806249
-73.350215 -240.071772
-72.388952 -240.347402
-71.428993 -240.627630
-70.469034 -240.907857

[left] sid=203, seg=0, num=34
-102.855394 -233.318954
-101.865788 -233.462932
-100.876182 -233.606910
-99.886576 -233.750888
-98.897092 -233.895694
-97.907647 -234.040778
-96.918203 -234.185861
-95.925050 -234.301670
-94.930683 -234.407888
-93.936315 -234.514105
-92.941947 -234.620322
-91.949628 -234.744162
-90.957404 -234.868826
-89.965180 -234.993490
-88.972956 -235.118155
-87.981037 -235.245054
-86.991573 -235.390004
-86.002109 -235.534954
-85.012645 -235.679903
-84.029688 -235.863071
-83.047998 -236.053686
-82.066308 -236.244300
-81.088239 -236.452306
-80.112055 -236.669362
-79.135871 -236.886419
-78.161380 -237.110868
-77.188048 -237.340374
-76.214716 -237.569881
-75.243997 -237.809478
-74.281631 -238.081324
-73.319265 -238.353170
-72.357999 -238.628797
-71.400076 -238.915905
-70.442152 -239.203013

[right] sid=203, seg=0, num=34
-103.599507 -237.396355
-102.600145 -237.432747
-101.600782 -237.469139
-100.601420 -237.505532
-99.603385 -237.568590
-98.605351 -237.631649
-97.607316 -237.694707
-96.609281 -237.757765
-95.613259 -237.845034
-94.618505 -237.947572
-93.623751 -238.050111
-92.628997 -238.152650
-91.634243 -238.255188
-90.640083 -238.362531
-89.650307 -238.505333
-88.660531 -238.648136
-87.670755 -238.790939
-86.680979 -238.933741
-85.691204 -239.076544
-84.708031 -239.258626
-83.725972 -239.447326
-82.743912 -239.636027
-81.761852 -239.824727
-80.780012 -240.014488
-79.803665 -240.230811
-78.827318 -240.447134
-77.850971 -240.663457
-76.874624 -240.879779
-75.898278 -241.096102
-74.930506 -241.346383
-73.968506 -241.619522
-73.006506 -241.892662
-72.044506 -242.165801
-71.082506 -242.438940

[center] sid=204, seg=0, num=40
-70.420479 -240.922031
-69.468776 -241.229132
-68.517073 -241.536232
-67.565505 -241.843737
-66.619968 -242.169325
-65.674430 -242.494914
-64.736730 -242.841662
-63.807224 -243.210534
-62.877717 -243.579406
-61.952178 -243.957973
-61.030712 -244.346495
-60.109246 -244.735017
-59.197796 -245.145973
-58.293380 -245.572681
-57.388963 -245.999388
-56.486755 -246.430730
-55.585754 -246.864603
-54.684753 -247.298477
-53.788099 -247.741207
-52.893701 -248.188533
-51.999302 -248.635859
-51.109404 -249.092037
-50.227468 -249.563125
-49.356431 -250.054393
-48.485394 -250.545661
-47.615157 -251.038341
-46.746033 -251.532983
-45.876908 -252.027626
-45.007783 -252.522269
-44.139442 -253.018265
-43.277812 -253.525850
-42.416182 -254.033436
-41.554552 -254.541021
-40.692922 -255.048607
-39.831292 -255.556192
-38.968920 -256.062515
-38.106448 -256.568669
-37.243975 -257.074822
-36.383301 -257.584025
-35.522857 -258.093618

[left] sid=204, seg=0, num=30
-69.936339 -239.354615
-68.985577 -239.664615
-68.034814 -239.974615
-67.084052 -240.284614
-66.133290 -240.594614
-65.182527 -240.904613
-64.243647 -241.246403
-63.322643 -241.636017
-62.401638 -242.025631
-61.480633 -242.415245
-60.559628 -242.804859
-59.638624 -243.194474
-58.726199 -243.602976
-57.826846 -244.040255
-56.927493 -244.477535
-56.028140 -244.914815
-55.128787 -245.352094
-54.229435 -245.789374
-53.330082 -246.226653
-52.430729 -246.663933
-51.531376 -247.101213
-50.632023 -247.538492
-49.733925 -247.978171
-48.861636 -248.467213
-47.989348 -248.956255
-47.117059 -249.445297
-46.244771 -249.934339
-45.372483 -250.423382
-44.500194 -250.912424
-43.627906 -251.401466

[left] sid=204, seg=1, num=11
-43.400232 -251.529109
-42.542958 -252.044019
-41.685685 -252.558929
-40.828412 -253.073839
-39.971139 -253.588749
-39.113866 -254.103658
-38.255269 -254.616356
-37.396290 -255.128415
-36.537311 -255.640474
-35.678332 -256.152534
-34.819353 -256.664593

[right] sid=204, seg=0, num=40
-70.904619 -242.489447
-69.951975 -242.793614
-68.999331 -243.097782
-68.046687 -243.401949
-67.105429 -243.739214
-66.167277 -244.085509
-65.229126 -244.431804
-64.291597 -244.779781
-63.354240 -245.128220
-62.416882 -245.476659
-61.496317 -245.866456
-60.581384 -246.270121
-59.666450 -246.673785
-58.753720 -247.082252
-57.851083 -247.512713
-56.948447 -247.943173
-56.045810 -248.373633
-55.143173 -248.804093
-54.240537 -249.234554
-53.353574 -249.695633
-52.476576 -250.176178
-51.599578 -250.656723
-50.722580 -251.137268
-49.853343 -251.631607
-48.987418 -252.131830
-48.121493 -252.632053
-47.255568 -253.132276
-46.389643 -253.632499
-45.523718 -254.132723
-44.657794 -254.632946
-43.791869 -255.133170
-42.925944 -255.633393
-42.060019 -256.133616
-41.194094 -256.633840
-40.328169 -257.134063
-39.462244 -257.634286
-38.596319 -258.134508
-37.730393 -258.634731
-36.864512 -259.135030
-36.000324 -259.638247

[center] sid=205, seg=0, num=42
-70.420479 -240.922031
-69.423711 -240.841374
-68.426944 -240.760717
-67.430177 -240.680060
-66.433410 -240.599403
-65.436643 -240.518746
-64.439876 -240.438089
-63.443108 -240.357432
-62.465556 -240.541339
-61.492506 -240.770129
-60.571276 -241.159209
-59.650045 -241.548289
-58.733022 -241.947129
-57.820926 -242.356980
-56.916787 -242.784276
-56.017155 -243.220911
-55.113187 -243.648559
-54.208997 -244.075745
-53.304806 -244.502931
-52.405461 -244.940208
-51.506736 -245.378777
-50.608010 -245.817345
-49.717269 -246.271864
-48.827566 -246.728458
-47.937864 -247.185052
-47.061942 -247.667534
-46.186365 -248.150663
-45.312058 -248.636075
-44.440240 -249.125950
-43.572474 -249.622973
-42.704697 -250.119977
-41.845704 -250.631894
-40.989851 -251.149161
-40.133998 -251.666428
-39.278083 -252.183593
-38.421795 -252.700139
-37.565507 -253.216685
-36.709162 -253.733136
-35.852451 -254.248981
-34.995740 -254.764826
-34.139032 -255.280675
-33.282337 -255.796547

[left] sid=205, seg=0, num=42
-69.936338 -239.354615
-68.936619 -239.329901
-67.936899 -239.305187
-66.937180 -239.280473
-65.937460 -239.255758
-64.937741 -239.231044
-63.938095 -239.203538
-62.938455 -239.175766
-61.938813 -239.150111
-60.976433 -239.348449
-60.054977 -239.736995
-59.133521 -240.125541
-58.215899 -240.522991
-57.301304 -240.927384
-56.392491 -241.344647
-55.490403 -241.775949
-54.584181 -242.198614
-53.675267 -242.615656
-52.766352 -243.032698
-51.865302 -243.466323
-50.967206 -243.906179
-50.069111 -244.346035
-49.175780 -244.795441
-48.284255 -245.248467
-47.392730 -245.701492
-46.510393 -246.172005
-45.631567 -246.649199
-44.753522 -247.127806
-43.881615 -247.617528
-43.016803 -248.119626
-42.153631 -248.624586
-41.291859 -249.131711
-40.437433 -249.651331
-39.583006 -250.170952
-38.728580 -250.690573
-37.874154 -251.210193
-37.019728 -251.729813
-36.165302 -252.249434
-35.310876 -252.769054
-34.456450 -253.288675
-33.602024 -253.808295
-32.747598 -254.327916

[left] sid=205, seg=1, num=2
-32.481291 -254.489870
-31.626866 -255.009492

[right] sid=205, seg=0, num=30
-69.936339 -239.354615
-68.985577 -239.664615
-68.034814 -239.974615
-67.084052 -240.284614
-66.133290 -240.594614
-65.182527 -240.904613
-64.243647 -241.246403
-63.322643 -241.636017
-62.401638 -242.025631
-61.480633 -242.415245
-60.559628 -242.804859
-59.638624 -243.194474
-58.726199 -243.602976
-57.826846 -244.040255
-56.927493 -244.477535
-56.028140 -244.914815
-55.128787 -245.352094
-54.229435 -245.789374
-53.330082 -246.226653
-52.430729 -246.663933
-51.531376 -247.101213
-50.632023 -247.538492
-49.733925 -247.978171
-48.861636 -248.467213
-47.989348 -248.956255
-47.117059 -249.445297
-46.244771 -249.934339
-45.372483 -250.423382
-44.500194 -250.912424
-43.627906 -251.401466

[right] sid=205, seg=1, num=11
-43.400232 -251.529109
-42.542958 -252.044019
-41.685685 -252.558929
-40.828412 -253.073839
-39.971139 -253.588749
-39.113866 -254.103658
-38.255269 -254.616356
-37.396290 -255.128415
-36.537311 -255.640474
-35.678332 -256.152534
-34.819353 -256.664593

[center] sid=206, seg=0, num=65
-3.338738 -273.927946
-2.402372 -274.279040
-1.466006 -274.630134
-0.529640 -274.981227
0.406726 -275.332321
1.343092 -275.683415
2.279458 -276.034509
3.219508 -276.375614
4.159593 -276.716625
5.099925 -277.056954
6.041237 -277.394563
6.982577 -277.732092
7.923918 -278.069621
8.866801 -278.402797
9.811116 -278.731913
10.760528 -279.045952
11.713137 -279.350057
12.669802 -279.641330
13.626467 -279.932604
14.584339 -280.219844
15.543707 -280.502087
16.503075 -280.784330
17.462810 -281.065319
18.423007 -281.344728
19.383205 -281.624136
20.343491 -281.903238
21.304322 -282.180458
22.265292 -282.457197
23.226597 -282.732771
24.189926 -283.001055
25.155630 -283.260794
26.121334 -283.520533
27.087566 -283.778289
28.054424 -284.033696
29.021283 -284.289103
29.990989 -284.533430
30.961179 -284.775872
31.931370 -285.018313
32.902502 -285.256945
33.874058 -285.493855
34.845614 -285.730764
35.819458 -285.957752
36.796693 -286.170020
37.773929 -286.382289
38.751295 -286.593956
39.729306 -286.802622
40.707508 -287.010390
41.685711 -287.218159
42.664173 -287.424697
43.642756 -287.630667
44.621338 -287.836638
45.603674 -288.023402
46.587806 -288.200976
47.571938 -288.378550
48.556326 -288.554693
49.540837 -288.730150
50.525349 -288.905607
51.510786 -289.075737
52.498518 -289.231735
53.487618 -289.379144
54.476718 -289.526552
55.465979 -289.672870
56.456302 -289.811695
57.447382 -289.945142
58.438462 -290.078589

[left] sid=206, seg=0, num=65
-2.732827 -272.307495
-1.801135 -272.670809
-0.869442 -273.034122
0.062251 -273.397435
1.002164 -273.738826
1.943056 -274.077603
2.883948 -274.416380
3.825327 -274.753802
4.766708 -275.091218
5.708090 -275.428633
6.649471 -275.766049
7.590852 -276.103465
8.532233 -276.440882
9.476799 -276.769190
10.424046 -277.089771
11.371292 -277.410352
12.321809 -277.720913
13.275770 -278.020926
14.229730 -278.320939
15.186290 -278.612455
16.144822 -278.897524
17.103354 -279.182592
18.061710 -279.468252
19.019939 -279.754337
19.978168 -280.040422
20.936398 -280.326506
21.894627 -280.612591
22.852856 -280.898676
23.811086 -281.184761
24.773265 -281.457035
25.737825 -281.720991
26.702385 -281.984947
27.666944 -282.248902
28.631504 -282.512858
29.596257 -282.776077
30.565747 -283.021307
31.535237 -283.266537
32.504726 -283.511768
33.475878 -283.750307
34.447375 -283.987459
35.418873 -284.224611
36.394283 -284.444660
37.372256 -284.653504
38.350229 -284.862349
39.328203 -285.071193
40.305705 -285.282227
41.283172 -285.493431
42.260638 -285.704635
43.238105 -285.915838
44.215571 -286.127042
45.193038 -286.338245
46.177703 -286.512698
47.162617 -286.685880
48.147531 -286.859062
49.132554 -287.031627
50.117580 -287.204172
51.102606 -287.376716
52.087632 -287.549260
53.077530 -287.690767
54.068042 -287.828369
55.058554 -287.965970
56.049066 -288.103572
57.042492 -288.217951
58.036287 -288.329397
59.030081 -288.440843

[right] sid=206, seg=0, num=66
-4.001945 -275.526923
-3.065530 -275.877888
-2.129116 -276.228853
-1.192701 -276.579817
-0.256287 -276.930782
0.680127 -277.281747
1.616986 -277.631514
2.555755 -277.976130
3.494525 -278.320746
4.433578 -278.664580
5.374878 -279.002222
6.316178 -279.339863
7.257479 -279.677504
8.198779 -280.015146
9.140079 -280.352788
10.084395 -280.681188
11.043689 -280.963680
12.002984 -281.246173
12.962278 -281.528666
13.921573 -281.811159
14.880867 -282.093651
15.840677 -282.374362
16.802798 -282.647073
17.764919 -282.919783
18.727040 -283.192494
19.689161 -283.465205
20.652214 -283.734591
21.615756 -284.002241
22.579297 -284.269891
23.544726 -284.530596
24.511141 -284.787673
25.477557 -285.044750
26.445721 -285.295114
27.414799 -285.541963
28.383878 -285.788813
29.352956 -286.035663
30.323847 -286.275238
31.295462 -286.511905
32.267078 -286.748573
33.238693 -286.985240
34.210308 -287.221907
35.181924 -287.458575
36.157651 -287.677398
37.134851 -287.889830
38.112052 -288.102262
39.089252 -288.314695
40.068365 -288.518119
41.047557 -288.721172
42.026749 -288.924226
43.005942 -289.127279
43.985134 -289.330332
44.966976 -289.519876
45.950306 -289.701838
46.933636 -289.883799
47.916966 -290.065761
48.900296 -290.247723
49.883625 -290.429685
50.869813 -290.595269
51.856662 -290.757062
52.843511 -290.918856
53.831465 -291.073721
54.819675 -291.226976
55.807886 -291.380231
56.796097 -291.533487
57.784308 -291.686743
58.748649 -291.939837

[center] sid=207, seg=0, num=48
81.269854 -291.795475
82.269813 -291.806868
83.269772 -291.818262
84.269731 -291.829655
85.269691 -291.841049
86.269612 -291.855180
87.269506 -291.871320
88.269400 -291.887459
89.269204 -291.908088
90.268946 -291.931857
91.268422 -291.963546
92.267513 -292.006726
93.266604 -292.049905
94.265696 -292.093085
95.264787 -292.136264
96.263113 -292.193737
97.261100 -292.257534
98.259086 -292.321331
99.256989 -292.386432
100.254032 -292.462923
101.250377 -292.548624
102.246722 -292.634324
103.242502 -292.726218
104.237729 -292.823974
105.232158 -292.929608
106.226587 -293.035241
107.221016 -293.140875
108.215445 -293.246509
109.209710 -293.353664
110.203864 -293.461856
111.198018 -293.570047
112.191027 -293.687820
113.182683 -293.816918
114.174338 -293.946016
115.165090 -294.081735
116.155037 -294.223337
117.144985 -294.364939
118.134932 -294.506542
119.123696 -294.656149
120.112259 -294.807116
121.100821 -294.958083
122.088554 -295.114373
123.076157 -295.271497
124.064993 -295.420478
125.054823 -295.562901
126.046926 -295.688074
127.041941 -295.781079
128.041105 -295.822540

[left] sid=207, seg=0, num=48
81.288958 -290.186765
82.288925 -290.197459
83.288892 -290.208154
84.288859 -290.218848
85.288826 -290.229542
86.288708 -290.245710
87.288529 -290.265897
88.288349 -290.286083
89.288169 -290.306269
90.287989 -290.326455
91.287528 -290.355351
92.286566 -290.399763
93.285603 -290.444174
94.284640 -290.488586
95.283677 -290.532998
96.281980 -290.590800
97.279877 -290.655984
98.277774 -290.721169
99.275671 -290.786353
100.272751 -290.862143
101.268851 -290.950640
102.264952 -291.039138
103.261052 -291.127636
104.257082 -291.216843
105.251277 -291.324655
106.245473 -291.432466
107.239668 -291.540278
108.233863 -291.648090
109.227804 -291.758190
110.221431 -291.871115
111.215059 -291.984040
112.207303 -292.107523
113.196479 -292.254412
114.185656 -292.401302
115.174833 -292.548191
116.164011 -292.695072
117.153189 -292.841953
118.142367 -292.988834
119.131414 -293.136595
120.120392 -293.284820
121.109369 -293.433045
122.098517 -293.580126
123.087771 -293.726494
124.077025 -293.872863
125.070669 -293.981265
126.068281 -293.992389
127.066850 -293.938447
128.064858 -293.875419

[right] sid=207, seg=0, num=48
81.121717 -293.402625
82.121668 -293.414717
83.121619 -293.426810
84.121570 -293.438902
85.121521 -293.450995
86.121472 -293.463087
87.121423 -293.475179
88.121374 -293.487272
89.121325 -293.499365
90.120930 -293.524249
91.120074 -293.566196
92.119218 -293.608143
93.118361 -293.650091
94.117505 -293.692038
95.116649 -293.733985
96.115568 -293.780089
97.113413 -293.846072
98.111257 -293.912055
99.109102 -293.978038
100.106947 -294.044021
101.104792 -294.110004
102.099736 -294.210095
103.094394 -294.313550
104.089052 -294.417005
105.083710 -294.520460
106.078368 -294.623916
107.073026 -294.727371
108.067684 -294.830826
109.062342 -294.934281
110.056999 -295.037737
111.051657 -295.141192
112.046315 -295.244647
113.040973 -295.348102
114.034741 -295.458930
115.025430 -295.595250
116.016118 -295.731570
117.006807 -295.867889
117.997496 -296.004209
118.988185 -296.140528
119.975916 -296.296064
120.961750 -296.463927
121.947585 -296.631790
122.933419 -296.799653
123.919253 -296.967516
124.905087 -297.135379
125.888763 -297.314990
126.869876 -297.508547
127.850989 -297.702104

[center] sid=208, seg=0, num=28
128.348000 -295.835275
129.347799 -295.814077
130.346327 -295.770461
131.342108 -295.678439
132.338295 -295.590921
133.334513 -295.503759
134.330732 -295.416598
135.326515 -295.324845
136.321371 -295.223298
137.316226 -295.121751
138.309765 -295.008085
139.303230 -294.893732
140.299589 -294.812974
141.298061 -294.757411
142.296999 -294.710822
143.295937 -294.664234
144.294875 -294.617645
145.293814 -294.571056
146.293220 -294.589077
147.292729 -294.621173
148.292237 -294.653270
149.291746 -294.685366
150.291254 -294.717462
151.290763 -294.749559
152.256050 -294.995757
153.215764 -295.276817
154.175479 -295.557877
155.135193 -295.838938

[left] sid=208, seg=0, num=14
137.370945 -293.061854
138.368314 -292.989029
139.365951 -292.920346
140.364401 -292.864258
141.362851 -292.808169
142.361173 -292.749850
143.359486 -292.691384
144.358648 -292.657054
145.358603 -292.645264
146.358557 -292.633474
147.358532 -292.623650
148.358516 -292.614764
149.358441 -292.610947
150.357932 -292.643562

[right] sid=208, seg=0, num=16
137.708918 -296.882945
138.699107 -296.743037
139.690412 -296.612666
140.686165 -296.520343
141.683301 -296.449023
142.682565 -296.410032
143.681829 -296.371062
144.681211 -296.343779
145.681043 -296.363399
146.679206 -296.412328
147.674808 -296.506261
148.667917 -296.619655
149.655046 -296.779728
150.643505 -296.931349
151.632102 -297.082086
152.616682 -297.255626

[center] sid=209, seg=0, num=151
67.238032 -300.151122
67.324631 -301.147395
67.411229 -302.143668
67.497828 -303.139941
67.586061 -304.136064
67.681670 -305.131513
67.777278 -306.126961
67.872887 -307.122410
67.968499 -308.117858
68.061887 -309.113515
68.152434 -310.109436
68.242980 -311.105358
68.332753 -312.101350
68.421740 -313.097412
68.510726 -314.093475
68.599816 -315.089528
68.690326 -316.085453
68.780837 -317.081378
68.871346 -318.077304
68.965154 -319.072922
69.060115 -320.068432
69.155076 -321.063943
69.252834 -322.059181
69.351691 -323.054312
69.450549 -324.049444
69.549379 -325.044578
69.648285 -326.039704
69.747191 -327.034830
69.846098 -328.029957
69.945004 -329.025083
70.041001 -330.020491
70.134404 -331.016149
70.227808 -332.011807
70.324790 -333.007116
70.425481 -334.002063
70.526172 -334.997010
70.630476 -335.991572
70.793302 -336.977666
70.978302 -337.960434
71.200189 -338.934782
71.462455 -339.899616
71.855471 -340.819177
72.327606 -341.700637
72.972582 -342.455189
73.725397 -343.111122
74.613919 -343.553264
75.576069 -343.804703
76.561916 -343.972177
77.550897 -344.120384
78.539877 -344.268591
79.534986 -344.367274
80.530262 -344.464598
81.527982 -344.532431
82.525709 -344.600172
83.523436 -344.667913
84.521163 -344.735654
85.518890 -344.803395
86.516617 -344.871136
87.514421 -344.937723
88.512147 -345.005445
89.509592 -345.077220
90.507036 -345.148994
91.504481 -345.220769
92.501926 -345.292544
93.499371 -345.364318
94.496816 -345.436093
95.494261 -345.507867
96.491706 -345.579642
97.488835 -345.655550
98.485606 -345.736135
99.482378 -345.816720
100.479478 -345.892872
101.477253 -345.959891
102.475029 -346.026911
103.472925 -346.092049
104.471108 -346.152697
105.469291 -346.213346
106.467738 -346.269460
107.466305 -346.314333
108.465608 -346.276355
109.464911 -346.238377
110.435753 -346.037565
111.377880 -345.705153
112.253068 -345.229697
113.029003 -344.604567
113.758624 -343.920674
114.472598 -343.221455
115.125740 -342.464902
115.737255 -341.673632
116.348770 -340.882362
116.953716 -340.086090
117.553915 -339.286203
118.154462 -338.486578
118.760318 -337.690968
119.366175 -336.895357
119.972013 -336.099732
120.577504 -335.303843
121.182717 -334.507743
121.787850 -333.711582
122.392984 -332.915421
122.998118 -332.119261
123.603252 -331.323101
124.208386 -330.526940
124.813519 -329.730779
125.420175 -328.935781
126.028872 -328.142341
126.637569 -327.348901
127.246266 -326.555462
127.854963 -325.762022
128.463660 -324.968583
129.079523 -324.180734
129.701023 -323.397283
130.322524 -322.613832
130.945009 -321.831163
131.567952 -321.048859
132.189989 -320.265834
132.811622 -319.482489
133.433256 -318.699144
134.051337 -317.912999
134.667359 -317.125233
135.283381 -316.337467
135.899403 -315.549702
136.508143 -314.756332
137.111824 -313.959069
137.715505 -313.161807
138.318780 -312.364237
138.922415 -311.566940
139.526142 -310.769712
140.129870 -309.972485
140.737620 -309.178321
141.345697 -308.384406
141.953773 -307.590491
142.610974 -306.837064
143.274146 -306.088559
143.942969 -305.345334
144.644916 -304.633065
145.346863 -303.920796
146.124666 -303.294088
146.953013 -302.741494
147.875500 -302.360431
148.818498 -302.027556
149.761496 -301.694681
150.723963 -301.424589
151.689843 -301.165502
152.655723 -300.906414
153.621603 -300.647326
154.607251 -300.484279
155.596932 -300.340820
156.586613 -300.197361
157.576294 -300.053903
158.565975 -299.910444

[left] sid=209, seg=0, num=12
143.298444 -301.496592
144.219152 -301.108735
145.170369 -300.800131
146.126234 -300.506686
147.086958 -300.229088
148.055117 -299.980943
149.032482 -299.769269
150.009848 -299.557596
150.987747 -299.348402
151.965814 -299.139992
152.944046 -298.932362
153.922502 -298.725788

[right] sid=209, seg=0, num=6
150.860042 -303.387325
151.811628 -303.079860
152.763214 -302.772394
153.715013 -302.465615
154.673393 -302.180031
155.631773 -301.894448

[center] sid=210, seg=0, num=19
167.008115 -302.213928
167.758591 -302.874864
168.509066 -303.535799
169.259541 -304.196735
170.010016 -304.857670
170.760492 -305.518606
171.510967 -306.179542
172.261442 -306.840477
173.011917 -307.501413
173.762393 -308.162348
174.559726 -308.764956
175.366863 -309.355361
176.174000 -309.945765
176.977456 -310.541159
177.781193 -311.136169
178.588818 -311.725906
179.406235 -312.301800
180.231231 -312.866981
181.057066 -313.430934

[left] sid=210, seg=0, num=13
172.910549 -304.113644
173.675757 -304.757465
174.440965 -305.401286
175.206172 -306.045107
175.957755 -306.704703
176.706009 -307.368152
177.454263 -308.031602
178.202517 -308.695051
178.950771 -309.358500
179.709635 -310.009691
180.473526 -310.655074
181.237417 -311.300457
182.001308 -311.945840

[right] sid=210, seg=0, num=12
171.002475 -309.598246
171.867610 -310.099833
172.732744 -310.601421
173.597878 -311.103008
174.462555 -311.605360
175.313372 -312.130867
176.164189 -312.656374
177.015007 -313.181881
177.865824 -313.707388
178.724742 -314.219307
179.591574 -314.717955
180.458406 -315.216603

[center] sid=211, seg=0, num=90
340.315935 -430.433033
341.084782 -431.072227
341.872082 -431.688835
342.659260 -432.305599
343.445685 -432.923322
344.232111 -433.541045
345.019528 -434.157492
345.812047 -434.767378
346.604565 -435.377264
347.397084 -435.987150
348.188919 -436.597919
348.978275 -437.211893
349.767632 -437.825867
350.556988 -438.439840
351.346344 -439.053814
352.135995 -439.667408
352.925700 -440.280933
353.715404 -440.894458
354.502662 -441.511112
355.288261 -442.129885
356.073860 -442.748659
356.862932 -443.362990
357.653017 -443.976025
358.439629 -444.593507
359.225755 -445.211611
360.011648 -445.830010
360.793081 -446.454037
361.574513 -447.078063
362.350763 -447.708507
363.120089 -448.347355
363.884851 -448.991705
364.649613 -449.636055
365.413303 -450.281650
366.164621 -450.941626
366.915938 -451.601603
367.667256 -452.261579
368.409170 -452.932102
369.150663 -453.603099
369.892156 -454.274095
370.630345 -454.948707
371.365557 -455.626580
372.100769 -456.304452
372.832810 -456.985721
373.559594 -457.672622
374.286377 -458.359523
375.010837 -459.048859
375.731247 -459.742443
376.451656 -460.436026
377.162830 -461.139008
377.868852 -461.847231
378.574875 -462.555454
379.276917 -463.267618
379.978151 -463.980583
380.679384 -464.693548
381.373975 -465.412970
382.066754 -466.134153
382.759534 -466.855336
383.452340 -467.576493
384.135554 -468.306655
384.811561 -469.043583
385.487567 -469.780511
386.155118 -470.525045
386.816506 -471.275121
387.478364 -472.024783
388.140291 -472.774383
388.802218 -473.523984
389.443672 -474.291166
390.084666 -475.058744
390.725538 -475.826421
391.355235 -476.603294
391.984932 -477.380166
392.614628 -478.157039
393.244325 -478.933911
393.868442 -479.715231
394.485199 -480.502415
395.101957 -481.289600
395.718714 -482.076784
396.335472 -482.863968
396.952229 -483.651153
397.568987 -484.438337
398.185744 -485.225521
398.802502 -486.012706
399.419259 -486.799890
399.998635 -487.612300
400.497800 -488.478836
400.996965 -489.345372
401.496131 -490.211908
401.995296 -491.078444
402.494462 -491.944980
402.993627 -492.811516

[left] sid=211, seg=0, num=74
341.337595 -429.096079
342.079667 -429.765312
342.861532 -430.388798
343.643583 -431.012048
344.426956 -431.633638
345.210329 -432.255228
345.995284 -432.874788
346.789510 -433.482449
347.583735 -434.090110
348.377961 -434.697771
349.170630 -435.307441
349.957298 -435.924855
350.743967 -436.542268
351.530635 -437.159682
352.317303 -437.777096
353.106546 -438.391212
353.896324 -439.004643
354.686101 -439.618075
355.471193 -440.237458
356.252880 -440.861167
357.034567 -441.484876
357.823508 -442.099345
358.614795 -442.710829
359.400475 -443.329488
360.185233 -443.949328
360.969926 -444.569250
361.751109 -445.193590
362.532293 -445.817929
363.305597 -446.451948
364.069013 -447.097809
364.825531 -447.751817
365.582050 -448.405825
366.338569 -449.059833
367.092518 -449.716801
367.846368 -450.373883
368.600219 -451.030965
369.343959 -451.699436
370.085777 -452.370072
370.827596 -453.040708
371.568642 -453.712195
372.308359 -454.385148
373.048077 -455.058101
373.785028 -455.734037
374.512045 -456.420692
375.239061 -457.107347
375.964327 -457.795830
376.682077 -458.492165
377.399827 -459.188500
378.111016 -459.891464
378.814695 -460.602015
379.518375 -461.312566
380.221081 -462.024080
380.923151 -462.736221
381.625221 -463.448362
382.323873 -464.163845
383.019841 -464.881951
383.715809 -465.600057
384.415193 -466.314804
385.111646 -467.032128
385.784719 -467.771737
386.457791 -468.511346
387.123527 -469.257421
387.772655 -470.018132
388.429770 -470.771899
389.092817 -471.520509
389.755864 -472.269120
390.410394 -473.025134
391.059566 -473.785808
391.708738 -474.546482
392.345374 -475.317578
392.974809 -476.094663
393.604244 -476.871747
394.233679 -477.648832
394.863051 -478.425967

[left] sid=211, seg=1, num=4
395.301559 -478.968890
395.929905 -479.746856
396.558251 -480.524821
397.186597 -481.302786

[right] sid=211, seg=0, num=74
339.146262 -431.656897
339.940893 -432.264028
340.735525 -432.871159
341.526266 -433.483337
342.315724 -434.097179
343.105182 -434.711022
343.894640 -435.324864
344.684099 -435.938706
345.473608 -436.552482
346.265762 -437.162842
347.057916 -437.773202
347.850070 -438.383562
348.642223 -438.993922
349.434377 -439.604281
350.226531 -440.214641
351.016479 -440.827852
351.806111 -441.441470
352.595744 -442.055088
353.385377 -442.668706
354.175009 -443.282324
354.964521 -443.896097
355.753401 -444.510682
356.542282 -445.125266
357.331163 -445.739850
358.120043 -446.354435
358.905566 -446.973293
359.689464 -447.594222
360.470252 -448.219042
361.249215 -448.846150
362.028178 -449.473257
362.807142 -450.100364
363.586105 -450.727471
364.345050 -451.378286
365.093823 -452.041147
365.842597 -452.704009
366.591370 -453.366870
367.340144 -454.029731
368.088918 -454.692593
368.820817 -455.374007
369.551490 -456.056769
370.282164 -456.739531
371.012837 -457.422293
371.743511 -458.105054
372.474184 -458.787816
373.197425 -459.478445
373.920483 -460.169266
374.643541 -460.860088
375.366598 -461.550910
376.089656 -462.241732
376.797830 -462.947638
377.498226 -463.661426
378.198622 -464.375214
378.899017 -465.089002
379.599413 -465.802791
380.299809 -466.516579
380.994067 -467.236213
381.672998 -467.970448
382.351928 -468.704684
383.030859 -469.438919
383.709789 -470.173155
384.388719 -470.907391
385.067648 -471.641627
385.738237 -472.383457
386.405711 -473.128122
387.073185 -473.872787
387.716383 -474.638269
388.350485 -475.411550
388.983718 -476.185540
389.613676 -476.962201
390.243634 -477.738861
390.873592 -478.515522
391.503551 -479.292181
392.133510 -480.068841
392.763468 -480.845502

[right] sid=211, seg=1, num=4
392.810977 -480.904075
393.427720 -481.691064
394.029084 -482.490070
394.630448 -483.289075

[right] sid=211, seg=2, num=5
398.207701 -489.650597
398.588338 -490.575351
398.923060 -491.517127
399.198421 -492.477940
399.448480 -493.446199

[center] sid=212, seg=0, num=46
414.440613 -509.910599
414.991694 -510.745081
415.542774 -511.579562
416.093855 -512.414044
416.643573 -513.249345
417.122374 -514.127298
417.601175 -515.005251
418.079976 -515.883203
418.558777 -516.761156
419.037578 -517.639108
419.516378 -518.517061
419.995179 -519.395013
420.473980 -520.272966
420.952781 -521.150918
421.431582 -522.028871
421.899868 -522.912435
422.362688 -523.798916
422.825509 -524.685397
423.281985 -525.575148
423.735426 -526.466463
424.182714 -527.360875
424.628462 -528.256062
425.074210 -529.151249
425.521252 -530.045790
425.969017 -530.939970
426.416782 -531.834150
426.863206 -532.728996
427.302400 -533.627411
427.737671 -534.527739
428.172942 -535.428067
428.605771 -536.329547
429.024084 -537.237879
429.442396 -538.146211
429.860255 -539.054751
430.276716 -539.963932
430.693539 -540.872949
431.110361 -541.781965
431.516150 -542.695923
431.916701 -543.612225
432.317252 -544.528528
432.715816 -545.445696
433.107654 -546.365727
433.491167 -547.289291
433.874680 -548.212855
434.270766 -549.130966
434.684151 -550.041548

[left] sid=212, seg=0, num=35
422.031823 -519.557293
422.484028 -520.449236
422.936232 -521.341179
423.388204 -522.233240
423.840105 -523.125337
424.292007 -524.017434
424.743908 -524.909530
425.195809 -525.801627
425.638667 -526.698239
426.080119 -527.595552
426.521572 -528.492865
426.963330 -529.390028
427.405895 -530.286793
427.848459 -531.183558
428.291024 -532.080324
428.729132 -532.979255
429.160741 -533.881344
429.592349 -534.783434
430.021693 -535.686589
430.441528 -536.594218
430.861363 -537.501847
431.281197 -538.409476
431.702417 -539.316462
432.124911 -540.222856
432.547405 -541.129250
432.954705 -542.042495
433.354209 -542.959255
433.753713 -543.876015
434.153217 -544.792775
434.548675 -545.711268
434.936757 -546.632921
435.324838 -547.554574
435.734556 -548.466314
436.182496 -549.360381
436.641261 -550.248967

[right] sid=212, seg=0, num=34
419.081514 -521.124353
419.555185 -522.005084
420.028856 -522.885814
420.502528 -523.766545
420.976199 -524.647276
421.449870 -525.528006
421.915800 -526.412763
422.364748 -527.306349
422.813697 -528.199935
423.262646 -529.093521
423.714524 -529.985628
424.167470 -530.877194
424.620417 -531.768761
425.073364 -532.660327
425.522624 -533.553730
425.961550 -534.452281
426.400477 -535.350833
426.839403 -536.249385
427.278329 -537.147937
427.695635 -538.056659
428.107942 -538.967732
428.520249 -539.878806
428.932555 -540.789879
429.344862 -541.700953
429.754786 -542.613088
430.156385 -543.528932
430.557983 -544.444776
430.959582 -545.360620
431.361180 -546.276465
431.740386 -547.201801
432.119321 -548.127253
432.498256 -549.052704
432.877190 -549.978156
433.256125 -550.903608

[right] sid=212, seg=1, num=2
413.902867 -514.710012
414.647801 -515.372058

[center] sid=213, seg=0, num=65
456.896227 -624.381981
456.997345 -625.376883
457.120521 -626.369221
457.247432 -627.361147
457.363947 -628.354364
457.480462 -629.347580
457.591432 -630.341408
457.693880 -631.336174
457.793802 -632.331179
457.879463 -633.327531
457.965123 -634.323883
458.050746 -635.320239
458.135410 -636.316671
458.208684 -637.314011
458.281958 -638.311351
458.355049 -639.308704
458.421076 -640.306524
458.477533 -641.304957
458.533989 -642.303390
458.586967 -643.302006
458.635942 -644.300834
458.684917 -645.299662
458.734821 -646.298443
458.763015 -647.297959
458.781234 -648.297821
458.799453 -649.297683
458.807098 -650.297677
458.813865 -651.297683
458.820631 -652.297688
458.834324 -653.297622
458.848100 -654.297555
458.861499 -655.297492
458.862084 -656.297507
458.858142 -657.297528
458.854200 -658.297548
458.844419 -659.297510
458.828362 -660.297409
458.812305 -661.297308
458.796693 -662.297215
458.781516 -663.297127
458.766340 -664.297040
458.747077 -665.296878
458.725527 -666.296674
458.703977 -667.296470
458.674010 -668.296032
458.643732 -669.295602
458.613454 -670.295172
458.583176 -671.294741
458.543209 -672.293950
458.498930 -673.292997
458.454650 -674.292045
458.405657 -675.290867
458.344196 -676.289003
458.282440 -677.287123
458.220685 -678.285243
458.155016 -679.283081
458.073557 -680.279786
457.992099 -681.276492
457.904152 -682.272627
457.812857 -683.268453
457.713382 -684.263522
457.613907 -685.258591
457.514995 -686.253715
457.416899 -687.248921
457.318804 -688.244126

[left] sid=213, seg=0, num=66
458.365342 -624.170687
458.425189 -625.168922
458.533159 -626.162744
458.653538 -627.155488
458.764070 -628.149388
458.874602 -629.143289
458.977907 -630.137917
459.067877 -631.133889
459.158032 -632.129845
459.249721 -633.125660
459.341410 -634.121476
459.433099 -635.117291
459.524788 -636.113107
459.611768 -637.109344
459.698617 -638.105594
459.785466 -639.101843
459.867564 -640.098455
459.932873 -641.096348
459.998183 -642.094241
460.051543 -643.092696
460.080168 -644.092314
460.108792 -645.091932
460.137416 -646.091550
460.164696 -647.091205
460.191057 -648.090886
460.217417 -649.090566
460.231225 -650.090466
460.239833 -651.090457
460.248441 -652.090448
460.264066 -653.090349
460.281237 -654.090229
460.298408 -655.090110
460.309086 -656.090038
460.306459 -657.090062
460.303832 -658.090087
460.296657 -659.090061
460.276990 -660.089896
460.257324 -661.089730
460.237657 -662.089565
460.217990 -663.089400
460.198324 -664.089235
460.174090 -665.088955
460.143575 -666.088517
460.113061 -667.088080
460.082547 -668.087642
460.061015 -669.087436
460.039980 -670.087243
460.018945 -671.087050
459.985932 -672.086437
459.936895 -673.085262
459.887859 -674.084087
459.838822 -675.082913
459.782284 -676.081328
459.722121 -677.079545
459.661957 -678.077761
459.601793 -679.075978
459.529012 -680.073346
459.454833 -681.070619
459.380653 -682.067892
459.304332 -683.064978
459.204467 -684.060008
459.104603 -685.055037
459.005159 -686.050107
458.913840 -687.045958
458.822520 -688.041808
458.731201 -689.037658

[right] sid=213, seg=0, num=58
455.411347 -624.483666
455.553705 -625.473509
455.696062 -626.463352
455.828290 -627.454568
455.954461 -628.446604
456.078105 -629.438947
456.193019 -630.432350
456.307934 -631.425754
456.420504 -632.419385
456.499748 -633.416269
456.578992 -634.413152
456.658235 -635.410035
456.737479 -636.406918
456.796890 -637.405175
456.855834 -638.403464
456.914779 -639.401753
456.966680 -640.400418
457.014278 -641.399313
457.061876 -642.398207
457.109474 -643.397102
457.181061 -644.394539
457.254682 -645.391853
457.328303 -646.389167
457.389095 -647.386914
457.382761 -648.386922
457.376426 -649.386930
457.370091 -650.386938
457.365436 -651.386929
457.392466 -652.386591
457.419497 -653.386254
457.425655 -654.386144
457.420398 -655.386158
457.415141 -656.386172
457.409884 -657.386186
457.404627 -658.386201
457.399370 -659.386215
457.385715 -660.386146
457.371210 -661.386069
457.356704 -662.385992
457.345704 -663.385956
457.337075 -664.385946
457.328445 -665.385937
457.319816 -666.385928
457.305334 -667.385778
457.265813 -668.385025
457.226292 -669.384272
457.186772 -670.383519
457.147251 -671.382766
457.107730 -672.382013
457.068209 -673.381260
457.028689 -674.380507
456.976091 -675.379081
456.912744 -676.377100
456.849397 -677.375120
456.786050 -678.373140
456.722702 -679.371160
456.659355 -680.369180
456.537099 -681.361391

[right] sid=213, seg=1, num=8
456.503648 -681.611046
456.407547 -682.606446
456.311445 -683.601846
456.215344 -684.597246
456.111180 -685.591832
456.006313 -686.586347
455.901447 -687.580862
455.796580 -688.575377

[center] sid=214, seg=0, num=65
453.843269 -624.668094
453.972858 -625.659689
454.102446 -626.651285
454.228018 -627.643392
454.351195 -628.635805
454.471654 -629.628537
454.582417 -630.622412
454.693180 -631.616287
454.801092 -632.610452
454.888813 -633.606625
454.976535 -634.602798
455.063654 -635.599022
455.145869 -636.595663
455.216624 -637.593184
455.287378 -638.590706
455.357675 -639.588258
455.416232 -640.586563
455.472265 -641.585020
455.528298 -642.583477
455.569550 -643.582615
455.619429 -644.581398
455.669309 -645.580181
455.719482 -646.578947
455.771015 -647.577278
455.776141 -648.577293
455.781268 -649.577308
455.782929 -650.577324
455.782350 -651.577326
455.794367 -652.577282
455.806383 -653.577238
455.808112 -654.577254
455.807912 -655.577282
455.807712 -656.577311
455.809687 -657.577336
455.812110 -658.577361
455.814147 -659.577386
455.811944 -660.577412
455.809741 -661.577438
455.807538 -662.577463
455.798860 -663.577448
455.788279 -664.577420
455.777699 -665.577392
455.765462 -666.577345
455.743234 -667.577059
455.706962 -668.576429
455.670691 -669.575799
455.630553 -670.575011
455.585340 -671.574017
455.540126 -672.573023
455.492547 -673.571915
455.442240 -674.570677
455.382183 -675.568891
455.320231 -676.566999
455.258279 -677.565106
455.197712 -678.563298
455.137418 -679.561507
455.072292 -680.559333
454.975266 -681.554638
454.892487 -682.551235
454.809707 -683.547831
454.726928 -684.544427
454.619331 -685.538641
454.510973 -686.532781
454.402504 -687.526910
454.291445 -688.520752

[left] sid=214, seg=0, num=58
455.411347 -624.483666
455.553705 -625.473509
455.696062 -626.463352
455.828290 -627.454568
455.954461 -628.446604
456.078105 -629.438947
456.193019 -630.432350
456.307934 -631.425754
456.420504 -632.419385
456.499748 -633.416269
456.578992 -634.413152
456.658235 -635.410035
456.737479 -636.406918
456.796890 -637.405175
456.855834 -638.403464
456.914779 -639.401753
456.966680 -640.400418
457.014278 -641.399313
457.061876 -642.398207
457.109474 -643.397102
457.181061 -644.394539
457.254682 -645.391853
457.328303 -646.389167
457.389095 -647.386914
457.382761 -648.386922
457.376426 -649.386930
457.370091 -650.386938
457.365436 -651.386929
457.392466 -652.386591
457.419497 -653.386254
457.425655 -654.386144
457.420398 -655.386158
457.415141 -656.386172
457.409884 -657.386186
457.404627 -658.386201
457.399370 -659.386215
457.385715 -660.386146
457.371210 -661.386069
457.356704 -662.385992
457.345704 -663.385956
457.337075 -664.385946
457.328445 -665.385937
457.319816 -666.385928
457.305334 -667.385778
457.265813 -668.385025
457.226292 -669.384272
457.186772 -670.383519
457.147251 -671.382766
457.107730 -672.382013
457.068209 -673.381260
457.028689 -674.380507
456.976091 -675.379081
456.912744 -676.377100
456.849397 -677.375120
456.786050 -678.373140
456.722702 -679.371160
456.659355 -680.369180
456.537099 -681.361391

[left] sid=214, seg=1, num=8
456.503648 -681.611046
456.407547 -682.606446
456.311445 -683.601846
456.215344 -684.597246
456.111180 -685.591832
456.006313 -686.586347
455.901447 -687.580862
455.796580 -688.575377

[right] sid=214, seg=0, num=64
452.273164 -624.835285
452.389958 -625.828469
452.506752 -626.821653
452.624461 -627.814727
452.745299 -628.807427
452.866137 -629.800127
452.982506 -630.793322
453.081632 -631.788424
453.180758 -632.783527
453.279885 -633.778630
453.379011 -634.773732
453.467855 -635.769791
453.553750 -636.766123
453.639645 -637.762455
453.725541 -638.758787
453.800091 -639.756004
453.869885 -640.753594
453.939679 -641.751183
453.999905 -642.749220
454.023572 -643.748968
454.047239 -644.748716
454.070906 -645.748464
454.108196 -646.747634
454.169259 -647.745796
454.202499 -648.744766
454.199492 -649.744790
454.196485 -650.744813
454.193478 -651.744837
454.190471 -652.744860
454.187464 -653.744884
454.184458 -654.744908
454.191735 -655.744895
454.201839 -656.744872
454.211943 -657.744849
454.222047 -658.744826
454.232151 -659.744803
454.242255 -660.744780
454.252359 -661.744757
454.262463 -662.744734
454.259594 -663.744668
454.242991 -664.744559
454.226387 -665.744449
454.209784 -666.744339
454.184530 -667.744013
454.151080 -668.743482
454.117629 -669.742950
454.080127 -670.742241
454.025861 -671.740796
453.971594 -672.739351
453.912509 -673.737626
453.851050 -674.735764
453.789591 -675.733902
453.728131 -676.732040
453.669752 -677.730361
453.612512 -678.728750
453.555271 -679.727138
453.498030 -680.725527
453.432539 -681.723392
453.363103 -682.721007
453.293666 -683.718622
453.224230 -684.716237
453.110199 -685.709670
452.992951 -686.702801
452.875703 -687.695932

[center] sid=215, seg=0, num=66
460.179340 -692.830998
460.316535 -691.840425
460.453730 -690.849852
460.586698 -689.858712
460.715468 -688.867009
460.844238 -687.875306
460.965222 -686.882745
461.055426 -685.886793
461.145630 -684.890841
461.235384 -683.894850
461.317751 -682.898227
461.395925 -681.901259
461.474098 -680.904291
461.552315 -679.907326
461.622692 -678.909787
461.690653 -677.912071
461.758613 -676.914354
461.823492 -675.916438
461.883195 -674.918193
461.942899 -673.919949
461.996509 -672.921381
462.042720 -671.922421
462.088932 -670.923462
462.128961 -669.924263
462.152887 -668.924530
462.174422 -667.924733
462.195956 -666.924937
462.215097 -665.925093
462.231237 -664.925195
462.247305 -663.925296
462.263373 -662.925397
462.271532 -661.925415
462.273273 -660.925388
462.275014 -659.925362
462.276755 -658.925335
462.278924 -657.925310
462.282949 -656.925290
462.286974 -655.925270
462.291061 -654.925250
462.293617 -653.925231
462.290195 -652.925209
462.286773 -651.925187
462.282418 -650.925170
462.274080 -649.925177
462.266083 -648.925181
462.258095 -647.925185
462.226132 -646.925848
462.179120 -645.926926
462.132108 -644.928004
462.083958 -643.929139
462.031669 -642.930479
461.979379 -641.931819
461.925814 -640.933238
461.854835 -639.935732
461.783855 -638.938227
461.708422 -637.941053
461.630967 -636.944029
461.553002 -635.947046
461.469979 -634.950471
461.386955 -633.953895
461.303740 -632.957336
461.216997 -631.961078
461.121858 -630.965591
461.025466 -629.970220
460.929074 -628.974849
460.806298 -627.982504

[left] sid=215, seg=0, num=66
458.587541 -692.610411
458.724872 -691.619857
458.862202 -690.629303
458.991134 -689.637656
459.111749 -688.644928
459.232363 -687.652200
459.348343 -686.658963
459.446047 -685.663719
459.543751 -684.668475
459.641454 -683.673231
459.730035 -682.677166
459.811666 -681.680475
459.893297 -680.683784
459.974927 -679.687093
460.045800 -678.689588
460.115023 -677.691958
460.184246 -676.694329
460.248806 -675.696404
460.305944 -674.698010
460.363083 -673.699615
460.410036 -672.700727
460.449773 -671.701488
460.489510 -670.702250
460.529248 -669.703011
460.554443 -668.703308
460.578595 -667.703572
460.602747 -666.703835
460.626174 -665.704083
460.646018 -664.704252
460.665862 -663.704421
460.685706 -662.704589
460.693964 -661.704643
460.693980 -660.704615
460.693997 -659.704587
460.694013 -658.704559
460.695335 -657.704533
460.698595 -656.704510
460.701856 -655.704488
460.705117 -654.704465
460.707989 -653.704441
460.710371 -652.704416
460.712754 -651.704391
460.715137 -650.704365
460.719098 -649.704349
460.728606 -648.704367
460.738115 -647.704384
460.695714 -646.705396
460.647890 -645.706512
460.600067 -644.707629
460.548250 -643.708951
460.493026 -642.710449
460.437802 -641.711947
460.374494 -640.713977
460.298527 -639.716839
460.222442 -638.719710
460.133799 -637.723619
460.045156 -636.727528
459.959163 -635.731209
459.876930 -634.734568
459.794697 -633.737927
459.712464 -632.741286
459.623967 -631.745248
459.514542 -630.751226
459.405116 -629.757203
459.292560 -628.763552
459.166410 -627.771513

[right] sid=215, seg=0, num=67
461.757849 -693.147545
461.895035 -692.156971
462.032065 -691.166375
462.168983 -690.175764
462.305901 -689.185153
462.442820 -688.194542
462.579738 -687.203931
462.675856 -686.208985
462.750150 -685.211720
462.824444 -684.214456
462.898738 -683.217191
462.973231 -682.219941
463.048132 -681.222722
463.123033 -680.225502
463.197934 -679.228283
463.265248 -678.230539
463.328368 -677.232505
463.391487 -676.234470
463.454606 -675.236436
463.517725 -674.238402
463.576496 -673.240111
463.631103 -672.241575
463.685710 -671.243039
463.729793 -670.244098
463.751930 -669.244315
463.774067 -668.244532
463.792043 -667.244677
463.804436 -666.244726
463.816828 -665.244775
463.829220 -664.244823
463.841613 -663.244872
463.848015 -662.244873
463.851481 -661.244851
463.854947 -660.244829
463.858413 -659.244807
463.861879 -658.244785
463.865345 -657.244763
463.870566 -656.244749
463.876006 -655.244736
463.881447 -654.244722
463.886887 -653.244709
463.876032 -652.244807
463.856972 -651.244961
463.837912 -650.245114
463.818852 -649.245268
463.799792 -648.245422
463.760699 -647.246229
463.714496 -646.247270
463.668293 -645.248310
463.622334 -644.249338
463.577090 -643.250335
463.531846 -642.251331
463.480536 -641.252665
463.414546 -640.254817
463.348556 -639.256968
463.282567 -638.259120
463.216308 -637.261290
463.149990 -636.263464
463.083673 -635.265637
462.998709 -634.269285
462.907457 -633.273429
462.816206 -632.277573
462.729870 -631.281320
462.659975 -630.283738
462.590080 -629.286156
462.464740 -628.294343
462.327758 -627.303742

[center] sid=216, seg=0, num=17
460.683159 -627.053811
460.554138 -626.062142
460.425117 -625.070472
460.296097 -624.078802
460.167076 -623.087133
460.038056 -622.095463
459.909035 -621.103794
459.780015 -620.112124
459.650994 -619.120454
459.521973 -618.128785
459.392953 -617.137115
459.254975 -616.146705
459.105495 -615.157912
458.954947 -614.169284
458.801429 -613.181110
458.647912 -612.192936
458.494394 -611.204763

[left] sid=216, seg=0, num=7
457.860279 -618.001898
457.723218 -617.011307
457.586156 -616.020717
457.449095 -615.030127
457.308205 -614.040078
457.165331 -613.050309
457.022456 -612.060541

[left] sid=216, seg=1, num=4
459.098294 -627.235851
458.986073 -626.242140
458.873852 -625.248429
458.761631 -624.254718

[right] sid=216, seg=0, num=7
461.148059 -617.578646
460.986179 -616.591808
460.824298 -615.604970
460.662418 -614.618132
460.500538 -613.631294
460.346117 -612.643265
460.213178 -611.654146

[center] sid=217, seg=0, num=93
454.223795 -589.768030
453.984087 -588.797157
453.744379 -587.826284
453.504671 -586.855412
453.257329 -585.886459
453.009148 -584.917718
452.760968 -583.948976
452.508955 -582.981226
452.256258 -582.013653
451.992705 -581.049003
451.725357 -580.085375
451.458008 -579.121747
451.187672 -578.158956
450.916215 -577.196477
450.644758 -576.233999
450.364071 -575.274187
450.080506 -574.315206
449.796941 -573.356225
449.513054 -572.397340
449.208500 -571.444827
448.903095 -570.492576
448.597748 -569.540307
448.292554 -568.587989
447.987361 -567.635671
447.675262 -566.685644
447.350497 -565.739821
447.025733 -564.793999
446.700364 -563.848384
446.371412 -562.904014
446.039004 -561.960850
445.706597 -561.017687
445.373709 -560.074692
445.035974 -559.133428
444.696111 -558.192925
444.356248 -557.252422
444.012983 -556.313175
443.660475 -555.377338
443.307967 -554.441501
442.955129 -553.505789
442.601394 -552.570415
442.244237 -551.636345
441.886210 -550.702605
441.528183 -549.768866
441.168637 -548.835723
440.795939 -547.907742
440.423242 -546.979761
440.048887 -546.052466
439.656547 -545.132617
439.264207 -544.212769
438.867574 -543.294779
438.465295 -542.379233
438.063016 -541.463688
437.662050 -540.547568
437.254978 -539.634154
436.845842 -538.721652
436.436707 -537.809150
436.020902 -536.899675
435.599392 -535.992828
435.176115 -535.086799
434.752837 -534.180770
434.328901 -533.275050
433.904589 -532.369506
433.472589 -531.467604
433.040588 -530.565702
432.608509 -529.663838
432.167063 -528.766529
431.722845 -527.870582
431.278329 -526.974785
430.818376 -526.086813
430.358423 -525.198841
429.898462 -524.310873
429.439482 -523.422398
428.980908 -522.533714
428.522333 -521.645029
428.056564 -520.760111
427.593654 -519.873904
427.182500 -518.962309
426.771347 -518.050714
426.360194 -517.139120
425.949040 -516.227525
425.579159 -515.305852
425.523870 -514.307353
425.468580 -513.308855
425.413291 -512.310356
425.358002 -511.311858
425.506439 -510.327997
425.703913 -509.347660
425.901388 -508.367323
426.098862 -507.386985
426.296336 -506.406648
426.493811 -505.426311
426.691285 -504.445973
426.888759 -503.465636

[left] sid=217, seg=0, num=4
426.224178 -520.751075
425.765800 -519.862289
425.307422 -518.973503
424.849044 -518.084717

[left] sid=217, seg=1, num=75
452.643853 -590.204337
452.395816 -589.235559
452.147780 -588.266780
451.899744 -587.298002
451.652247 -586.329085
451.404864 -585.360140
451.157481 -584.391194
450.910098 -583.422249
450.662715 -582.453303
450.398661 -581.488826
450.128251 -580.526053
449.857841 -579.563280
449.587431 -578.600507
449.317021 -577.637734
449.046611 -576.674961
448.763898 -575.715754
448.477563 -574.757597
448.191227 -573.799439
447.904891 -572.841282
447.591837 -571.891525
447.278401 -570.941888
446.969123 -569.990909
446.668378 -569.037176
446.367633 -568.083444
446.055102 -567.133613
445.727417 -566.188798
445.399732 -565.243982
445.072048 -564.299167
444.742436 -563.355025
444.410989 -562.411523
444.079541 -561.468022
443.748093 -560.524520
443.412641 -559.582437
443.076152 -558.640722
442.739663 -557.699007
442.394089 -556.760661
442.035018 -555.827323
441.675947 -554.893985
441.316876 -553.960646
440.957805 -553.027308
440.600097 -552.093447
440.242446 -551.159563
439.884796 -550.225679
439.522773 -549.293515
439.148590 -548.366132
438.774408 -547.438748
438.399472 -546.511670
438.022476 -545.585427
437.645481 -544.659184
437.254008 -543.739029
436.855753 -542.821726
436.457498 -541.904423
436.058777 -540.987328
435.641103 -540.078702
435.223430 -539.170077
434.805756 -538.261451
434.388083 -537.352825
433.969772 -536.444493
433.551448 -535.536167
433.133124 -534.627840
432.714799 -533.719514
432.292226 -532.813185
431.859939 -531.911420
431.427651 -531.009656
430.995364 -530.107892
430.551583 -529.211740
430.106301 -528.316320
429.656427 -527.423230
429.197247 -526.534858
428.738067 -525.646486
428.279870 -524.757610
427.826889 -523.866061
427.373908 -522.974512
426.920619 -522.083122
426.457278 -521.196913

[right] sid=217, seg=0, num=76
455.803740 -589.331725
455.568465 -588.359769
455.333832 -587.387661
455.110710 -586.412843
454.887588 -585.438024
454.627504 -584.472432
454.366385 -583.507097
454.106146 -582.541527
453.849515 -581.574990
453.592884 -580.608453
453.333223 -579.642747
453.060719 -578.680564
452.788215 -577.718382
452.515711 -576.756199
452.243206 -575.794017
451.966361 -574.833087
451.684706 -573.873543
451.403051 -572.914000
451.121396 -571.954456
450.828934 -570.998196
450.529158 -570.044159
450.229382 -569.090121
449.928343 -568.136492
449.612698 -567.187587
449.297053 -566.238682
448.979801 -565.290320
448.654375 -564.344725
448.328948 -563.399130
448.003056 -562.453697
447.668980 -561.511123
447.334904 -560.568549
447.000828 -559.625975
446.660748 -558.685562
446.317513 -557.746284
445.974279 -556.807006
445.631045 -555.867728
445.287811 -554.928450
444.940360 -553.990725
444.592556 -553.053130
444.244752 -552.115534
443.889146 -551.180884
443.530743 -550.247289
443.172340 -549.313694
442.813936 -548.380099
442.444680 -547.450760
442.072869 -546.522423
441.701058 -545.594087
441.299659 -544.678278
440.891786 -543.765211
440.483913 -542.852145
440.076040 -541.939078
439.668167 -541.026011
439.266467 -540.110215
438.865904 -539.193918
438.465341 -538.277621
438.064778 -537.361323
437.661380 -536.446316
437.233162 -535.542613
436.804943 -534.638909
436.376725 -533.735205
435.948506 -532.831501
435.518077 -531.928850
435.086698 -531.026651
434.655318 -530.124452
434.223938 -529.222253
433.783314 -528.324548
433.340160 -527.428074
432.897006 -526.531600
432.445215 -525.639512
431.982925 -524.752754
431.520635 -523.865996
431.057907 -522.979468
430.593615 -522.093757
430.129323 -521.208046
429.665030 -520.322335
429.200737 -519.436625

[right] sid=217, seg=1, num=4
429.058894 -519.166037
428.566579 -518.295591
428.095311 -517.413604
427.704588 -516.493899

[right] sid=217, seg=2, num=5
427.651993 -509.182119
427.995791 -508.243048
428.387098 -507.327402
428.933694 -506.489971
429.517701 -505.678548

[center] sid=218, seg=0, num=72
463.393368 -430.365669
462.781742 -431.156851
462.170117 -431.948034
461.558468 -432.739198
460.944908 -433.528881
460.331348 -434.318565
459.715262 -435.106278
459.099014 -435.893866
458.482766 -436.681453
457.868796 -437.470817
457.255030 -438.260340
456.641264 -439.049863
456.027499 -439.839387
455.413733 -440.628910
454.799967 -441.418433
454.186201 -442.207956
453.572435 -442.997479
452.958669 -443.787003
452.344903 -444.576526
451.731137 -445.366049
451.117371 -446.155572
450.503605 -446.945096
449.889840 -447.734619
449.276074 -448.524142
448.662307 -449.313665
448.048754 -450.103353
447.435202 -450.893043
446.821650 -451.682733
446.207986 -452.472335
445.594321 -453.261937
444.980656 -454.051538
444.366991 -454.841140
443.753326 -455.630742
443.139661 -456.420343
442.525997 -457.209945
441.912332 -457.999547
441.298667 -458.789149
440.685002 -459.578750
440.071337 -460.368352
439.457672 -461.157954
438.844007 -461.947555
438.230342 -462.737157
437.617950 -463.527747
437.005648 -464.318406
436.393345 -465.109064
435.781042 -465.899723
435.168739 -466.690381
434.556436 -467.481040
433.944134 -468.271699
433.331832 -469.062358
432.719529 -469.853016
432.107226 -470.643675
431.494924 -471.434333
430.882621 -472.224992
430.270319 -473.015651
429.658017 -473.806310
429.038561 -474.591348
428.415068 -475.373212
427.787309 -476.151603
427.147910 -476.920513
426.508510 -477.689424
425.869111 -478.458335
425.185723 -479.186896
424.474756 -479.890161
423.763790 -480.593425
423.019272 -481.258646
422.232656 -481.876131
421.446039 -482.493616
420.659422 -483.111100
419.804262 -483.614598
418.890048 -484.019892
417.975834 -484.425186

[left] sid=218, seg=0, num=58
465.057883 -431.656498
464.447884 -432.448936
463.837885 -433.241373
463.227887 -434.033810
462.617888 -434.826248
462.007889 -435.618685
461.394181 -436.408252
460.780106 -437.197535
460.166032 -437.986818
459.551957 -438.776101
458.937883 -439.565384
458.323808 -440.354667
457.709733 -441.143950
457.095659 -441.933233
456.481584 -442.722516
455.867509 -443.511799
455.253434 -444.301082
454.639360 -445.090365
454.025285 -445.879648
453.411211 -446.668931
452.797136 -447.458215
452.183061 -448.247498
451.568986 -449.036781
450.954912 -449.826063
450.340836 -450.615346
449.727356 -451.405091
449.113881 -452.194840
448.500406 -452.984590
447.886931 -453.774339
447.273456 -454.564089
446.659981 -455.353838
446.046507 -456.143587
445.433032 -456.933337
444.819557 -457.723086
444.206082 -458.512836
443.592607 -459.302585
442.979133 -460.092335
442.365658 -460.882084
441.752183 -461.671834
441.138708 -462.461583
440.525233 -463.251332
439.911758 -464.041082
439.300833 -464.832805
438.690085 -465.624665
438.079336 -466.416524
437.468588 -467.208384
436.857839 -468.000244
436.247091 -468.792104
435.636343 -469.583964
435.025594 -470.375824
434.414846 -471.167684
433.804098 -471.959544
433.193349 -472.751404
432.582601 -473.543264
431.971853 -474.335124
431.361104 -475.126983
430.744936 -475.914616
430.125685 -476.699844

[left] sid=218, seg=1, num=4
429.644798 -477.309622
429.018505 -478.089245
428.389920 -478.867007
427.755218 -479.639799

[right] sid=218, seg=0, num=58
461.738692 -429.062164
461.125443 -429.852089
460.512194 -430.642013
459.898945 -431.431938
459.285695 -432.221863
458.664897 -433.005840
458.040501 -433.786984
457.422513 -434.573177
456.809056 -435.362940
456.195599 -436.152703
455.582142 -436.942466
454.968686 -437.732230
454.355229 -438.521993
453.741772 -439.311756
453.128315 -440.101519
452.514858 -440.891283
451.901401 -441.681046
451.287944 -442.470809
450.674487 -443.260573
450.061030 -444.050336
449.447573 -444.840099
448.834116 -445.629862
448.220659 -446.419626
447.607202 -447.209389
446.993745 -447.999153
446.380289 -448.788916
445.766725 -449.578596
445.152870 -450.368050
444.539015 -451.157504
443.925160 -451.946958
443.311305 -452.736412
442.697450 -453.525866
442.083595 -454.315320
441.469740 -455.104774
440.855885 -455.894228
440.242030 -456.683682
439.628175 -457.473136
439.014319 -458.262590
438.400464 -459.052044
437.786609 -459.841498
437.172754 -460.630952
436.558899 -461.420405
435.945044 -462.209860
435.331189 -462.999314
434.717334 -463.788768
434.103479 -464.578222
433.489623 -465.367675
432.875768 -466.157129
432.261914 -466.946584
431.648059 -467.736038
431.034204 -468.525492
430.420349 -469.314946
429.806494 -470.104400
429.192639 -470.893854
428.578784 -471.683308
427.964928 -472.472762
427.351073 -473.262216
426.737218 -474.051670

[right] sid=218, seg=1, num=4
426.227714 -474.706923
425.624679 -475.504673
425.021645 -476.302423
424.332225 -477.025890

[center] sid=219, seg=0, num=25
510.673795 -427.243527
511.465985 -427.853837
512.258176 -428.464148
513.050319 -429.074520
513.841425 -429.686236
514.632531 -430.297952
515.423637 -430.909668
516.214743 -431.521384
517.005849 -432.133100
517.796956 -432.744816
518.588062 -433.356532
519.379168 -433.968247
520.170274 -434.579963
520.961380 -435.191679
521.752486 -435.803395
522.543592 -436.415111
523.334698 -437.026827
524.125804 -437.638542
524.916910 -438.250258
525.708016 -438.861974
526.499122 -439.473690
527.290228 -440.085406
528.081334 -440.697121
528.872440 -441.308837
529.663546 -441.920553

[left] sid=219, seg=0, num=5
511.615250 -426.028384
512.409143 -426.636480
513.203035 -427.244575
513.997019 -427.852550
514.793040 -428.457857

[left] sid=219, seg=1, num=20
515.673410 -428.936723
516.465030 -429.547774
517.256650 -430.158824
518.048270 -430.769875
518.839889 -431.380926
519.631509 -431.991978
520.423129 -432.603028
521.214748 -433.214079
522.006368 -433.825130
522.797988 -434.436181
523.589607 -435.047232
524.381227 -435.658283
525.172847 -436.269334
525.964466 -436.880385
526.756086 -437.491436
527.547706 -438.102487
528.339325 -438.713538
529.130945 -439.324589
529.922565 -439.935640
530.714184 -440.546691

[right] sid=219, seg=0, num=25
509.634940 -428.383200
510.425433 -428.995708
511.215927 -429.608215
512.006414 -430.220730
512.796548 -430.833701
513.586683 -431.446672
514.376817 -432.059642
515.166950 -432.672614
515.957084 -433.285585
516.747217 -433.898557
517.537351 -434.511528
518.327486 -435.124499
519.117620 -435.737469
519.907753 -436.350441
520.697886 -436.963413
521.488019 -437.576385
522.278153 -438.189357
523.068286 -438.802328
523.858420 -439.415300
524.648554 -440.028271
525.438688 -440.641242
526.228822 -441.254212
527.018955 -441.867184
527.809088 -442.480156
528.599222 -443.093127

[center] sid=220, seg=0, num=25
508.685621 -429.626841
509.478334 -430.236472
510.271047 -430.846104
511.063756 -431.455741
511.856189 -432.065737
512.648622 -432.675734
513.440949 -433.285866
514.231105 -433.898809
515.021260 -434.511753
515.811416 -435.124696
516.601571 -435.737639
517.391727 -436.350582
518.181882 -436.963526
518.972038 -437.576468
519.762194 -438.189411
520.552350 -438.802354
521.342505 -439.415298
522.132660 -440.028241
522.922815 -440.641185
523.712971 -441.254128
524.503126 -441.867071
525.293282 -442.480014
526.083438 -443.092957
526.873593 -443.705900
527.663749 -444.318843

[left] sid=220, seg=0, num=25
509.634940 -428.383200
510.425433 -428.995708
511.215927 -429.608215
512.006414 -430.220730
512.796548 -430.833701
513.586683 -431.446672
514.376817 -432.059642
515.166950 -432.672614
515.957084 -433.285585
516.747217 -433.898557
517.537351 -434.511528
518.327486 -435.124499
519.117620 -435.737469
519.907753 -436.350441
520.697886 -436.963413
521.488019 -437.576385
522.278153 -438.189357
523.068286 -438.802328
523.858420 -439.415300
524.648554 -440.028271
525.438688 -440.641242
526.228822 -441.254212
527.018955 -441.867184
527.809088 -442.480156
528.599222 -443.093127

[right] sid=220, seg=0, num=26
507.613256 -430.776564
508.408182 -431.383307
509.203108 -431.990050
509.998035 -432.596794
510.792868 -433.203659
511.587699 -433.810526
512.382531 -434.417394
513.172883 -435.030081
513.963061 -435.642996
514.753238 -436.255911
515.543415 -436.868826
516.333592 -437.481742
517.123769 -438.094658
517.913947 -438.707571
518.704126 -439.320485
519.494304 -439.933399
520.284481 -440.546315
521.074658 -441.159230
521.864834 -441.772146
522.655012 -442.385061
523.445189 -442.997976
524.235367 -443.610891
525.025544 -444.223805
525.815722 -444.836720
526.605900 -445.449634
527.396077 -446.062550

[center] sid=221, seg=0, num=25
506.510241 -432.198579
507.302783 -432.808433
508.095326 -433.418286
508.887868 -434.028140
509.680271 -434.638176
510.472670 -435.248215
511.265069 -435.858255
512.055222 -436.471201
512.845289 -437.084259
513.635355 -437.697317
514.425421 -438.310376
515.215487 -438.923435
516.005553 -439.536493
516.795619 -440.149551
517.585686 -440.762609
518.375752 -441.375667
519.165818 -441.988726
519.955884 -442.601784
520.745950 -443.214843
521.536016 -443.827901
522.326083 -444.440960
523.116153 -445.054012
523.907819 -445.665000
524.697077 -446.279099
525.486343 -446.893187

[left] sid=221, seg=0, num=26
507.613256 -430.776564
508.408182 -431.383307
509.203108 -431.990050
509.998035 -432.596794
510.792868 -433.203659
511.587699 -433.810526
512.382531 -434.417394
513.172883 -435.030081
513.963061 -435.642996
514.753238 -436.255911
515.543415 -436.868826
516.333592 -437.481742
517.123769 -438.094658
517.913947 -438.707571
518.704126 -439.320485
519.494304 -439.933399
520.284481 -440.546315
521.074658 -441.159230
521.864834 -441.772146
522.655012 -442.385061
523.445189 -442.997976
524.235367 -443.610891
525.025544 -444.223805
525.815722 -444.836720
526.605900 -445.449634
527.396077 -446.062550

[right] sid=221, seg=0, num=26
505.223189 -433.477837
506.013354 -434.090769
506.803518 -434.703701
507.593679 -435.316637
508.383634 -435.929839
509.173589 -436.543040
509.963544 -437.156242
510.753500 -437.769443
511.543455 -438.382645
512.333410 -438.995846
513.123365 -439.609048
513.913320 -440.222250
514.703275 -440.835451
515.493230 -441.448653
516.283184 -442.061855
517.073139 -442.675057
517.863094 -443.288259
518.653049 -443.901460
519.443004 -444.514662
520.232959 -445.127864
521.022913 -445.741066
521.812868 -446.354268
522.602824 -446.967469
523.392779 -447.580670
524.182734 -448.193871
524.972689 -448.807073

[center] sid=222, seg=0, num=26
504.317601 -434.648577
505.108235 -435.260903
505.898870 -435.873229
506.689506 -436.485551
507.480366 -437.097585
508.271226 -437.709619
509.062086 -438.321653
509.852947 -438.933687
510.643807 -439.545721
511.434667 -440.157754
512.225527 -440.769789
513.016387 -441.381823
513.807247 -441.993857
514.598106 -442.605891
515.388966 -443.217925
516.179826 -443.829959
516.970686 -444.441993
517.761546 -445.054027
518.552406 -445.666061
519.343266 -446.278095
520.134126 -446.890129
520.924986 -447.502163
521.715846 -448.114197
522.506706 -448.726231
523.297565 -449.338266
524.088407 -449.950323

[left] sid=222, seg=0, num=26
505.223189 -433.477837
506.013354 -434.090769
506.803518 -434.703701
507.593679 -435.316637
508.383634 -435.929839
509.173589 -436.543040
509.963544 -437.156242
510.753500 -437.769443
511.543455 -438.382645
512.333410 -438.995846
513.123365 -439.609048
513.913320 -440.222250
514.703275 -440.835451
515.493230 -441.448653
516.283184 -442.061855
517.073139 -442.675057
517.863094 -443.288259
518.653049 -443.901460
519.443004 -444.514662
520.232959 -445.127864
521.022913 -445.741066
521.812868 -446.354268
522.602824 -446.967469
523.392779 -447.580670
524.182734 -448.193871
524.972689 -448.807073

[right] sid=222, seg=0, num=26
503.272829 -435.711691
504.063926 -436.323418
504.855024 -436.935145
505.646121 -437.546872
506.437790 -438.157859
507.229554 -438.768724
508.021317 -439.379589
508.813080 -439.990454
509.604843 -440.601319
510.396606 -441.212184
511.188370 -441.823049
511.980133 -442.433914
512.771896 -443.044779
513.563659 -443.655644
514.355423 -444.266509
515.147186 -444.877374
515.938949 -445.488239
516.730712 -446.099105
517.522476 -446.709970
518.314239 -447.320834
519.106002 -447.931699
519.897766 -448.542564
520.689529 -449.153429
521.481292 -449.764294
522.273055 -450.375159
523.064818 -450.986024

[center] sid=223, seg=0, num=40
530.339499 -442.443228
531.129890 -443.055867
531.920281 -443.668506
532.710672 -444.281146
533.501063 -444.893786
534.291453 -445.506426
535.081844 -446.119066
535.872235 -446.731705
536.662626 -447.344344
537.453017 -447.956984
538.243408 -448.569623
539.033799 -449.182262
539.824190 -449.794902
540.614581 -450.407542
541.404971 -451.020181
542.195362 -451.632821
542.985753 -452.245461
543.776143 -452.858101
544.566534 -453.470740
545.356925 -454.083380
546.147315 -454.696019
546.937706 -455.308659
547.728097 -455.921299
548.518487 -456.533939
549.308878 -457.146578
550.099269 -457.759218
550.889659 -458.371858
551.680064 -458.984480
552.470750 -459.596738
553.261436 -460.208996
554.052126 -460.821249
554.842881 -461.433419
555.633636 -462.045588
556.424391 -462.657758
557.215146 -463.269927
558.005901 -463.882096
558.796656 -464.494266
559.587409 -465.106437
560.378163 -465.718608
561.168916 -466.330779

[left] sid=223, seg=0, num=40
531.308064 -441.194648
532.098712 -441.806956
532.889360 -442.419263
533.680009 -443.031570
534.470656 -443.643879
535.261303 -444.256188
536.051950 -444.868497
536.842598 -445.480804
537.633247 -446.093111
538.423895 -446.705419
539.214543 -447.317726
540.005190 -447.930034
540.795838 -448.542342
541.586486 -449.154650
542.377133 -449.766959
543.167781 -450.379267
543.958429 -450.991574
544.749077 -451.603881
545.539726 -452.216189
546.330373 -452.828496
547.121021 -453.440804
547.911669 -454.053112
548.702317 -454.665420
549.492964 -455.277728
550.283611 -455.890037
551.074259 -456.502345
551.864906 -457.114653
552.655554 -457.726962
553.446202 -458.339269
554.236850 -458.951576
555.027498 -459.563884
555.818146 -460.176192
556.608793 -460.788500
557.399441 -461.400808
558.190089 -462.013115
558.980737 -462.625423
559.771384 -463.237731
560.562032 -463.850038
561.352680 -464.462345
562.143328 -465.074653

[right] sid=223, seg=0, num=40
529.335445 -443.664275
530.125579 -444.277246
530.915714 -444.890216
531.705847 -445.503188
532.495980 -446.116160
533.286114 -446.729131
534.076247 -447.342103
534.866380 -447.955075
535.656514 -448.568046
536.446648 -449.181016
537.236783 -449.793986
538.026917 -450.406957
538.817051 -451.019928
539.607185 -451.632898
540.397319 -452.245870
541.187451 -452.858842
541.977584 -453.471815
542.767717 -454.084787
543.557850 -454.697758
544.347984 -455.310729
545.138118 -455.923700
545.928251 -456.536672
546.718384 -457.149643
547.508518 -457.762615
548.298652 -458.375586
549.088786 -458.988556
549.878920 -459.601527
550.669053 -460.214498
551.459503 -460.827061
552.250366 -461.439092
553.041228 -462.051122
553.832090 -462.663153
554.622952 -463.275184
555.413814 -463.887216
556.204676 -464.499247
556.995538 -465.111277
557.786400 -465.723308
558.577263 -466.335339
559.368124 -466.947370
560.158986 -467.559402

[center] sid=224, seg=0, num=40
528.373120 -444.869121
529.163276 -445.482064
529.953431 -446.095007
530.743587 -446.707949
531.533743 -447.320892
532.323899 -447.933835
533.114054 -448.546778
533.904209 -449.159722
534.694364 -449.772665
535.484520 -450.385608
536.274676 -450.998551
537.064832 -451.611493
537.854988 -452.224436
538.645143 -452.837379
539.435299 -453.450322
540.225454 -454.063265
541.015609 -454.676209
541.805764 -455.289153
542.595920 -455.902095
543.386075 -456.515038
544.176231 -457.127981
544.966385 -457.740925
545.756540 -458.353869
546.546703 -458.966803
547.336900 -459.579692
548.127097 -460.192581
548.917326 -460.805430
549.707669 -461.418131
550.498162 -462.030639
551.288868 -462.642871
552.079575 -463.255103
552.870282 -463.867334
553.660989 -464.479566
554.451695 -465.091798
555.242402 -465.704029
556.033109 -466.316261
556.823816 -466.928492
557.614523 -467.540723
558.405232 -468.152952
559.195941 -468.765181

[left] sid=224, seg=0, num=40
529.335445 -443.664275
530.125579 -444.277246
530.915714 -444.890216
531.705847 -445.503188
532.495980 -446.116160
533.286114 -446.729131
534.076247 -447.342103
534.866380 -447.955075
535.656514 -448.568046
536.446648 -449.181016
537.236783 -449.793986
538.026917 -450.406957
538.817051 -451.019928
539.607185 -451.632898
540.397319 -452.245870
541.187451 -452.858842
541.977584 -453.471815
542.767717 -454.084787
543.557850 -454.697758
544.347984 -455.310729
545.138118 -455.923700
545.928251 -456.536672
546.718384 -457.149643
547.508518 -457.762615
548.298652 -458.375586
549.088786 -458.988556
549.878920 -459.601527
550.669053 -460.214498
551.459503 -460.827061
552.250366 -461.439092
553.041228 -462.051122
553.832090 -462.663153
554.622952 -463.275184
555.413814 -463.887216
556.204676 -464.499247
556.995538 -465.111277
557.786400 -465.723308
558.577263 -466.335339
559.368124 -466.947370
560.158986 -467.559402

[right] sid=224, seg=0, num=40
527.410795 -446.073965
528.200971 -446.686881
528.991147 -447.299797
529.781326 -447.912711
530.571504 -448.525624
531.361682 -449.138538
532.151859 -449.751454
532.942036 -450.364369
533.732213 -450.977285
534.522390 -451.590200
535.312567 -452.203115
536.102745 -452.816030
536.892922 -453.428945
537.683099 -454.041860
538.473277 -454.654774
539.263454 -455.267689
540.053632 -455.880604
540.843809 -456.493518
541.633987 -457.106433
542.424164 -457.719348
543.214341 -458.332263
544.004518 -458.945179
544.794694 -459.558096
545.584870 -460.171012
546.375048 -460.783925
547.165227 -461.396839
547.955722 -462.009343
548.746274 -462.621775
549.536826 -463.234207
550.327377 -463.846640
551.117927 -464.459073
551.908478 -465.071506
552.699030 -465.683938
553.489582 -466.296369
554.280134 -466.908801
555.070685 -467.521234
555.861236 -468.133666
556.651787 -468.746099
557.442338 -469.358531
558.232889 -469.970964

[center] sid=225, seg=0, num=40
526.270486 -447.501645
527.060551 -448.114706
527.850615 -448.727766
528.640681 -449.340824
529.430748 -449.953882
530.220814 -450.566940
531.010880 -451.179999
531.800946 -451.793057
532.591012 -452.406116
533.381078 -453.019174
534.171145 -453.632232
534.961215 -454.245284
535.751413 -454.858173
536.541610 -455.471062
537.331816 -456.083940
538.122211 -456.696574
538.912607 -457.309208
539.703002 -457.921842
540.493397 -458.534476
541.283792 -459.147110
542.074187 -459.759744
542.864582 -460.372379
543.654976 -460.985014
544.445371 -461.597648
545.235766 -462.210282
546.026162 -462.822915
546.816710 -463.435351
547.607293 -464.047743
548.397875 -464.660136
549.188457 -465.272529
549.979038 -465.884922
550.769620 -466.497315
551.560202 -467.109708
552.350784 -467.722100
553.141367 -468.334493
553.932009 -468.946807
554.722665 -469.559105
555.513321 -470.171402
556.304232 -470.783370
557.095201 -471.395262

[left] sid=225, seg=0, num=40
527.410795 -446.073965
528.200971 -446.686881
528.991147 -447.299797
529.781326 -447.912711
530.571504 -448.525624
531.361682 -449.138538
532.151859 -449.751454
532.942036 -450.364369
533.732213 -450.977285
534.522390 -451.590200
535.312567 -452.203115
536.102745 -452.816030
536.892922 -453.428945
537.683099 -454.041860
538.473277 -454.654774
539.263454 -455.267689
540.053632 -455.880604
540.843809 -456.493518
541.633987 -457.106433
542.424164 -457.719348
543.214341 -458.332263
544.004518 -458.945179
544.794694 -459.558096
545.584870 -460.171012
546.375048 -460.783925
547.165227 -461.396839
547.955722 -462.009343
548.746274 -462.621775
549.536826 -463.234207
550.327377 -463.846640
551.117927 -464.459073
551.908478 -465.071506
552.699030 -465.683938
553.489582 -466.296369
554.280134 -466.908801
555.070685 -467.521234
555.861236 -468.133666
556.651787 -468.746099
557.442338 -469.358531
558.232889 -469.970964

[right] sid=225, seg=0, num=40
525.130178 -448.929323
525.920133 -449.542525
526.710088 -450.155727
527.500042 -450.768930
528.289996 -451.382132
529.079951 -451.995334
529.869906 -452.608536
530.659861 -453.221737
531.449816 -453.834939
532.239771 -454.448139
533.029727 -455.061340
533.819682 -455.674542
534.609637 -456.287744
535.399729 -456.900768
536.190342 -457.513121
536.980955 -458.125474
537.771568 -458.737827
538.562181 -459.350180
539.352794 -459.962533
540.143406 -460.574886
540.934019 -461.187239
541.724632 -461.799592
542.515244 -462.411946
543.305857 -463.024299
544.096469 -463.636652
544.887082 -464.249005
545.677695 -464.861359
546.468307 -465.473712
547.258920 -466.086065
548.049533 -466.698418
548.840145 -467.310771
549.630758 -467.923124
550.421371 -468.535478
551.211983 -469.147831
552.002596 -469.760185
552.793208 -470.372538
553.583821 -470.984891
554.374710 -471.596887
555.166099 -472.208236
555.957489 -472.819584

[center] sid=226, seg=0, num=40
524.228291 -450.058584
525.019163 -450.670602
525.810033 -451.282624
526.600892 -451.894658
527.391752 -452.506692
528.182612 -453.118726
528.973472 -453.730760
529.764332 -454.342794
530.555192 -454.954828
531.346052 -455.566862
532.136912 -456.178895
532.934238 -456.782213
533.749386 -457.361503
534.564812 -457.940400
535.385597 -458.511676
536.206383 -459.082951
537.027169 -459.654226
537.847954 -460.225501
538.668740 -460.796776
539.489526 -461.368051
540.310312 -461.939326
541.131098 -462.510601
541.951883 -463.081876
542.772669 -463.653151
543.593455 -464.224426
544.414240 -464.795702
545.235026 -465.366977
546.055811 -465.938252
546.876176 -466.510131
547.694845 -467.084434
548.513515 -467.658737
549.330972 -468.234752
550.144465 -468.816366
550.957957 -469.397980
551.810800 -469.898373
552.771424 -470.176303
553.732047 -470.454233
554.692671 -470.732164
555.653295 -471.010094
556.613918 -471.288025

[left] sid=226, seg=0, num=40
525.130178 -448.929323
525.920133 -449.542525
526.710088 -450.155727
527.500042 -450.768930
528.289996 -451.382132
529.079951 -451.995334
529.869906 -452.608536
530.659861 -453.221737
531.449816 -453.834939
532.239771 -454.448139
533.029727 -455.061340
533.819682 -455.674542
534.609637 -456.287744
535.399729 -456.900768
536.190342 -457.513121
536.980955 -458.125474
537.771568 -458.737827
538.562181 -459.350180
539.352794 -459.962533
540.143406 -460.574886
540.934019 -461.187239
541.724632 -461.799592
542.515244 -462.411946
543.305857 -463.024299
544.096469 -463.636652
544.887082 -464.249005
545.677695 -464.861359
546.468307 -465.473712
547.258920 -466.086065
548.049533 -466.698418
548.840145 -467.310771
549.630758 -467.923124
550.421371 -468.535478
551.211983 -469.147831
552.002596 -469.760185
552.793208 -470.372538
553.583821 -470.984891
554.374710 -471.596887
555.166099 -472.208236
555.957489 -472.819584

[right] sid=226, seg=0, num=40
523.326405 -451.187844
524.118167 -451.798710
524.909930 -452.409576
525.701693 -453.020440
526.493457 -453.631305
527.285220 -454.242170
528.076984 -454.853034
528.868747 -455.463899
529.660511 -456.074764
530.452274 -456.685629
531.244037 -457.296494
532.035800 -457.907359
532.866643 -458.461946
533.715611 -458.990432
534.564579 -459.518917
535.413548 -460.047403
536.262516 -460.575888
537.111485 -461.104373
537.960454 -461.632857
538.809423 -462.161342
539.658392 -462.689826
540.507360 -463.218311
541.356329 -463.746796
542.205297 -464.275282
543.054266 -464.803767
543.903234 -465.332252
544.752203 -465.860737
545.601171 -466.389222
546.450140 -466.917707
547.299108 -467.446192
548.142846 -467.982961
548.984978 -468.522274
549.827110 -469.061587
550.659019 -469.616498
551.489586 -470.173456
552.334279 -470.707836
553.198387 -471.211187
554.062494 -471.714538
554.923337 -472.223450
555.784100 -472.732499

[center] sid=227, seg=0, num=10
539.925125 -445.611449
539.134934 -444.998552
538.344743 -444.385655
537.554552 -443.772757
536.764361 -443.159860
535.974170 -442.546963
535.183979 -441.934066
534.393787 -441.321169
533.603596 -440.708271
532.813405 -440.095374

[left] sid=227, seg=0, num=10
538.999766 -446.804436
538.209802 -446.191247
537.419838 -445.578057
536.629873 -444.964868
535.839909 -444.351678
535.049945 -443.738489
534.259980 -443.125299
533.470016 -442.512110
532.680052 -441.898920
531.890087 -441.285731

[right] sid=227, seg=0, num=10
540.850484 -444.418462
540.060067 -443.805857
539.269649 -443.193252
538.479231 -442.580647
537.688814 -441.968042
536.898396 -441.355438
536.107978 -440.742833
535.317560 -440.130228
534.527142 -439.517623
533.736725 -438.905018

[center] sid=228, seg=0, num=10
541.789622 -443.207769
540.999299 -442.595042
540.208975 -441.982315
539.418652 -441.369588
538.628329 -440.756862
537.838005 -440.144135
537.047682 -439.531409
536.257358 -438.918682
535.467035 -438.305956
534.676712 -437.693229

[left] sid=228, seg=0, num=10
540.850484 -444.418462
540.060067 -443.805857
539.269649 -443.193252
538.479231 -442.580647
537.688814 -441.968042
536.898396 -441.355438
536.107978 -440.742833
535.317560 -440.130228
534.527142 -439.517623
533.736725 -438.905018

[right] sid=228, seg=0, num=10
542.728714 -441.997037
541.938484 -441.384190
541.148255 -440.771342
540.358027 -440.158493
539.567798 -439.545645
538.777568 -438.932797
537.987339 -438.319949
537.197110 -437.707101
536.406881 -437.094253
535.616652 -436.481405

[center] sid=229, seg=0, num=10
543.663167 -440.792421
542.872437 -440.180219
542.081708 -439.568015
541.290981 -438.955811
540.500253 -438.343606
539.709525 -437.731402
538.918797 -437.119197
538.128069 -436.506993
537.337357 -435.894768
536.546649 -435.282538

[left] sid=229, seg=0, num=10
542.728714 -441.997037
541.938484 -441.384190
541.148255 -440.771342
540.358027 -440.158493
539.567798 -439.545645
538.777568 -438.932797
537.987339 -438.319949
537.197110 -437.707101
536.406881 -437.094253
535.616652 -436.481405

[right] sid=229, seg=0, num=10
544.597622 -439.587809
543.806395 -438.976250
543.015169 -438.364689
542.223943 -437.753129
541.432717 -437.141569
540.641490 -436.530008
539.850264 -435.918448
539.059038 -435.306888
538.267812 -434.695327
537.476586 -434.083767

[center] sid=230, seg=0, num=10
545.572992 -438.330389
544.781593 -437.719053
543.990195 -437.107716
543.198796 -436.496378
542.407398 -435.885041
541.616000 -435.273703
540.824602 -434.662365
540.033204 -434.051027
539.241808 -433.439687
538.450411 -432.828347

[left] sid=230, seg=0, num=10
544.597622 -439.587809
543.806395 -438.976250
543.015169 -438.364689
542.223943 -437.753129
541.432717 -437.141569
540.641490 -436.530008
539.850264 -435.918448
539.059038 -435.306888
538.267812 -434.695327
537.476586 -434.083767

[right] sid=230, seg=0, num=10
546.548365 -437.072972
545.756795 -436.461857
544.965224 -435.850743
544.173654 -435.239628
543.382083 -434.628514
542.590513 -434.017399
541.798943 -433.406284
541.007374 -432.795167
540.215804 -432.184051
539.424234 -431.572937

[center] sid=231, seg=0, num=10
547.653914 -435.647791
546.862538 -435.036425
546.071162 -434.425058
545.279785 -433.813693
544.488409 -433.202327
543.697032 -432.590962
542.905655 -431.979596
542.114279 -431.368230
541.322903 -430.756864
540.531523 -430.145503

[left] sid=231, seg=0, num=10
546.548365 -437.072972
545.756795 -436.461857
544.965224 -435.850743
544.173654 -435.239628
543.382083 -434.628514
542.590513 -434.017399
541.798943 -433.406284
541.007374 -432.795167
540.215804 -432.184051
539.424234 -431.572937

[right] sid=231, seg=0, num=10
548.759467 -434.222610
547.968284 -433.610994
547.177101 -432.999378
546.385919 -432.387761
545.594736 -431.776145
544.803553 -431.164529
544.012370 -430.552913
543.221187 -429.941296
542.430004 -429.329680
541.638821 -428.718064

[center] sid=232, seg=0, num=10
547.653914 -435.647791
547.151144 -434.783342
546.648374 -433.918894
546.145603 -433.054445
545.642833 -432.189996
545.140063 -431.325548
544.637293 -430.461099
544.001756 -429.702338
543.272067 -429.018525
542.542378 -428.334712

[left] sid=232, seg=0, num=10
548.759467 -434.222610
547.968284 -433.610994
547.177101 -432.999378
546.385919 -432.387761
545.594736 -431.776145
544.803553 -431.164529
544.012370 -430.552913
543.221187 -429.941296
542.430004 -429.329680
541.638821 -428.718064

[right] sid=232, seg=0, num=10
548.759467 -434.222610
548.103799 -433.467530
547.448130 -432.712450
546.792462 -431.957370
546.136793 -431.202290
545.481125 -430.447210
544.825456 -429.692130
544.169788 -428.937050
543.514119 -428.181970
542.858451 -427.426890

[center] sid=233, seg=0, num=22
532.353945 -439.739001
531.561833 -439.128589
530.769721 -438.518176
529.977609 -437.907763
529.185498 -437.297350
528.393386 -436.686937
527.601274 -436.076524
526.809162 -435.466111
526.017051 -434.855698
525.224939 -434.245285
524.432827 -433.634873
523.640715 -433.024460
522.848603 -432.414047
522.056491 -431.803634
521.264380 -431.193221
520.472268 -430.582808
519.680156 -429.972395
518.888044 -429.361982
518.095933 -428.751569
517.303821 -428.141157
516.511709 -427.530744
515.719597 -426.920331

[left] sid=233, seg=0, num=2
515.757411 -428.793719
514.963185 -428.186060

[left] sid=233, seg=1, num=20
531.393571 -441.071109
530.601952 -440.460058
529.810332 -439.849007
529.018712 -439.237957
528.227093 -438.626906
527.435473 -438.015855
526.643853 -437.404804
525.852234 -436.793753
525.060614 -436.182702
524.268994 -435.571651
523.477375 -434.960600
522.685755 -434.349549
521.894135 -433.738498
521.102516 -433.127447
520.310896 -432.516396
519.519276 -431.905345
518.727656 -431.294294
517.936037 -430.683243
517.144417 -430.072192
516.352797 -429.461141

[right] sid=233, seg=0, num=12
533.254974 -438.531642
532.465893 -437.917315
531.676813 -437.302989
530.887732 -436.688662
530.098753 -436.074206
529.309983 -435.459481
528.521213 -434.844756
527.732443 -434.230031
526.941842 -433.617668
526.149885 -433.007054
525.357928 -432.396440
524.565972 -431.785826

[right] sid=233, seg=1, num=10
524.112489 -431.436183
523.320533 -430.825569
522.528576 -430.214955
521.736619 -429.604341
520.944662 -428.993727
520.152705 -428.383113
519.360748 -427.772499
518.568792 -427.161885
517.776835 -426.551271
516.984878 -425.940657

[center] sid=234, seg=0, num=22
536.112928 -434.946717
535.319129 -434.338501
534.525330 -433.730284
533.731531 -433.122067
532.937340 -432.514361
532.143110 -431.906707
531.348880 -431.299053
530.554383 -430.691748
529.762933 -430.080487
528.972931 -429.467346
528.182928 -428.854206
527.393052 -428.240903
526.603306 -427.627433
525.813560 -427.013962
525.023814 -426.400491
524.234068 -425.787021
523.444322 -425.173550
522.654576 -424.560080
521.864830 -423.946609
521.075083 -423.333138
520.285345 -422.719658
519.495614 -422.106168

[left] sid=234, seg=0, num=8
535.112103 -436.090110
534.318304 -435.481893
533.524506 -434.873675
532.730707 -434.265457
531.936909 -433.657239
531.143110 -433.049022
530.349312 -432.440804
529.555513 -431.832586

[left] sid=234, seg=1, num=15
529.382653 -431.700138
528.593000 -431.086547
527.803348 -430.472956
527.013695 -429.859365
526.224281 -429.245467
525.434927 -428.631492
524.645573 -428.017518
523.856218 -427.403543
523.066864 -426.789568
522.277510 -426.175594
521.488156 -425.561619
520.698801 -424.947644
519.909447 -424.333670
519.120093 -423.719695
518.330738 -423.105721

[right] sid=234, seg=0, num=19
534.566397 -431.851524
533.771550 -431.244677
532.976703 -430.637831
532.181855 -430.030984
531.387008 -429.424138
530.595230 -428.813303
529.805093 -428.200337
529.014955 -427.587370
528.224818 -426.974404
527.434680 -426.361438
526.644543 -425.748471
525.854405 -425.135505
525.064268 -424.522539
524.274130 -423.909572
523.483993 -423.296606
522.693855 -422.683640
521.903718 -422.070673
521.113580 -421.457707
520.323442 -420.844741

[center] sid=235, seg=0, num=22
538.104391 -432.561053
537.311877 -431.951162
536.519362 -431.341272
535.726848 -430.731382
534.934271 -430.121574
534.141429 -429.512110
533.348226 -428.903115
532.555023 -428.294121
531.762588 -427.684132
530.972393 -427.071240
530.182198 -426.458347
529.392127 -425.845296
528.602214 -425.232040
527.812302 -424.618784
527.022389 -424.005528
526.232477 -423.392271
525.442564 -422.779015
524.652651 -422.165759
523.862739 -421.552503
523.072826 -420.939247
522.282906 -420.326000
521.492978 -419.712764

[left] sid=235, seg=0, num=19
534.566397 -431.851524
533.771550 -431.244677
532.976703 -430.637831
532.181855 -430.030984
531.387008 -429.424138
530.595230 -428.813303
529.805093 -428.200337
529.014955 -427.587370
528.224818 -426.974404
527.434680 -426.361438
526.644543 -425.748471
525.854405 -425.135505
525.064268 -424.522539
524.274130 -423.909572
523.483993 -423.296606
522.693855 -422.683640
521.903718 -422.070673
521.113580 -421.457707
520.323442 -420.844741

[right] sid=235, seg=0, num=8
539.095030 -431.318782
538.303717 -430.707334
537.512505 -430.095756
536.721292 -429.484178
535.930080 -428.872599
535.138868 -428.261021
534.347656 -427.649442
533.556444 -427.037863

[right] sid=235, seg=1, num=14
533.188892 -426.753759
532.398317 -426.141358
531.607741 -425.528957
530.817166 -424.916556
530.027436 -424.303064
529.237748 -423.689518
528.448061 -423.075973
527.658373 -422.462427
526.868686 -421.848881
526.078998 -421.235335
525.289311 -420.621789
524.499623 -420.008243
523.709936 -419.394697
522.920248 -418.781151

[center] sid=236, seg=0, num=22
540.221599 -429.906080
539.430351 -429.294547
538.639154 -428.682950
537.847956 -428.071353
537.056873 -427.459608
536.265837 -426.847801
535.474802 -426.235994
534.684170 -425.623665
533.893875 -425.010902
533.103746 -424.397925
532.313618 -423.784947
531.523887 -423.171457
530.734611 -422.557382
529.945334 -421.943308
529.156058 -421.329233
528.366781 -420.715159
527.577505 -420.101084
526.788228 -419.487009
525.998952 -418.872935
525.209675 -418.258860
524.420387 -417.644801
523.631086 -417.030757

[left] sid=236, seg=0, num=8
539.095030 -431.318782
538.303717 -430.707334
537.512505 -430.095756
536.721292 -429.484178
535.930080 -428.872599
535.138868 -428.261021
534.347656 -427.649442
533.556444 -427.037863

[left] sid=236, seg=1, num=14
533.188892 -426.753759
532.398317 -426.141358
531.607741 -425.528957
530.817166 -424.916556
530.027436 -424.303064
529.237748 -423.689518
528.448061 -423.075973
527.658373 -422.462427
526.868686 -421.848881
526.078998 -421.235335
525.289311 -420.621789
524.499623 -420.008243
523.709936 -419.394697
522.920248 -418.781151

[right] sid=236, seg=0, num=12
541.348169 -428.493378
540.556986 -427.881762
539.765803 -427.270145
538.974620 -426.658529
538.183437 -426.046913
537.392254 -425.435297
536.601593 -424.823008
535.811866 -424.209513
535.022138 -423.596018
534.232411 -422.982524
533.442684 -422.369029
532.653483 -421.754857

[right] sid=236, seg=1, num=10
532.097324 -421.321554
531.308459 -420.706951
530.519594 -420.092348
529.730729 -419.477745
528.941864 -418.863142
528.152999 -418.248539
527.364134 -417.633936
526.575269 -417.019333
525.786404 -416.404730
524.997539 -415.790127

[center] sid=237, seg=0, num=22
541.931335 -427.762085
541.182018 -427.099839
540.432702 -426.437593
539.683385 -425.775347
538.934068 -425.113100
538.184751 -424.450854
537.435435 -423.788608
536.686118 -423.126362
535.936801 -422.464116
535.173855 -421.818324
534.383726 -421.205346
533.593848 -420.592046
532.804150 -419.978514
532.014452 -419.364981
531.224754 -418.751449
530.435056 -418.137916
529.645358 -417.524384
528.855660 -416.910851
528.065962 -416.297318
527.276264 -415.683786
526.486595 -415.070217
525.696942 -414.456626

[left] sid=237, seg=0, num=12
541.348169 -428.493378
540.556986 -427.881762
539.765803 -427.270145
538.974620 -426.658529
538.183437 -426.046913
537.392254 -425.435297
536.601593 -424.823008
535.811866 -424.209513
535.022138 -423.596018
534.232411 -422.982524
533.442684 -422.369029
532.653483 -421.754857

[left] sid=237, seg=1, num=10
532.097324 -421.321554
531.308459 -420.706951
530.519594 -420.092348
529.730729 -419.477745
528.941864 -418.863142
528.152999 -418.248539
527.364134 -417.633936
526.575269 -417.019333
525.786404 -416.404730
524.997539 -415.790127

[right] sid=237, seg=0, num=22
542.514501 -427.030792
541.858832 -426.275712
541.203164 -425.520632
540.547495 -424.765551
539.891827 -424.010471
539.236159 -423.255391
538.545745 -422.537055
537.755215 -421.924595
536.964686 -421.312134
536.174157 -420.699673
535.383628 -420.087212
534.593098 -419.474751
533.802569 -418.862290
533.012040 -418.249829
532.221510 -417.637368
531.430981 -417.024907
530.640452 -416.412446
529.849923 -415.799986
529.059393 -415.187525
528.268864 -414.575064
527.478335 -413.962603
526.687806 -413.350142

[center] sid=238, seg=0, num=22
534.195026 -437.319785
533.403591 -436.708495
532.612156 -436.097205
531.820721 -435.485915
531.029324 -434.874576
530.238033 -434.263099
529.446742 -433.651622
528.655619 -433.039929
527.864831 -432.427802
527.074025 -431.815699
526.283219 -431.203595
525.492496 -430.591384
524.701836 -429.979091
523.911179 -429.366796
523.120522 -428.754500
522.329864 -428.142204
521.539207 -427.529909
520.748550 -426.917613
519.957892 -426.305317
519.167235 -425.693021
518.376565 -425.080742
517.585881 -424.468480

[left] sid=238, seg=0, num=12
533.254974 -438.531642
532.465893 -437.917315
531.676813 -437.302989
530.887732 -436.688662
530.098753 -436.074206
529.309983 -435.459481
528.521213 -434.844756
527.732443 -434.230031
526.941842 -433.617668
526.149885 -433.007054
525.357928 -432.396440
524.565972 -431.785826

[left] sid=238, seg=1, num=10
524.112489 -431.436183
523.320533 -430.825569
522.528576 -430.214955
521.736619 -429.604341
520.944662 -428.993727
520.152705 -428.383113
519.360748 -427.772499
518.568792 -427.161885
517.776835 -426.551271
516.984878 -425.940657

[right] sid=238, seg=0, num=8
535.112103 -436.090110
534.318304 -435.481893
533.524506 -434.873675
532.730707 -434.265457
531.936909 -433.657239
531.143110 -433.049022
530.349312 -432.440804
529.555513 -431.832586

[right] sid=238, seg=1, num=15
529.382653 -431.700138
528.593000 -431.086547
527.803348 -430.472956
527.013695 -429.859365
526.224281 -429.245467
525.434927 -428.631492
524.645573 -428.017518
523.856218 -427.403543
523.066864 -426.789568
522.277510 -426.175594
521.488156 -425.561619
520.698801 -424.947644
519.909447 -424.333670
519.120093 -423.719695
518.330738 -423.105721

[center] sid=239, seg=0, num=22
532.353945 -439.739001
531.561833 -439.128589
530.769721 -438.518176
529.977609 -437.907763
529.139092 -437.367861
528.209977 -437.003906
527.226890 -436.831180
526.229423 -436.868019
525.259204 -437.101246
524.354032 -437.521951
523.557137 -438.123025
522.894999 -438.869551
522.393357 -439.732510
522.083792 -440.681463
521.968065 -441.672592
522.050581 -442.667333
522.339583 -443.622733
522.811920 -444.501723
523.448889 -445.270200
524.219042 -445.907154
525.008300 -446.521253
525.797885 -447.134930

[center] sid=240, seg=0, num=85
728.508108 -163.849160
729.367080 -164.361223
730.226052 -164.873287
731.085029 -165.385342
731.944144 -165.897165
732.803259 -166.408989
733.662375 -166.920811
734.521521 -167.432582
735.380667 -167.944354
736.239813 -168.456126
737.098959 -168.967898
737.958104 -169.479670
738.817250 -169.991442
739.676395 -170.503214
740.535541 -171.014987
741.394686 -171.526759
742.253832 -172.038531
743.112978 -172.550303
743.972127 -173.062069
744.831319 -173.573763
745.690511 -174.085457
746.549742 -174.597086
747.408995 -175.108677
748.267288 -175.621876
749.125582 -176.135076
749.983876 -176.648275
750.842169 -177.161476
751.701843 -177.672356
752.562398 -178.181754
753.422953 -178.691151
754.283038 -179.201344
755.142423 -179.712711
756.000355 -180.226515
756.858286 -180.740320
757.716218 -181.254125
758.574773 -181.766886
759.433551 -182.279274
760.292329 -182.791663
761.151943 -183.302646
762.011306 -183.814053
762.870639 -184.325510
763.729973 -184.836967
764.589306 -185.348424
765.448199 -185.860620
766.307075 -186.372844
767.165951 -186.885068
768.025675 -187.395865
768.886118 -187.905452
769.746562 -188.415038
770.606804 -188.924964
771.465588 -189.437342
772.324373 -189.949719
773.183226 -190.461981
774.042710 -190.973185
774.902193 -191.484389
775.761591 -191.995738
776.620259 -192.508311
777.478871 -193.020977
778.337483 -193.533644
779.196095 -194.046310
780.054707 -194.558976
780.911972 -195.073880
781.766717 -195.592967
782.621463 -196.112055
783.476325 -196.630950
784.331404 -197.149487
785.186483 -197.668024
786.042153 -198.185578
786.895951 -198.706222
787.749749 -199.226867
788.603529 -199.747540
789.456199 -200.270028
790.308565 -200.793014
791.160931 -201.316000
792.013296 -201.838987
792.865661 -202.361973
793.717360 -202.886043
794.568551 -203.410939
795.419742 -203.935835
796.270466 -204.461486
797.120865 -204.987663
797.971265 -205.513840
798.820464 -206.041948
799.668493 -206.571937
800.516521 -207.101926

[left] sid=240, seg=0, num=75
729.250643 -162.557041
730.110146 -163.068213
730.969649 -163.579384
731.829152 -164.090556
732.688655 -164.601728
733.548157 -165.112900
734.407660 -165.624072
735.267163 -166.135244
736.126666 -166.646416
736.986169 -167.157587
737.845672 -167.668759
738.705175 -168.179931
739.564678 -168.691102
740.424181 -169.202274
741.283684 -169.713446
742.143187 -170.224618
743.002690 -170.735790
743.862193 -171.246962
744.721696 -171.758133
745.581198 -172.269306
746.440701 -172.780478
747.300204 -173.291650
748.158983 -173.804032
749.015780 -174.319726
749.872577 -174.835420
750.729374 -175.351114
751.586171 -175.866808
752.446010 -176.377390
753.307974 -176.884400
754.169939 -177.391410
755.031903 -177.898420
755.893162 -178.406620
756.751422 -178.919875
757.609683 -179.433130
758.467943 -179.946385
759.327188 -180.457989
760.186838 -180.968914
761.046487 -181.479839
761.906136 -181.990764
762.764687 -182.503534
763.623154 -183.016443
764.481621 -183.529352
765.340089 -184.042261
766.197731 -184.556548
767.055324 -185.070918
767.912917 -185.585287
768.772221 -186.096783
769.633034 -186.605745
770.493848 -187.114706
771.354326 -187.624231
772.211816 -188.138772
773.069306 -188.653313
773.927029 -189.167463
774.787500 -189.677003
775.647971 -190.186542
776.508443 -190.696082
777.368859 -191.205715
778.229159 -191.715543
779.089459 -192.225372
779.949759 -192.735201
780.810059 -193.245029
781.667518 -193.759559
782.518889 -194.284164
783.370259 -194.808769
784.221629 -195.333374
785.072999 -195.857979
785.924369 -196.382584
786.778688 -196.902357
787.633588 -197.421190
788.488488 -197.940023
789.343388 -198.458856
790.196259 -198.981011
791.048405 -199.504356
791.900550 -200.027701
792.752696 -200.551045

[left] sid=240, seg=1, num=10
793.271002 -200.869362
794.123018 -201.392917
794.974186 -201.917850
795.825354 -202.442783
796.676522 -202.967715
797.527690 -203.492648
798.378858 -204.017580
799.229726 -204.542996
800.076178 -205.075500
800.922630 -205.608004

[right] sid=240, seg=0, num=71
727.765572 -165.141281
728.624004 -165.654249
729.482436 -166.167217
730.340868 -166.680186
731.199493 -167.192830
732.058281 -167.705203
732.917069 -168.217575
733.775857 -168.729947
734.634645 -169.242319
735.493433 -169.754692
736.352221 -170.267064
737.211009 -170.779436
738.069797 -171.291807
738.928585 -171.804180
739.787372 -172.316552
740.646160 -172.828925
741.504947 -173.341298
742.363735 -173.853670
743.222523 -174.366042
744.081311 -174.878414
744.940099 -175.390786
745.799275 -175.902506
746.659058 -176.413207
747.518841 -176.923907
748.378624 -177.434608
749.238407 -177.945309
750.098189 -178.456010
750.957972 -178.966711
751.817755 -179.477412
752.676369 -179.990071
753.533971 -180.504424
754.391574 -181.018778
755.249177 -181.533131
756.106779 -182.047485
756.964382 -182.561838
757.821984 -183.076192
758.679587 -183.590546
759.537460 -184.104445
760.397657 -184.614448
761.257854 -185.124451
762.118051 -185.634454
762.978247 -186.144457
763.838444 -186.654461
764.698641 -187.164464
765.558834 -187.674473
766.418908 -188.184684
767.278981 -188.694895
768.139055 -189.205105
768.999128 -189.715317
769.859201 -190.225528
770.719275 -190.735739
771.579348 -191.245950
772.439421 -191.756161
773.299495 -192.266372
774.157545 -192.779970
775.014460 -193.295468
775.871375 -193.810967
776.728289 -194.326466
777.585203 -194.841965
778.442118 -195.357465
779.299032 -195.872964
780.155946 -196.388463
781.013357 -196.903134
781.872103 -197.415575
782.730850 -197.928016
783.589596 -198.440458
784.448343 -198.952899
785.305350 -199.468215
786.157935 -199.990843
787.010521 -200.513471
787.863106 -201.036098

[right] sid=240, seg=1, num=14
788.436571 -201.387629
789.289157 -201.910256
790.141742 -202.432884
790.994327 -202.955512
791.846912 -203.478140
792.699497 -204.000769
793.552082 -204.523396
794.402616 -205.049351
795.252245 -205.576771
796.101874 -206.104190
796.951503 -206.631611
797.801132 -207.159031
798.650760 -207.686452
799.500389 -208.213873

[center] sid=241, seg=0, num=85
727.010552 -166.438858
727.867921 -166.953600
728.725291 -167.468342
729.582660 -167.983085
730.440122 -168.497673
731.297662 -169.012131
732.155202 -169.526590
733.013435 -170.039888
733.872201 -170.552298
734.730966 -171.064708
735.589854 -171.576913
736.448839 -172.088955
737.307824 -172.600996
738.166809 -173.113038
739.025793 -173.625081
739.884778 -174.137123
740.743763 -174.649165
741.602747 -175.161207
742.461732 -175.673249
743.320717 -176.185291
744.179702 -176.697333
745.038889 -177.209035
745.898374 -177.720237
746.757859 -178.231439
747.617435 -178.742487
748.477149 -179.253304
749.336863 -179.764121
750.196576 -180.274939
751.056290 -180.785756
751.915405 -181.297578
752.774030 -181.810223
753.632655 -182.322868
754.491280 -182.835512
755.349905 -183.348157
756.208531 -183.860802
757.067156 -184.373447
757.925781 -184.886091
758.784592 -185.398423
759.644788 -185.908428
760.504984 -186.418432
761.365229 -186.928353
762.225812 -187.437705
763.086395 -187.947056
763.946978 -188.456408
764.807558 -188.965763
765.668079 -189.475219
766.528600 -189.984674
767.389075 -190.494209
768.248589 -191.005361
769.108104 -191.516513
769.967616 -192.027669
770.827083 -192.538901
771.686550 -193.050132
772.546017 -193.561364
773.404273 -194.074623
774.261897 -194.588942
775.119520 -195.103262
775.976954 -195.617895
776.834291 -196.132691
777.691628 -196.647487
778.548965 -197.162282
779.406302 -197.677078
780.264098 -198.191107
781.123017 -198.703260
781.981935 -199.215413
782.840912 -199.727468
783.700027 -200.239292
784.557418 -200.753972
785.410725 -201.275421
786.264031 -201.796870
787.117334 -202.318326
787.970627 -202.839797
788.823920 -203.361268
789.677213 -203.882740
790.530506 -204.404211
791.383799 -204.925683
792.237092 -205.447155
793.090190 -205.968943
793.939698 -206.496558
794.789206 -207.024172
795.638680 -207.551843
796.487703 -208.080239
797.336726 -208.608634
798.185751 -209.137025
799.034804 -209.665372

[left] sid=241, seg=0, num=71
727.765572 -165.141281
728.624004 -165.654249
729.482436 -166.167217
730.340868 -166.680186
731.199493 -167.192830
732.058281 -167.705203
732.917069 -168.217575
733.775857 -168.729947
734.634645 -169.242319
735.493433 -169.754692
736.352221 -170.267064
737.211009 -170.779436
738.069797 -171.291807
738.928585 -171.804180
739.787372 -172.316552
740.646160 -172.828925
741.504947 -173.341298
742.363735 -173.853670
743.222523 -174.366042
744.081311 -174.878414
744.940099 -175.390786
745.799275 -175.902506
746.659058 -176.413207
747.518841 -176.923907
748.378624 -177.434608
749.238407 -177.945309
750.098189 -178.456010
750.957972 -178.966711
751.817755 -179.477412
752.676369 -179.990071
753.533971 -180.504424
754.391574 -181.018778
755.249177 -181.533131
756.106779 -182.047485
756.964382 -182.561838
757.821984 -183.076192
758.679587 -183.590546
759.537460 -184.104445
760.397657 -184.614448
761.257854 -185.124451
762.118051 -185.634454
762.978247 -186.144457
763.838444 -186.654461
764.698641 -187.164464
765.558834 -187.674473
766.418908 -188.184684
767.278981 -188.694895
768.139055 -189.205105
768.999128 -189.715317
769.859201 -190.225528
770.719275 -190.735739
771.579348 -191.245950
772.439421 -191.756161
773.299495 -192.266372
774.157545 -192.779970
775.014460 -193.295468
775.871375 -193.810967
776.728289 -194.326466
777.585203 -194.841965
778.442118 -195.357465
779.299032 -195.872964
780.155946 -196.388463
781.013357 -196.903134
781.872103 -197.415575
782.730850 -197.928016
783.589596 -198.440458
784.448343 -198.952899
785.305350 -199.468215
786.157935 -199.990843
787.010521 -200.513471
787.863106 -201.036098

[left] sid=241, seg=1, num=14
788.436571 -201.387629
789.289157 -201.910256
790.141742 -202.432884
790.994327 -202.955512
791.846912 -203.478140
792.699497 -204.000769
793.552082 -204.523396
794.402616 -205.049351
795.252245 -205.576771
796.101874 -206.104190
796.951503 -206.631611
797.801132 -207.159031
798.650760 -207.686452
799.500389 -208.213873

[right] sid=241, seg=0, num=67
726.255527 -167.736436
727.111813 -168.252978
727.968100 -168.769520
728.824386 -169.286062
729.680673 -169.802604
730.536960 -170.319145
731.393246 -170.835686
732.249912 -171.351595
733.109093 -171.863308
733.968275 -172.375020
734.827456 -172.886732
735.686638 -173.398443
736.545820 -173.910154
737.405002 -174.421865
738.264183 -174.933577
739.123365 -175.445289
739.982546 -175.957001
740.841728 -176.468713
741.700909 -176.980425
742.560091 -177.492136
743.419273 -178.003848
744.278454 -178.515560
745.137636 -179.027271
745.996817 -179.538983
746.856207 -180.050345
747.715851 -180.561279
748.575496 -181.072213
749.435140 -181.583147
750.294784 -182.094080
751.154429 -182.605014
752.014073 -183.115948
752.873717 -183.626882
753.733362 -184.137816
754.593006 -184.648750
755.452650 -185.159684
756.312295 -185.670617
757.171939 -186.181551
758.031583 -186.692485
758.891228 -187.203419
759.751378 -187.713499
760.612346 -188.222198
761.473314 -188.730898
762.334283 -189.239597
763.195251 -189.748297
764.056220 -190.256996
764.917188 -190.765696
765.778156 -191.274395
766.639124 -191.783095
767.498140 -192.295084
768.357000 -192.807335
769.215859 -193.319587
770.074719 -193.831838
770.933579 -194.344089
771.792439 -194.856341
772.651299 -195.368591
773.510030 -195.881058
774.367789 -196.395151
775.225548 -196.909244
776.083306 -197.423337
776.941065 -197.937429
777.798825 -198.451521
778.656584 -198.965613
779.514342 -199.479707
780.373178 -199.991996
781.232661 -200.503201
782.092144 -201.014405
782.951627 -201.525611

[right] sid=241, seg=1, num=18
783.273875 -201.717277
784.129698 -202.234563
784.983697 -202.754877
785.837697 -203.275191
786.691696 -203.795504
787.545696 -204.315818
788.399695 -204.836132
789.253695 -205.356446
790.107694 -205.876760
790.961693 -206.397074
791.815693 -206.917387
792.669692 -207.437701
793.518410 -207.966581
794.366827 -208.495949
795.215244 -209.025316
796.063661 -209.554684
796.912078 -210.084052
797.760494 -210.613420

[center] sid=242, seg=0, num=85
725.418109 -169.179732
726.277142 -169.691693
727.136175 -170.203654
727.995166 -170.715686
728.852609 -171.230305
729.710053 -171.744924
730.567494 -172.259547
731.425113 -172.773872
732.283958 -173.286148
733.142803 -173.798425
734.001420 -174.311083
734.858742 -174.825903
735.716065 -175.340723
736.573257 -175.855761
737.429760 -176.371944
738.286262 -176.888127
739.142277 -177.405116
739.996057 -177.925790
740.849837 -178.446464
741.703617 -178.967138
742.557397 -179.487812
743.411178 -180.008486
744.265950 -180.527512
745.125340 -181.038874
745.985915 -181.548233
746.847931 -182.055154
747.709948 -182.562075
748.570226 -183.071927
749.428400 -183.585327
750.286573 -184.098728
751.143270 -184.614581
751.998486 -185.132893
752.853702 -185.651205
753.709788 -186.168076
754.566739 -186.683514
755.423691 -187.198952
756.281552 -187.712871
757.140406 -188.225132
757.999261 -188.737392
758.865333 -189.237042
759.742036 -189.718116
760.618740 -190.199190
761.496894 -190.677581
762.379601 -191.147548
763.262308 -191.617515
764.144872 -192.087752
765.027003 -192.558800
765.909134 -193.029849
766.779973 -193.521326
767.648117 -194.017680
768.516261 -194.514035
769.373097 -195.029638
770.229330 -195.546268
771.085563 -196.062898
771.941680 -196.579722
772.797710 -197.096688
773.653265 -197.614440
774.508819 -198.132193
775.364567 -198.649625
776.221455 -199.165168
777.078343 -199.680711
777.935288 -200.196160
778.792585 -200.711023
779.649389 -201.226704
780.505917 -201.742845
781.362445 -202.258986
782.218001 -202.776734
783.072779 -203.295768
783.926995 -203.815726
784.781211 -204.335684
785.635296 -204.855858
786.489110 -205.376476
787.342924 -205.897094
788.196347 -206.418351
789.049027 -206.940824
789.901708 -207.463296
790.754998 -207.984771
791.609394 -208.504433
792.462408 -209.026356
793.314466 -209.549843
794.166523 -210.073331
795.015748 -210.601384
795.863154 -211.132369
796.710559 -211.663354
797.557571 -212.194967

[left] sid=242, seg=0, num=67
726.255527 -167.736436
727.111813 -168.252978
727.968100 -168.769520
728.824386 -169.286062
729.680673 -169.802604
730.536960 -170.319145
731.393246 -170.835686
732.249912 -171.351595
733.109093 -171.863308
733.968275 -172.375020
734.827456 -172.886732
735.686638 -173.398443
736.545820 -173.910154
737.405002 -174.421865
738.264183 -174.933577
739.123365 -175.445289
739.982546 -175.957001
740.841728 -176.468713
741.700909 -176.980425
742.560091 -177.492136
743.419273 -178.003848
744.278454 -178.515560
745.137636 -179.027271
745.996817 -179.538983
746.856207 -180.050345
747.715851 -180.561279
748.575496 -181.072213
749.435140 -181.583147
750.294784 -182.094080
751.154429 -182.605014
752.014073 -183.115948
752.873717 -183.626882
753.733362 -184.137816
754.593006 -184.648750
755.452650 -185.159684
756.312295 -185.670617
757.171939 -186.181551
758.031583 -186.692485
758.891228 -187.203419
759.751378 -187.713499
760.612346 -188.222198
761.473314 -188.730898
762.334283 -189.239597
763.195251 -189.748297
764.056220 -190.256996
764.917188 -190.765696
765.778156 -191.274395
766.639124 -191.783095
767.498140 -192.295084
768.357000 -192.807335
769.215859 -193.319587
770.074719 -193.831838
770.933579 -194.344089
771.792439 -194.856341
772.651299 -195.368591
773.510030 -195.881058
774.367789 -196.395151
775.225548 -196.909244
776.083306 -197.423337
776.941065 -197.937429
777.798825 -198.451521
778.656584 -198.965613
779.514342 -199.479707
780.373178 -199.991996
781.232661 -200.503201
782.092144 -201.014405
782.951627 -201.525611

[left] sid=242, seg=1, num=18
783.273875 -201.717277
784.129698 -202.234563
784.983697 -202.754877
785.837697 -203.275191
786.691696 -203.795504
787.545696 -204.315818
788.399695 -204.836132
789.253695 -205.356446
790.107694 -205.876760
790.961693 -206.397074
791.815693 -206.917387
792.669692 -207.437701
793.518410 -207.966581
794.366827 -208.495949
795.215244 -209.025316
796.063661 -209.554684
796.912078 -210.084052
797.760494 -210.613420

[right] sid=242, seg=0, num=84
724.580687 -170.623026
725.442462 -171.130358
726.304237 -171.637690
727.166012 -172.145022
728.024680 -172.657593
728.883188 -173.170434
729.741696 -173.683275
730.600204 -174.196115
731.458713 -174.708956
732.317221 -175.221796
733.175730 -175.734636
734.031554 -176.251935
734.886483 -176.770721
735.741412 -177.289506
736.596341 -177.808291
737.451270 -178.327077
738.301164 -178.854042
739.149449 -179.383622
739.997733 -179.913203
740.846018 -180.442783
741.694302 -180.972364
742.542587 -181.501945
743.390871 -182.031525
744.250282 -182.542649
745.114653 -183.045546
745.979023 -183.548443
746.843393 -184.051340
747.707764 -184.554237
748.569329 -185.061813
749.420053 -185.587465
750.270777 -186.113118
751.121501 -186.638770
751.972225 -187.164422
752.822949 -187.690075
753.673673 -188.215727
754.531488 -188.729721
755.389550 -189.243306
756.247613 -189.756892
757.105676 -190.270477
757.963739 -190.784063
758.840631 -191.262516
759.743411 -191.692665
760.646192 -192.122815
761.548972 -192.552965
762.451752 -192.983114
763.354533 -193.413264
764.256497 -193.845121
765.158062 -194.277812
766.059627 -194.710503
766.944568 -195.173792
767.798191 -195.694724
768.651814 -196.215655
769.505437 -196.736586
770.358954 -197.257691
771.212288 -197.779095
772.065623 -198.300498
772.918957 -198.821902
773.772292 -199.343306
774.625626 -199.864709
775.480513 -200.383554
776.337347 -200.899187
777.194181 -201.414819
778.051015 -201.930452
778.907849 -202.446084
779.763143 -202.964242
780.613696 -203.490171
781.464249 -204.016100
782.315831 -204.540350
783.170365 -205.059785
784.024899 -205.579220
784.879434 -206.098655
785.733968 -206.618090
786.587852 -207.138588
787.439208 -207.663215
788.290565 -208.187842
789.141921 -208.712469
789.993287 -209.237082
790.848944 -209.754664
791.704602 -210.272246
792.560260 -210.789829
793.415918 -211.307410
794.269520 -211.828312
795.114323 -212.363429
795.959126 -212.898545

[center] sid=243, seg=0, num=18
824.863048 -223.219333
825.651082 -223.834998
826.439536 -224.450125
827.229578 -225.063211
828.019621 -225.676297
828.801118 -226.300205
829.580615 -226.926644
830.353624 -227.561015
831.122157 -228.200859
831.890689 -228.840703
832.659222 -229.480547
833.427754 -230.120391
834.191308 -230.766155
834.953508 -231.413529
835.710297 -232.067199
836.464751 -232.723585
837.219193 -233.379983
837.968386 -234.042362

[left] sid=243, seg=0, num=18
825.801806 -222.009094
826.587712 -222.627475
827.374456 -223.244782
828.164386 -223.858013
828.954317 -224.471243
829.732186 -225.099633
830.507236 -225.731567
831.277734 -226.369009
832.044413 -227.011072
832.811092 -227.653135
833.577772 -228.295199
834.344451 -228.937262
835.101697 -229.590367
835.855600 -230.247385
836.609503 -230.904403
837.363406 -231.561421
838.117309 -232.218439
838.861628 -232.886262

[right] sid=243, seg=0, num=19
823.735741 -224.283311
824.525896 -224.896253
825.316050 -225.509195
826.106205 -226.122136
826.896360 -226.735078
827.686515 -227.348019
828.475196 -227.962800
829.245575 -228.600419
830.015954 -229.238039
830.786333 -229.875658
831.556712 -230.513278
832.327091 -231.150897
833.097470 -231.788517
833.867848 -232.426136
834.630483 -233.072889
835.385464 -233.728668
836.140445 -234.384447
836.895425 -235.040227
837.650405 -235.696007

[center] sid=244, seg=0, num=18
822.478697 -225.951994
823.273150 -226.559354
824.067604 -227.166713
824.862058 -227.774072
825.656511 -228.381432
826.450965 -228.988791
827.244691 -229.597087
828.029434 -230.216941
828.814178 -230.836796
829.598922 -231.456650
830.383666 -232.076504
831.168410 -232.696358
831.951577 -233.318201
832.733830 -233.941195
833.516083 -234.564189
834.298336 -235.187183
835.080590 -235.810178
835.862843 -236.433172

[left] sid=244, seg=0, num=19
823.735741 -224.283311
824.525896 -224.896253
825.316050 -225.509195
826.106205 -226.122136
826.896360 -226.735078
827.686515 -227.348019
828.475196 -227.962800
829.245575 -228.600419
830.015954 -229.238039
830.786333 -229.875658
831.556712 -230.513278
832.327091 -231.150897
833.097470 -231.788517
833.867848 -232.426136
834.630483 -233.072889
835.385464 -233.728668
836.140445 -234.384447
836.895425 -235.040227
837.650405 -235.696007

[right] sid=244, seg=0, num=14
820.925637 -227.397660
821.724351 -227.999407
822.523064 -228.601153
823.321778 -229.202899
824.120491 -229.804646
824.919205 -230.406392
825.717918 -231.008138
826.516632 -231.609885
827.315345 -232.211631
828.114059 -232.813377
828.912773 -233.415124
829.711486 -234.016870
830.510200 -234.618616
831.280216 -235.247474

[center] sid=245, seg=0, num=118
838.652335 -234.648074
839.400975 -235.311082
840.148669 -235.975157
840.896170 -236.639450
841.644203 -237.303143
842.392562 -237.966470
843.140921 -238.629796
843.889178 -239.293236
844.630674 -239.964208
845.370645 -240.636878
846.110616 -241.309549
846.852104 -241.980547
847.593927 -242.651174
848.335750 -243.321802
849.080896 -243.988729
849.826922 -244.654679
850.573474 -245.320037
851.320762 -245.984569
852.068050 -246.649101
852.813843 -247.315305
853.554186 -247.987556
854.292604 -248.661930
855.031023 -249.336304
855.769441 -250.010679
856.510886 -250.681717
857.253925 -251.350996
857.996965 -252.020276
858.741377 -252.688026
859.485046 -253.356605
860.228579 -254.025336
860.972113 -254.694066
861.715419 -255.363048
862.457535 -256.033352
863.199650 -256.703655
863.941695 -257.374038
864.683085 -258.045143
865.422806 -258.718088
866.162527 -259.391033
866.902525 -260.063673
867.644748 -260.733857
868.388633 -261.402195
869.132519 -262.070533
869.876404 -262.738872
870.616027 -263.411920
871.354742 -264.085968
872.093458 -264.760017
872.831515 -265.434786
873.572132 -266.106743
874.313344 -266.778046
875.054555 -267.449349
875.797189 -268.119077
876.540117 -268.788480
877.283045 -269.457883
878.025973 -270.127286
878.768901 -270.796689
879.511829 -271.466092
880.253438 -272.136956
880.994842 -272.808046
881.736245 -273.479137
882.477511 -274.150380
883.217628 -274.822889
883.957134 -275.496071
884.696640 -276.169252
885.436101 -276.842483
886.175539 -277.515739
886.914976 -278.188995
887.654327 -278.862347
888.393471 -279.535926
889.132255 -280.209900
889.871039 -280.883873
890.609823 -281.557847
891.348607 -282.231820
892.087391 -282.905794
892.826379 -283.579544
893.565821 -284.252795
894.306059 -284.925171
895.046298 -285.597547
895.786500 -286.269963
896.525916 -286.943242
897.265333 -287.616521
898.002950 -288.291765
898.738041 -288.969764
899.473132 -289.647764
900.209004 -290.324915
900.946187 -291.000637
901.689341 -291.669788
902.432496 -292.338940
903.175650 -293.008091
903.918021 -293.678102
904.652606 -294.356650
905.387191 -295.035197
906.128472 -295.706422
906.869894 -296.377492
907.611316 -297.048563
908.352785 -297.719581
909.094255 -298.390598
909.835725 -299.061615
910.577195 -299.732633
911.318664 -300.403651
912.057095 -301.078010
912.795219 -301.752706
913.533343 -302.427402
914.271453 -303.102114
915.009561 -303.776828
915.747669 -304.451541
916.485779 -305.126253
917.223888 -305.800965
917.962806 -306.474789
918.704321 -307.145756
919.445837 -307.816723
920.187317 -308.487729
920.928692 -309.158851
921.670067 -309.829973
922.411442 -310.501095
923.152817 -311.172217
923.894192 -311.843340
924.635013 -312.515072
925.374357 -313.188431

[left] sid=245, seg=0, num=28
905.870172 -293.448516
906.602752 -294.129176
907.344712 -294.799651
908.086672 -295.470127
908.828632 -296.140602
909.570591 -296.811079
910.312551 -297.481555
911.054510 -298.152031
911.796470 -298.822507
912.537286 -299.494237
913.273542 -300.170971
914.009798 -300.847706
914.746053 -301.524440
915.482309 -302.201175
916.218564 -302.877911
916.954819 -303.554645
917.691076 -304.231379
918.427332 -304.908113
919.167448 -305.580602
919.911031 -306.249276
920.654614 -306.917951
921.398197 -307.586626
922.141780 -308.255300
922.885364 -308.923975
923.628947 -309.592649
924.372532 -310.261323
925.116116 -310.929996
925.859700 -311.598670

[left] sid=245, seg=1, num=47
839.601932 -233.554688
840.344169 -234.224858
841.086404 -234.895029
841.828639 -235.565200
842.572185 -236.233916
843.316553 -236.901717
844.060921 -237.569518
844.805291 -238.237318
845.551042 -238.903574
846.297193 -239.569382
847.043345 -240.235190
847.789497 -240.900998
848.535648 -241.566806
849.281800 -242.232613
850.027952 -242.898421
850.774103 -243.564230
851.521257 -244.228911
852.269930 -244.891881
853.018604 -245.554852
853.767277 -246.217824
854.511797 -246.885436
855.253482 -247.556216
855.995167 -248.226996
856.736851 -248.897776
857.480927 -249.565898
858.226520 -250.232331
858.972114 -250.898763
859.717707 -251.565197
860.460320 -252.234947
861.202589 -252.905081
861.944858 -253.575214
862.687846 -254.244546
863.435340 -254.908846
864.182835 -255.573145
864.930330 -256.237445
865.676940 -256.902729
866.417147 -257.575140
867.157353 -258.247551
867.897560 -258.919962
868.638855 -259.591167
869.383596 -260.258552
870.128337 -260.925937
870.873078 -261.593322
871.610582 -262.268675
872.346259 -262.946039
873.081936 -263.623402
873.817613 -264.300766

[left] sid=245, seg=2, num=43
874.405988 -264.835408
875.147710 -265.506147
875.889433 -266.176885
876.631155 -266.847624
877.372877 -267.518363
878.114599 -268.189101
878.856322 -268.859840
879.598044 -269.530578
880.339767 -270.201317
881.081489 -270.872055
881.823211 -271.542794
882.564934 -272.213533
883.306656 -272.884271
884.047059 -273.556461
884.785593 -274.230709
885.524128 -274.904956
886.262662 -275.579204
887.001196 -276.253452
887.739730 -276.927699
888.478264 -277.601946
889.216802 -278.276190
889.955382 -278.950386
890.693963 -279.624583
891.432543 -280.298779
892.171123 -280.972977
892.909703 -281.647174
893.648283 -282.321371
894.386864 -282.995567
895.125580 -283.669615
895.864328 -284.343628
896.603076 -285.017642
897.341824 -285.691655
898.080571 -286.365668
898.819145 -287.039872
899.556816 -287.715063
900.294488 -288.390254
901.032159 -289.065445
901.769832 -289.740635
902.514371 -290.408225
903.260661 -291.073878
904.006951 -291.739530
904.753240 -292.405184
905.484879 -293.086848

[right] sid=245, seg=0, num=103
837.714718 -235.751872
838.469699 -236.407652
839.223356 -237.064948
839.975680 -237.723774
840.728004 -238.382599
841.480328 -239.041425
842.232652 -239.700250
842.984976 -240.359076
843.721103 -241.035887
844.454806 -241.715388
845.188509 -242.394890
845.922213 -243.074391
846.655917 -243.753891
847.399124 -244.422942
848.145024 -245.089033
848.890923 -245.755124
849.636822 -246.421215
850.382721 -247.087306
851.128619 -247.753397
851.872113 -248.422138
852.607248 -249.100090
853.342383 -249.778043
854.077518 -250.455995
854.812652 -251.133948
855.547787 -251.811900
856.286391 -252.486037
857.031186 -253.153362
857.775981 -253.820687
858.520776 -254.488012
859.265571 -255.155336
860.010366 -255.822661
860.755161 -256.489987
861.491448 -257.166682
862.227331 -257.843823
862.963213 -258.520963
863.699095 -259.198104
864.434978 -259.875245
865.175200 -260.547619
865.918229 -261.216910
866.661258 -261.886201
867.404287 -262.555492
868.147316 -263.224783
868.890345 -263.894073
869.633374 -264.563364
870.375796 -265.233326
871.115959 -265.905785
871.856122 -266.578243
872.596286 -267.250702
873.336449 -267.923161
874.077697 -268.594418
874.821828 -269.262484
875.565959 -269.930549
876.310090 -270.598614
877.054221 -271.266680
877.798352 -271.934745
878.542483 -272.602810
879.284498 -273.273222
880.025272 -273.945006
880.766047 -274.616791
881.506822 -275.288576
882.247597 -275.960361
882.988043 -276.632508
883.728384 -277.304772
884.468724 -277.977035
885.209064 -278.649299
885.949405 -279.321563
886.689745 -279.993826
887.429248 -280.667011
888.168235 -281.340761
888.907223 -282.014511
889.646210 -282.688262
890.385198 -283.362012
891.124185 -284.035763
891.863174 -284.709512
892.603990 -285.381248
893.345716 -286.051983
894.087441 -286.722718
894.829166 -287.393454
895.570891 -288.064190
896.312616 -288.734925
897.045639 -289.415153
897.778139 -290.095951
898.510640 -290.776748
899.243139 -291.457547
899.981517 -292.131950
900.721519 -292.804586
901.461521 -293.477222
902.201524 -294.149856
902.941528 -294.822491
903.681531 -295.495126
904.421533 -296.167761
905.162252 -296.839607
905.903233 -297.511165
906.644214 -298.182722
907.385193 -298.854281
908.126173 -299.525840
908.867153 -300.197399
909.608132 -300.868958
910.349111 -301.540517
911.089214 -302.213042
911.829171 -302.885727
912.569129 -303.558412
913.309086 -304.231096

[right] sid=245, seg=1, num=15
913.707274 -304.593086
914.447230 -305.265772
915.187187 -305.938458
915.927144 -306.611144
916.667101 -307.283829
917.407058 -307.956515
918.146401 -308.629874
918.885558 -309.303439
919.624715 -309.977003
920.363873 -310.650567
921.103030 -311.324130
921.842188 -311.997694
922.581345 -312.671258
923.320501 -313.344823
924.065309 -314.012116

[center] sid=246, seg=0, num=118
836.615019 -237.032214
837.372840 -237.683853
838.139516 -238.325919
838.905469 -238.968849
839.671421 -239.611779
840.433252 -240.259549
841.190061 -240.913218
841.946869 -241.566888
842.692926 -242.232774
843.437482 -242.900367
844.182037 -243.567959
844.922728 -244.239834
845.662941 -244.912238
846.406185 -245.581286
847.150099 -246.249594
847.894012 -246.917902
848.639126 -247.584870
849.384474 -248.251579
850.129821 -248.918287
850.874045 -249.586240
851.614322 -250.258573
852.354599 -250.930906
853.094587 -251.603558
853.833773 -252.277092
854.572958 -252.950625
855.313598 -253.622553
856.056405 -254.292091
856.799212 -254.961629
857.542019 -255.631166
858.284826 -256.300703
859.027633 -256.970241
859.770441 -257.639776
860.510450 -258.312405
861.250430 -258.985065
861.990411 -259.657725
862.730391 -260.330385
863.470372 -261.003044
864.212642 -261.673173
864.956182 -262.341896
865.699722 -263.010618
866.441613 -263.681168
867.182606 -264.352713
867.923599 -265.024257
868.664234 -265.696196
869.404363 -266.368692
870.143570 -267.042202
870.882777 -267.715712
871.622683 -268.388451
872.364598 -269.058976
873.107128 -269.728820
873.851024 -270.397146
874.594921 -271.065473
875.338811 -271.733806
876.082688 -272.402155
876.826564 -273.070503
877.569716 -273.739656
878.310415 -274.411524
879.050570 -275.083992
879.790724 -275.756460
880.530879 -276.428928
881.271034 -277.101396
882.011086 -277.773977
882.751112 -278.446586
883.491139 -279.119195
884.232558 -279.790268
884.974305 -280.460980
885.716051 -281.131692
886.457355 -281.802893
887.198427 -282.474349
887.939500 -283.145806
888.679917 -283.817985
889.420014 -284.490516
890.160111 -285.163048
890.899139 -285.836753
891.638686 -286.509888
892.378622 -287.182597
893.118558 -287.855306
893.858493 -288.528015
894.598429 -289.200724
895.338365 -289.873433
896.076800 -290.547788
896.815224 -291.222156
897.553648 -291.896525
898.292143 -292.570815
899.032030 -293.243577
899.772224 -293.916001
900.512418 -294.588426
901.251386 -295.262197
901.990131 -295.936213
902.728877 -296.610229
903.467622 -297.284245
904.206750 -297.957841
904.945986 -298.631319
905.685221 -299.304797
906.425622 -299.976994
907.166349 -300.648831
907.907076 -301.320669
908.648475 -301.991764
909.390077 -302.662636
910.129559 -303.335842
910.868802 -304.009313
911.608044 -304.682783
912.347234 -305.356312
913.086418 -306.029847
913.825602 -306.703381
914.564786 -307.376916
915.303970 -308.050450
916.043154 -308.723985
916.782360 -309.397496
917.521632 -310.070934
918.260905 -310.744371
919.000189 -311.417796
919.739505 -312.091186
920.478820 -312.764576
921.218136 -313.437966
921.957450 -314.111358
922.698736 -314.782560
923.445443 -315.447746

[left] sid=246, seg=0, num=103
837.714718 -235.751872
838.469699 -236.407652
839.223356 -237.064948
839.975680 -237.723774
840.728004 -238.382599
841.480328 -239.041425
842.232652 -239.700250
842.984976 -240.359076
843.721103 -241.035887
844.454806 -241.715388
845.188509 -242.394890
845.922213 -243.074391
846.655917 -243.753891
847.399124 -244.422942
848.145024 -245.089033
848.890923 -245.755124
849.636822 -246.421215
850.382721 -247.087306
851.128619 -247.753397
851.872113 -248.422138
852.607248 -249.100090
853.342383 -249.778043
854.077518 -250.455995
854.812652 -251.133948
855.547787 -251.811900
856.286391 -252.486037
857.031186 -253.153362
857.775981 -253.820687
858.520776 -254.488012
859.265571 -255.155336
860.010366 -255.822661
860.755161 -256.489987
861.491448 -257.166682
862.227331 -257.843823
862.963213 -258.520963
863.699095 -259.198104
864.434978 -259.875245
865.175200 -260.547619
865.918229 -261.216910
866.661258 -261.886201
867.404287 -262.555492
868.147316 -263.224783
868.890345 -263.894073
869.633374 -264.563364
870.375796 -265.233326
871.115959 -265.905785
871.856122 -266.578243
872.596286 -267.250702
873.336449 -267.923161
874.077697 -268.594418
874.821828 -269.262484
875.565959 -269.930549
876.310090 -270.598614
877.054221 -271.266680
877.798352 -271.934745
878.542483 -272.602810
879.284498 -273.273222
880.025272 -273.945006
880.766047 -274.616791
881.506822 -275.288576
882.247597 -275.960361
882.988043 -276.632508
883.728384 -277.304772
884.468724 -277.977035
885.209064 -278.649299
885.949405 -279.321563
886.689745 -279.993826
887.429248 -280.667011
888.168235 -281.340761
888.907223 -282.014511
889.646210 -282.688262
890.385198 -283.362012
891.124185 -284.035763
891.863174 -284.709512
892.603990 -285.381248
893.345716 -286.051983
894.087441 -286.722718
894.829166 -287.393454
895.570891 -288.064190
896.312616 -288.734925
897.045639 -289.415153
897.778139 -290.095951
898.510640 -290.776748
899.243139 -291.457547
899.981517 -292.131950
900.721519 -292.804586
901.461521 -293.477222
902.201524 -294.149856
902.941528 -294.822491
903.681531 -295.495126
904.421533 -296.167761
905.162252 -296.839607
905.903233 -297.511165
906.644214 -298.182722
907.385193 -298.854281
908.126173 -299.525840
908.867153 -300.197399
909.608132 -300.868958
910.349111 -301.540517
911.089214 -302.213042
911.829171 -302.885727
912.569129 -303.558412
913.309086 -304.231096

[left] sid=246, seg=1, num=15
913.707274 -304.593086
914.447230 -305.265772
915.187187 -305.938458
915.927144 -306.611144
916.667101 -307.283829
917.407058 -307.956515
918.146401 -308.629874
918.885558 -309.303439
919.624715 -309.977003
920.363873 -310.650567
921.103030 -311.324130
921.842188 -311.997694
922.581345 -312.671258
923.320501 -313.344823
924.065309 -314.012116

[right] sid=246, seg=0, num=99
835.491782 -238.339940
836.272262 -238.965155
837.052741 -239.590370
837.833220 -240.215585
838.612670 -240.842083
839.391927 -241.468822
840.153066 -242.117242
840.908287 -242.772744
841.663509 -243.428246
842.418730 -244.083748
843.173951 -244.739251
843.927228 -245.396949
844.669149 -246.067468
845.411069 -246.737987
846.152990 -247.408506
846.894911 -248.079025
847.638114 -248.748119
848.383492 -249.414793
849.128870 -250.081467
849.874248 -250.748141
850.619625 -251.414816
851.365003 -252.081490
852.110380 -252.748164
852.855758 -253.414838
853.597569 -254.085473
854.338381 -254.757217
855.079193 -255.428962
855.820004 -256.100706
856.560816 -256.772451
857.301627 -257.444196
858.042439 -258.115941
858.783360 -258.787564
859.527411 -259.455717
860.271463 -260.123871
861.015515 -260.792025
861.759566 -261.460179
862.503618 -262.128333
863.247670 -262.796486
863.991722 -263.464640
864.735773 -264.132794
865.478755 -264.802129
866.216626 -265.477102
866.954497 -266.152075
867.692367 -266.827049
868.430238 -267.502022
869.168109 -268.176995
869.905980 -268.851969
870.646698 -269.523802
871.390360 -270.192390
872.134022 -270.860977
872.877685 -271.529564
873.621347 -272.198151
874.365009 -272.866739
875.108671 -273.535326
875.852333 -274.203913
876.594230 -274.874451
877.333764 -275.547602
878.073298 -276.220753
878.812832 -276.893904
879.552366 -277.567054
880.291900 -278.240205
881.031434 -278.913356
881.770967 -279.586507
882.510501 -280.259658
883.253627 -280.928841
883.996776 -281.597998
884.739926 -282.267155
885.483076 -282.936311
886.226226 -283.605468
886.969376 -284.274624
887.712525 -284.943781
888.455675 -285.612938
889.194360 -286.287016
889.932501 -286.961694
890.670641 -287.636372
891.408782 -288.311051
892.146922 -288.985729
892.885063 -289.660407
893.623204 -290.335085
894.361345 -291.009763
895.105413 -291.677895
895.849849 -292.345619
896.594286 -293.013344
897.338722 -293.681069
898.083158 -294.348795
898.823290 -295.021269
899.560775 -295.696664
900.298260 -296.372058
901.035745 -297.047453
901.773229 -297.722849
902.510714 -298.398244
903.248199 -299.073639
903.985684 -299.749033
904.723169 -300.424428
905.460654 -301.099822
906.201507 -301.771513
906.943729 -302.441699
907.685951 -303.111884
908.428174 -303.782069

[right] sid=246, seg=1, num=20
908.542555 -303.885350
909.280966 -304.559733
910.019376 -305.234116
910.757786 -305.908499
911.496196 -306.582883
912.234606 -307.257266
912.973015 -307.931649
913.711425 -308.606032
914.449836 -309.280415
915.188246 -309.954799
915.926897 -310.628917
916.666370 -311.302134
917.405844 -311.975351
918.145317 -312.648568
918.884791 -313.321785
919.624265 -313.995001
920.363738 -314.668218
921.103211 -315.341435
921.842685 -316.014652
922.582158 -316.687869

[center] sid=247, seg=0, num=118
834.566196 -239.400878
835.350438 -240.021366
836.134681 -240.641855
836.915529 -241.266515
837.682571 -241.908145
838.449612 -242.549776
839.207531 -243.202114
839.962880 -243.857470
840.718228 -244.512825
841.470679 -245.171502
842.222277 -245.831155
842.972309 -246.492567
843.714055 -247.163279
844.455802 -247.833991
845.197448 -248.504814
845.938644 -249.176135
846.680788 -249.846404
847.424355 -250.515097
848.167922 -251.183791
848.913003 -251.850790
849.660553 -252.515029
850.408102 -253.179267
851.155651 -253.843505
851.903201 -254.507743
852.646187 -255.177073
853.387961 -255.847754
854.129735 -256.518435
854.870246 -257.190511
855.610462 -257.862912
856.350678 -258.535313
857.090893 -259.207714
857.831213 -259.880000
858.573053 -260.550609
859.314892 -261.221219
860.056863 -261.891682
860.800716 -262.560057
861.544569 -263.228432
862.288524 -263.896693
863.034494 -264.562704
863.780465 -265.228714
864.525697 -265.895548
865.267698 -266.565978
866.009699 -267.236409
866.751157 -267.907437
867.490679 -268.580602
868.230200 -269.253766
868.969722 -269.926930
869.710681 -270.598509
870.452971 -271.268620
871.195260 -271.938731
871.937467 -272.608933
872.679597 -273.279220
873.421728 -273.949508
874.163870 -274.619782
874.906023 -275.290044
875.648254 -275.960219
876.390582 -276.630288
877.132910 -277.300356
877.875238 -277.970424
878.617566 -278.640492
879.359894 -279.310560
880.101484 -279.981443
880.842150 -280.653349
881.582850 -281.325217
882.325221 -281.995236
883.067593 -282.665256
883.809965 -283.335275
884.552338 -284.005294
885.294710 -284.675314
886.037039 -285.345380
886.777100 -286.017952
887.517160 -286.690524
888.254612 -287.365953
888.991865 -288.041602
889.729118 -288.717250
890.465286 -289.394080
891.201370 -290.071001
891.937454 -290.747922
892.673218 -291.425191
893.408960 -292.102485
894.139092 -292.785821
894.869143 -293.469245
895.597922 -294.154007
896.317436 -294.848515
897.036950 -295.543023
897.756465 -296.237532
898.475979 -296.932040
899.195493 -297.626548
899.915008 -298.321056
900.634522 -299.015564
901.354037 -299.710072
902.073551 -300.404580
902.793066 -301.099088
903.512580 -301.793596
904.232095 -302.488104
904.951609 -303.182612
905.671123 -303.877120
906.390638 -304.571628
907.128434 -305.246462
907.873019 -305.914022
908.617468 -306.581733
909.361916 -307.249444
910.102606 -307.921318
910.842630 -308.593930
911.582654 -309.266542
912.317844 -309.944430
913.052565 -310.622831
913.787286 -311.301231
914.522953 -311.978594
915.265497 -312.648423
916.008041 -313.318252
916.749986 -313.988738
917.485574 -314.666198
918.221163 -315.343657
918.956691 -316.021182
919.691851 -316.699107
920.427010 -317.377032
921.162532 -318.054564

[left] sid=247, seg=0, num=6
831.214706 -235.149386
832.016272 -235.747327
832.817838 -236.345268
833.619405 -236.943208
834.420970 -237.541150
835.222536 -238.139092

[left] sid=247, seg=1, num=99
835.491782 -238.339940
836.272262 -238.965155
837.052741 -239.590370
837.833220 -240.215585
838.612670 -240.842083
839.391927 -241.468822
840.153066 -242.117242
840.908287 -242.772744
841.663509 -243.428246
842.418730 -244.083748
843.173951 -244.739251
843.927228 -245.396949
844.669149 -246.067468
845.411069 -246.737987
846.152990 -247.408506
846.894911 -248.079025
847.638114 -248.748119
848.383492 -249.414793
849.128870 -250.081467
849.874248 -250.748141
850.619625 -251.414816
851.365003 -252.081490
852.110380 -252.748164
852.855758 -253.414838
853.597569 -254.085473
854.338381 -254.757217
855.079193 -255.428962
855.820004 -256.100706
856.560816 -256.772451
857.301627 -257.444196
858.042439 -258.115941
858.783360 -258.787564
859.527411 -259.455717
860.271463 -260.123871
861.015515 -260.792025
861.759566 -261.460179
862.503618 -262.128333
863.247670 -262.796486
863.991722 -263.464640
864.735773 -264.132794
865.478755 -264.802129
866.216626 -265.477102
866.954497 -266.152075
867.692367 -266.827049
868.430238 -267.502022
869.168109 -268.176995
869.905980 -268.851969
870.646698 -269.523802
871.390360 -270.192390
872.134022 -270.860977
872.877685 -271.529564
873.621347 -272.198151
874.365009 -272.866739
875.108671 -273.535326
875.852333 -274.203913
876.594230 -274.874451
877.333764 -275.547602
878.073298 -276.220753
878.812832 -276.893904
879.552366 -277.567054
880.291900 -278.240205
881.031434 -278.913356
881.770967 -279.586507
882.510501 -280.259658
883.253627 -280.928841
883.996776 -281.597998
884.739926 -282.267155
885.483076 -282.936311
886.226226 -283.605468
886.969376 -284.274624
887.712525 -284.943781
888.455675 -285.612938
889.194360 -286.287016
889.932501 -286.961694
890.670641 -287.636372
891.408782 -288.311051
892.146922 -288.985729
892.885063 -289.660407
893.623204 -290.335085
894.361345 -291.009763
895.105413 -291.677895
895.849849 -292.345619
896.594286 -293.013344
897.338722 -293.681069
898.083158 -294.348795
898.823290 -295.021269
899.560775 -295.696664
900.298260 -296.372058
901.035745 -297.047453
901.773229 -297.722849
902.510714 -298.398244
903.248199 -299.073639
903.985684 -299.749033
904.723169 -300.424428
905.460654 -301.099822
906.201507 -301.771513
906.943729 -302.441699
907.685951 -303.111884
908.428174 -303.782069

[left] sid=247, seg=2, num=20
908.542555 -303.885350
909.280966 -304.559733
910.019376 -305.234116
910.757786 -305.908499
911.496196 -306.582883
912.234606 -307.257266
912.973015 -307.931649
913.711425 -308.606032
914.449836 -309.280415
915.188246 -309.954799
915.926897 -310.628917
916.666370 -311.302134
917.405844 -311.975351
918.145317 -312.648568
918.884791 -313.321785
919.624265 -313.995001
920.363738 -314.668218
921.103211 -315.341435
921.842685 -316.014652
922.582158 -316.687869

[right] sid=247, seg=0, num=119
833.631647 -240.505570
834.491395 -241.016329
835.281832 -241.622467
836.033139 -242.282452
836.784445 -242.942438
837.532661 -243.605924
838.280611 -244.269711
839.028562 -244.933497
839.776512 -245.597284
840.524462 -246.261071
841.272413 -246.924858
842.020364 -247.588644
842.762769 -248.258609
843.503240 -248.930729
844.243711 -249.602849
844.984183 -250.274967
845.724655 -250.947086
846.465128 -251.619205
847.205599 -252.291325
847.953624 -252.955005
848.703337 -253.616800
849.453050 -254.278596
850.202763 -254.940391
850.952476 -255.602186
851.702189 -256.263981
852.442921 -256.935797
853.182540 -257.608854
853.922160 -258.281911
854.661779 -258.954968
855.401397 -259.628026
856.141016 -260.301083
856.880636 -260.974140
857.620255 -261.647197
858.359875 -262.320254
859.099494 -262.993311
859.839113 -263.666368
860.583200 -264.334454
861.331084 -264.998316
862.078968 -265.662177
862.826852 -266.326039
863.574735 -266.989901
864.322619 -267.653762
865.070390 -268.317750
865.811557 -268.989101
866.552725 -269.660453
867.293893 -270.331804
868.035061 -271.003156
868.776228 -271.674507
869.517396 -272.345859
870.258057 -273.017769
870.998652 -273.689753
871.739246 -274.361736
872.479841 -275.033720
873.220436 -275.705704
873.961030 -276.377687
874.703860 -277.047191
875.448969 -277.714165
876.194078 -278.381139
876.939188 -279.048113
877.684297 -279.715087
878.429406 -280.382061
879.173386 -281.050290
879.914979 -281.721172
880.656573 -282.392053
881.398166 -283.062934
882.139759 -283.733816
882.881352 -284.404697
883.622945 -285.075579
884.364538 -285.746460
885.106132 -286.417341
885.843406 -287.092959
886.579770 -287.769576
887.316134 -288.446193
888.052498 -289.122810
888.788863 -289.799426
889.524322 -290.477024
890.257654 -291.156926
890.990986 -291.836827
891.724317 -292.516729
892.457649 -293.196631
893.190981 -293.876533
893.911107 -294.569559
894.586404 -295.307134
895.261700 -296.044710
895.936997 -296.782285
896.605775 -297.525697
897.264510 -298.278101
897.923245 -299.030505
898.581981 -299.782908
899.240716 -300.535312
899.933747 -301.254969
900.654907 -301.947769
901.376066 -302.640569
902.097226 -303.333368
902.818385 -304.026168
903.558248 -304.698699
904.306655 -305.361970
905.055061 -306.025242
905.803467 -306.688515
906.553372 -307.350091
907.303837 -308.011033
908.054302 -308.671974
908.804767 -309.332916
909.550619 -309.998945
910.281630 -310.681342
911.012641 -311.363739
911.743652 -312.046136
912.474662 -312.728533
913.205673 -313.410930
913.950947 -314.077688
914.697562 -314.742976
915.444177 -315.408264
916.176226 -316.089517
916.907041 -316.772124
917.637855 -317.454731
918.368670 -318.137337
919.099485 -318.819944
919.830300 -319.502550
920.561115 -320.185157

[center] sid=248, seg=0, num=102
965.719344 -351.422337
966.457209 -352.097316
967.195074 -352.772295
967.932930 -353.447284
968.670702 -354.122364
969.408475 -354.797445
970.146249 -355.472523
970.884038 -356.147585
971.621828 -356.822646
972.359642 -357.497681
973.097636 -358.172519
973.835630 -358.847356
974.573625 -359.522194
975.311619 -360.197031
976.049614 -360.871868
976.787807 -361.546488
977.527180 -362.219815
978.266553 -362.893142
979.006250 -363.566112
979.747962 -364.236861
980.489674 -364.907610
981.231710 -365.578001
981.975462 -366.246487
982.719214 -366.914973
983.462818 -367.583624
984.205689 -368.253090
984.948560 -368.922556
985.691249 -369.592222
986.433151 -370.262762
987.175052 -370.933301
987.916954 -371.603841
988.659619 -372.273533
989.404167 -372.941132
990.148715 -373.608732
990.894782 -374.274623
991.645103 -374.935728
992.395423 -375.596833
993.145744 -376.257939
993.899020 -376.915646
994.657533 -377.567336
995.416046 -378.219025
996.171583 -378.874160
996.926666 -379.529821
997.686897 -380.179471
998.450778 -380.824860
999.215241 -381.469557
999.982262 -382.111210
1000.749284 -382.752863
1001.523258 -383.386096
1002.298477 -384.017820
1003.074911 -384.648048
1003.852197 -385.277228
1004.629547 -385.906329
1005.409879 -386.531727
1006.190211 -387.157125
1006.971661 -387.781123
1007.754068 -388.403922
1008.536705 -389.026433
1009.320980 -389.646878
1010.105256 -390.267323
1010.887352 -390.890503
1011.667194 -391.516512
1012.447035 -392.142522
1013.227393 -392.767886
1014.008829 -393.391905
1014.790264 -394.015923
1015.564328 -394.649063
1016.338376 -395.282222
1017.112418 -395.915387
1017.886256 -396.548803
1018.656540 -397.186519
1019.424348 -397.827231
1020.192155 -398.467944
1020.961113 -399.107273
1021.728244 -399.748791
1022.494695 -400.391126
1023.261145 -401.033461
1024.023704 -401.680392
1024.783574 -402.330498
1025.543444 -402.980604
1026.303314 -403.630711
1027.061507 -404.282750
1027.812261 -404.943363
1028.563015 -405.603975
1029.313769 -406.264588
1030.064524 -406.925201
1030.815278 -407.585813
1031.566032 -408.246426
1032.316786 -408.907039
1033.067540 -409.567651
1033.818294 -410.228264
1034.569047 -410.888877
1035.319801 -411.549490
1036.070555 -412.210103
1036.821309 -412.870716
1037.572063 -413.531328
1038.322817 -414.191941
1039.073170 -414.853009
1039.823457 -415.514152
1040.573744 -416.175296
1041.323654 -416.836866
1042.073507 -417.498501

[left] sid=248, seg=0, num=28
1023.023397 -397.751237
1023.797838 -398.383915
1024.572279 -399.016594
1025.343185 -399.653510
1026.104585 -400.301824
1026.865985 -400.950138
1027.627384 -401.598452
1028.388784 -402.246766
1029.134358 -402.913151
1029.877432 -403.582391
1030.620505 -404.251632
1031.363579 -404.920872
1032.106653 -405.590112
1032.849727 -406.259351
1033.592800 -406.928592
1034.335874 -407.597832
1035.078948 -408.267072
1035.822021 -408.936313
1036.565094 -409.605553
1037.308168 -410.274794
1038.051241 -410.944034
1038.794315 -411.613274
1039.537388 -412.282514
1040.279957 -412.952315
1041.022084 -413.622604
1041.764212 -414.292893
1042.506339 -414.963182
1043.248467 -415.633471

[left] sid=248, seg=1, num=45
966.638854 -350.299312
967.379687 -350.971032
968.120521 -351.642751
968.861354 -352.314471
969.602187 -352.986191
970.343020 -353.657911
971.083853 -354.329631
971.824686 -355.001351
972.565520 -355.673071
973.306353 -356.344791
974.047185 -357.016512
974.788018 -357.688232
975.528850 -358.359953
976.269683 -359.031673
977.010516 -359.703393
977.751349 -360.375113
978.492183 -361.046833
979.233017 -361.718552
979.973850 -362.390272
980.714683 -363.061992
981.455516 -363.733712
982.196713 -364.405028
982.941626 -365.072220
983.686539 -365.739413
984.431452 -366.406606
985.176365 -367.073798
985.921278 -367.740991
986.666191 -368.408183
987.411104 -369.075375
988.156018 -369.742568
988.900931 -370.409760
989.645704 -371.077109
990.389952 -371.745043
991.134200 -372.412976
991.878448 -373.080910
992.622696 -373.748845
993.366944 -374.416779
994.111192 -375.084713
994.860511 -375.746860
995.620441 -376.396897
996.380370 -377.046934
997.133473 -377.704852
997.885227 -378.364326
998.646684 -379.012434
999.415995 -379.651341

[left] sid=248, seg=2, num=30
999.536828 -379.751690
1000.308465 -380.387761
1001.085311 -381.017484
1001.862157 -381.647207
1002.654908 -382.256767
1003.448217 -382.865619
1004.243655 -383.471683
1005.039991 -384.076571
1005.836936 -384.680651
1006.637646 -385.279737
1007.438356 -385.878823
1008.241646 -386.474436
1009.046307 -387.068204
1009.851525 -387.661215
1010.658580 -388.251725
1011.465635 -388.842235
1012.267173 -389.440165
1013.065062 -390.043003
1013.862950 -390.645841
1014.662151 -391.246934
1015.463092 -391.845711
1016.263223 -392.445556
1017.056075 -393.055004
1017.848926 -393.664451
1018.641778 -394.273899
1019.434629 -394.883348
1020.219637 -395.502800
1021.000652 -396.127344
1021.781667 -396.751888
1022.562681 -397.376434

[right] sid=248, seg=0, num=102
964.799838 -352.545362
965.534536 -353.223787
966.269234 -353.902212
967.003932 -354.580637
967.738630 -355.259063
968.473327 -355.937488
969.208025 -356.615913
969.942723 -357.294338
970.677420 -357.972764
971.412311 -358.650980
972.147454 -359.328923
972.882596 -360.006866
973.617739 -360.684809
974.352881 -361.362752
975.088024 -362.040696
975.823166 -362.718639
976.558309 -363.396582
977.295926 -364.071812
978.038516 -364.741589
978.781106 -365.411366
979.523696 -366.081143
980.266286 -366.750920
981.008877 -367.420697
981.751467 -368.090474
982.494057 -368.760251
983.236646 -369.430029
983.976669 -370.102637
984.715544 -370.776510
985.454419 -371.450384
986.193293 -372.124257
986.932168 -372.798130
987.671043 -373.472004
988.409918 -374.145877
989.154676 -374.813127
989.911007 -375.467347
990.667339 -376.121567
991.423670 -376.775787
992.180002 -377.430007
992.936333 -378.084227
993.692665 -378.738447
994.450702 -379.390688
995.209094 -380.042519
995.967485 -380.694349
996.725877 -381.346180
997.484268 -381.998011
998.242659 -382.649842
998.999904 -383.303003
999.756347 -383.957093
1000.512791 -384.611184
1001.269235 -385.265274
1002.025678 -385.919364
1002.782528 -386.572983
1003.541575 -387.224050
1004.300622 -387.875117
1005.059669 -388.526185
1005.818715 -389.177252
1006.577762 -389.828320
1007.336809 -390.479388
1008.096486 -391.129717
1008.857573 -391.778399
1009.618659 -392.427081
1010.379746 -393.075763
1011.140832 -393.724444
1011.901919 -394.373126
1012.663006 -395.021807
1013.424093 -395.670489
1014.178303 -396.327151
1014.932369 -396.983981
1015.686435 -397.640811
1016.440500 -398.297641
1017.194566 -398.954472
1017.948631 -399.611302
1018.702697 -400.268132
1019.460403 -400.920755
1020.218740 -401.572649
1020.977077 -402.224543
1021.735413 -402.876438
1022.493749 -403.528333
1023.252085 -404.180228
1024.010422 -404.832122
1024.768758 -405.484017
1025.527094 -406.135912
1026.285431 -406.787806
1027.043768 -407.439700
1027.802105 -408.091594
1028.560441 -408.743489
1029.318777 -409.395384
1030.077114 -410.047279
1030.835450 -410.699173
1031.593786 -411.351068
1032.352122 -412.002963
1033.110459 -412.654857
1033.868796 -413.306751
1034.627133 -413.958645
1035.385469 -414.610540
1036.143805 -415.262435
1036.902141 -415.914330
1037.660477 -416.566225
1038.418814 -417.218119
1039.177150 -417.870013
1039.935487 -418.521908
1040.693823 -419.173803

[center] sid=249, seg=0, num=102
962.899241 -354.634779
963.636573 -355.310340
964.373905 -355.985902
965.111237 -356.661463
965.848568 -357.337025
966.585899 -358.012588
967.323231 -358.688150
968.060561 -359.363712
968.797892 -360.039275
969.535319 -360.714732
970.272872 -361.390053
971.010425 -362.065373
971.747977 -362.740693
972.485530 -363.416014
973.223083 -364.091334
973.960925 -364.766338
974.699143 -365.440931
975.438865 -366.113866
976.181808 -366.783252
976.924750 -367.452638
977.667692 -368.122025
978.410635 -368.791411
979.153578 -369.460797
979.896498 -370.130207
980.639373 -370.799669
981.382247 -371.469131
982.123191 -372.140726
982.863252 -372.813296
983.603313 -373.485866
984.343421 -374.158385
985.083550 -374.830881
985.823679 -375.503377
986.564562 -376.175041
987.308612 -376.843167
988.058596 -377.504654
988.808581 -378.166141
989.557371 -378.828974
990.303858 -379.494405
991.050345 -380.159835
991.806775 -380.813669
992.584351 -381.442430
993.366988 -382.064941
994.149625 -382.687452
994.932121 -383.310141
995.714507 -383.932967
996.496893 -384.555793
997.277581 -385.180742
998.056744 -385.807596
998.835907 -386.434450
999.615070 -387.061303
1000.394233 -387.688157
1001.173397 -388.315010
1001.953700 -388.940444
1002.734115 -389.565738
1003.514530 -390.191033
1004.295551 -390.815569
1005.076617 -391.440051
1005.857682 -392.064533
1006.638911 -392.688810
1007.421058 -393.311936
1008.203206 -393.935061
1008.985353 -394.558187
1009.767501 -395.181313
1010.549648 -395.804439
1011.331764 -396.427605
1012.113565 -397.051165
1012.891954 -397.678972
1013.669277 -398.308106
1014.446600 -398.937240
1015.211893 -399.580875
1015.973788 -400.228607
1016.735683 -400.876340
1017.482292 -401.541617
1018.230046 -402.205623
1018.978207 -402.869171
1019.726368 -403.532719
1020.475717 -404.194924
1021.225326 -404.856836
1021.974935 -405.518748
1022.725542 -406.179527
1023.476378 -406.840046
1024.227214 -407.500566
1024.978051 -408.161085
1025.728887 -408.821605
1026.479723 -409.482124
1027.230559 -410.142643
1027.981395 -410.803163
1028.732231 -411.463683
1029.483066 -412.124203
1030.233902 -412.784722
1030.984738 -413.445242
1031.735575 -414.105761
1032.486411 -414.766280
1033.237247 -415.426800
1033.988083 -416.087319
1034.738919 -416.747839
1035.489755 -417.408358
1036.240591 -418.068878
1036.991427 -418.729397
1037.742263 -419.389917
1038.493154 -420.050374
1039.244052 -420.710823

[left] sid=249, seg=0, num=102
964.799838 -352.545362
965.534536 -353.223787
966.269234 -353.902212
967.003932 -354.580637
967.738630 -355.259063
968.473327 -355.937488
969.208025 -356.615913
969.942723 -357.294338
970.677420 -357.972764
971.412311 -358.650980
972.147454 -359.328923
972.882596 -360.006866
973.617739 -360.684809
974.352881 -361.362752
975.088024 -362.040696
975.823166 -362.718639
976.558309 -363.396582
977.295926 -364.071812
978.038516 -364.741589
978.781106 -365.411366
979.523696 -366.081143
980.266286 -366.750920
981.008877 -367.420697
981.751467 -368.090474
982.494057 -368.760251
983.236646 -369.430029
983.976669 -370.102637
984.715544 -370.776510
985.454419 -371.450384
986.193293 -372.124257
986.932168 -372.798130
987.671043 -373.472004
988.409918 -374.145877
989.154676 -374.813127
989.911007 -375.467347
990.667339 -376.121567
991.423670 -376.775787
992.180002 -377.430007
992.936333 -378.084227
993.692665 -378.738447
994.450702 -379.390688
995.209094 -380.042519
995.967485 -380.694349
996.725877 -381.346180
997.484268 -381.998011
998.242659 -382.649842
998.999904 -383.303003
999.756347 -383.957093
1000.512791 -384.611184
1001.269235 -385.265274
1002.025678 -385.919364
1002.782528 -386.572983
1003.541575 -387.224050
1004.300622 -387.875117
1005.059669 -388.526185
1005.818715 -389.177252
1006.577762 -389.828320
1007.336809 -390.479388
1008.096486 -391.129717
1008.857573 -391.778399
1009.618659 -392.427081
1010.379746 -393.075763
1011.140832 -393.724444
1011.901919 -394.373126
1012.663006 -395.021807
1013.424093 -395.670489
1014.178303 -396.327151
1014.932369 -396.983981
1015.686435 -397.640811
1016.440500 -398.297641
1017.194566 -398.954472
1017.948631 -399.611302
1018.702697 -400.268132
1019.460403 -400.920755
1020.218740 -401.572649
1020.977077 -402.224543
1021.735413 -402.876438
1022.493749 -403.528333
1023.252085 -404.180228
1024.010422 -404.832122
1024.768758 -405.484017
1025.527094 -406.135912
1026.285431 -406.787806
1027.043768 -407.439700
1027.802105 -408.091594
1028.560441 -408.743489
1029.318777 -409.395384
1030.077114 -410.047279
1030.835450 -410.699173
1031.593786 -411.351068
1032.352122 -412.002963
1033.110459 -412.654857
1033.868796 -413.306751
1034.627133 -413.958645
1035.385469 -414.610540
1036.143805 -415.262435
1036.902141 -415.914330
1037.660477 -416.566225
1038.418814 -417.218119
1039.177150 -417.870013
1039.935487 -418.521908
1040.693823 -419.173803

[right] sid=249, seg=0, num=102
960.886555 -356.622293
961.626509 -357.294981
962.366462 -357.967670
963.106416 -358.640359
963.846370 -359.313048
964.586324 -359.985736
965.326277 -360.658425
966.066231 -361.331114
966.806184 -362.003803
967.546137 -362.676492
968.286091 -363.349181
969.026044 -364.021870
969.765998 -364.694559
970.505951 -365.367248
971.245904 -366.039937
971.985858 -366.712626
972.725811 -367.385315
973.469009 -368.054417
974.212304 -368.723412
974.955598 -369.392407
975.698893 -370.061402
976.442187 -370.730398
977.185481 -371.399393
977.928776 -372.068389
978.672070 -372.737384
979.415365 -373.406379
980.157221 -374.076967
980.898467 -374.748232
981.639713 -375.419497
982.380958 -376.090761
983.122204 -376.762025
983.863450 -377.433290
984.606286 -378.102792
985.349852 -378.771486
986.093418 -379.440179
986.836984 -380.108873
987.580549 -380.777567
988.317583 -381.453432
989.052608 -382.131502
989.787633 -382.809573
990.579019 -383.419277
991.384834 -384.011479
992.190649 -384.603681
992.996463 -385.195882
993.802278 -385.788084
994.608093 -386.380286
995.412522 -386.974357
996.213477 -387.573115
997.014432 -388.171873
997.815387 -388.770631
998.616342 -389.369389
999.417297 -389.968147
1000.218253 -390.566905
1001.019208 -391.165663
1001.820163 -391.764421
1002.621118 -392.363179
1003.423452 -392.960088
1004.225845 -393.556918
1005.028237 -394.153748
1005.830631 -394.750578
1006.633024 -395.347407
1007.435418 -395.944236
1008.237810 -396.541066
1009.040203 -397.137896
1009.842596 -397.734726
1010.644989 -398.331555
1011.445893 -398.930377
1012.245526 -399.530899
1013.045159 -400.131422
1013.844792 -400.731944
1014.643757 -401.333273
1015.381559 -402.008320
1016.119361 -402.683368
1016.857163 -403.358415
1017.594966 -404.033462
1018.332768 -404.708510
1019.070570 -405.383557
1019.809711 -406.057129
1020.552947 -406.726190
1021.296182 -407.395250
1022.039418 -408.064310
1022.782654 -408.733370
1023.525890 -409.402430
1024.269126 -410.071490
1025.012362 -410.740550
1025.755598 -411.409610
1026.498834 -412.078670
1027.242070 -412.747730
1027.985305 -413.416791
1028.728541 -414.085851
1029.471777 -414.754910
1030.215013 -415.423970
1030.958249 -416.093030
1031.701485 -416.762090
1032.444720 -417.431151
1033.187956 -418.100211
1033.931192 -418.769271
1034.674428 -419.438331
1035.417663 -420.107391
1036.160899 -420.776451
1036.904135 -421.445512
1037.647371 -422.114571

[center] sid=250, seg=0, num=44
1042.194395 -417.605167
1042.945074 -418.265866
1043.695752 -418.926565
1044.446430 -419.587264
1045.196871 -420.248232
1045.947283 -420.909233
1046.697695 -421.570234
1047.448107 -422.231235
1048.198519 -422.892236
1048.948932 -423.553237
1049.699162 -424.214444
1050.449373 -424.875673
1051.199584 -425.536902
1051.949361 -426.198623
1052.699096 -426.860392
1053.448831 -427.522161
1054.198566 -428.183930
1054.948302 -428.845698
1055.698037 -429.507467
1056.447772 -430.169235
1057.197507 -430.831004
1057.947242 -431.492773
1058.696977 -432.154541
1059.446713 -432.816310
1060.196448 -433.478078
1060.946183 -434.139847
1061.695918 -434.801616
1062.445653 -435.463384
1063.195388 -436.125153
1063.945123 -436.786922
1064.695049 -437.448474
1065.445492 -438.109439
1066.195936 -438.770404
1066.946527 -439.431202
1067.697483 -440.091585
1068.448440 -440.751967
1069.199396 -441.412349
1069.950353 -442.072731
1070.701309 -442.733114
1071.452265 -443.393496
1072.203222 -444.053879
1072.954178 -444.714261
1073.705043 -445.374748
1074.455727 -446.035439

[left] sid=250, seg=0, num=44
1043.690019 -416.032282
1044.431044 -416.703790
1045.172068 -417.375298
1045.913093 -418.046806
1046.654119 -418.718313
1047.395144 -419.389821
1048.136169 -420.061329
1048.877194 -420.732837
1049.618219 -421.404344
1050.359244 -422.075852
1051.100269 -422.747360
1051.841294 -423.418868
1052.582319 -424.090376
1053.323343 -424.761883
1054.064368 -425.433391
1054.805393 -426.104899
1055.546418 -426.776407
1056.287443 -427.447914
1057.028468 -428.119422
1057.769494 -428.790930
1058.510519 -429.462437
1059.251544 -430.133945
1059.992569 -430.805453
1060.733593 -431.476961
1061.474618 -432.148468
1062.215643 -432.819976
1062.956668 -433.491484
1063.697693 -434.162991
1064.438718 -434.834499
1065.179743 -435.506007
1065.921877 -436.176285
1066.665904 -436.844465
1067.409931 -437.512645
1068.153959 -438.180824
1068.897986 -438.849004
1069.642013 -439.517184
1070.386040 -440.185364
1071.130067 -440.853543
1071.874094 -441.521723
1072.618121 -442.189903
1073.362148 -442.858083
1074.106175 -443.526262
1074.850202 -444.194442
1075.594229 -444.862622

[right] sid=250, seg=0, num=25
1040.698767 -419.178052
1041.457980 -419.828925
1042.217634 -420.479283
1042.977288 -421.129642
1043.736942 -421.780000
1044.496597 -422.430358
1045.256251 -423.080717
1046.015905 -423.731075
1046.775560 -424.381433
1047.535214 -425.031791
1048.294869 -425.682149
1049.054523 -426.332507
1049.813326 -426.983858
1050.571646 -427.635771
1051.329966 -428.287684
1052.088286 -428.939598
1052.846606 -429.591511
1053.604927 -430.243425
1054.363247 -430.895338
1055.121567 -431.547251
1055.879887 -432.199165
1056.638207 -432.851078
1057.396527 -433.502992
1058.154847 -434.154905
1058.913167 -434.806819

[right] sid=250, seg=1, num=20
1058.914123 -434.807640
1059.671928 -435.460151
1060.429734 -436.112663
1061.187539 -436.765175
1061.945345 -437.417686
1062.703150 -438.070198
1063.460955 -438.722709
1064.218761 -439.375221
1064.976566 -440.027732
1065.734372 -440.680244
1066.492177 -441.332755
1067.249983 -441.985267
1068.007788 -442.637778
1068.765594 -443.290289
1069.523399 -443.942801
1070.281205 -444.595312
1071.039010 -445.247824
1071.796815 -445.900336
1072.554620 -446.552847
1073.312426 -447.205358

[center] sid=251, seg=0, num=44
1039.273800 -420.736986
1039.877751 -421.534035
1040.481701 -422.331084
1041.085652 -423.128133
1041.689602 -423.925182
1042.293553 -424.722230
1042.897503 -425.519279
1043.501454 -426.316328
1044.105404 -427.113377
1044.709354 -427.910426
1045.313305 -428.707474
1045.917255 -429.504523
1046.521206 -430.301572
1047.125156 -431.098621
1047.729107 -431.895670
1048.333057 -432.692719
1048.937007 -433.489767
1049.540958 -434.286816
1050.144908 -435.083865
1050.854495 -435.783322
1051.601302 -436.448393
1052.348110 -437.113463
1053.094918 -437.778534
1053.841726 -438.443604
1054.588534 -439.108674
1055.335342 -439.773745
1056.082150 -440.438815
1056.828957 -441.103886
1057.576031 -441.768658
1058.323190 -442.433333
1059.070349 -443.098009
1059.819409 -443.760542
1060.568504 -444.423035
1061.317598 -445.085529
1062.066693 -445.748023
1062.815787 -446.410516
1063.564882 -447.073010
1064.313976 -447.735504
1065.063071 -448.397997
1065.812165 -449.060491
1066.561260 -449.722985
1067.310354 -450.385478
1068.059449 -451.047972
1068.808543 -451.710466

[left] sid=251, seg=0, num=30
1037.848827 -422.295921
1038.607152 -422.947829
1039.365477 -423.599737
1040.123802 -424.251645
1040.882126 -424.903554
1041.640451 -425.555462
1042.398776 -426.207370
1043.157100 -426.859278
1043.915425 -427.511186
1044.673750 -428.163094
1045.432075 -428.815002
1046.190399 -429.466910
1046.948724 -430.118818
1047.707049 -430.770726
1048.465374 -431.422634
1049.223698 -432.074542
1049.982023 -432.726450
1050.740348 -433.378359
1051.498672 -434.030267
1052.256997 -434.682175
1053.015321 -435.334083
1053.773646 -435.985991
1054.531971 -436.637899
1055.290296 -437.289807
1056.048621 -437.941715
1056.806946 -438.593622
1057.565270 -439.245530
1058.323595 -439.897438
1059.081920 -440.549346
1059.840245 -441.201254

[left] sid=251, seg=1, num=14
1060.389905 -441.673780
1061.147938 -442.326028
1061.905970 -442.978275
1062.664003 -443.630523
1063.422036 -444.282770
1064.180069 -444.935018
1064.938101 -445.587265
1065.696134 -446.239513
1066.454167 -446.891760
1067.212200 -447.544007
1067.970232 -448.196255
1068.728265 -448.848502
1069.486298 -449.500750
1070.244330 -450.152998

[right] sid=251, seg=0, num=44
1037.848827 -422.295921
1038.442337 -423.100775
1039.035846 -423.905629
1039.629355 -424.710483
1040.222864 -425.515337
1040.816374 -426.320191
1041.409883 -427.125044
1042.003393 -427.929898
1042.596902 -428.734752
1043.190412 -429.539606
1043.783921 -430.344460
1044.377430 -431.149314
1044.970939 -431.954168
1045.564449 -432.759021
1046.157958 -433.563875
1046.751468 -434.368729
1047.480369 -435.052280
1048.215421 -435.730321
1048.950473 -436.408362
1049.685525 -437.086403
1050.420577 -437.764444
1051.155629 -438.442485
1051.890681 -439.120526
1052.625733 -439.798566
1053.360785 -440.476607
1054.095837 -441.154648
1054.830889 -441.832689
1055.565941 -442.510730
1056.300993 -443.188771
1057.036044 -443.866812
1057.773429 -444.542305
1058.513444 -445.214925
1059.253459 -445.887546
1059.993474 -446.560167
1060.733489 -447.232787
1061.473504 -447.905408
1062.213519 -448.578029
1062.953534 -449.250649
1063.693549 -449.923270
1064.433564 -450.595890
1065.173579 -451.268511
1065.913594 -451.941132
1066.653609 -452.613752
1067.393624 -453.286373

[center] sid=252, seg=0, num=34
543.529712 -848.484607
544.300420 -849.121831
545.071128 -849.759055
545.841836 -850.396279
546.607011 -851.040120
547.370576 -851.685886
548.134140 -852.331653
548.897705 -852.977419
549.661270 -853.623185
550.424835 -854.268952
551.188400 -854.914718
551.951965 -855.560484
552.715529 -856.206251
553.479094 -856.852017
554.242659 -857.497783
555.006224 -858.143550
555.769788 -858.789316
556.533353 -859.435083
557.296918 -860.080849
558.060482 -860.726615
558.824047 -861.372382
559.587612 -862.018148
560.351177 -862.663914
561.114741 -863.309681
561.878306 -863.955447
562.641871 -864.601213
563.405566 -865.246826
564.169388 -865.892287
564.933211 -866.537748
565.697034 -867.183210
566.460856 -867.828671
567.224682 -868.474129
567.988510 -869.119583
568.752338 -869.765038

[left] sid=252, seg=0, num=31
546.757256 -849.219782
547.522178 -849.863941
548.287100 -850.508099
549.052021 -851.152258
549.816943 -851.796416
550.581865 -852.440575
551.346787 -853.084733
552.111709 -853.728891
552.876631 -854.373049
553.641552 -855.017208
554.406473 -855.661366
555.171395 -856.305525
555.936317 -856.949683
556.701239 -857.593842
557.466160 -858.238000
558.231082 -858.882159
558.996004 -859.526317
559.760925 -860.170475
560.525847 -860.814634
561.290769 -861.458792
562.055691 -862.102951
562.820612 -862.747109
563.585534 -863.391267
564.350682 -864.035156
565.116119 -864.678703
565.881555 -865.322250
566.646991 -865.965796
567.412428 -866.609343
568.177864 -867.252890
568.943301 -867.896436
569.708737 -868.539983

[right] sid=252, seg=0, num=34
542.601643 -849.589456
543.363409 -850.237343
544.125176 -850.885229
544.886992 -851.533058
545.649197 -852.180429
546.411401 -852.827801
547.173605 -853.475172
547.935810 -854.122544
548.698014 -854.769915
549.460219 -855.417286
550.222423 -856.064658
550.984628 -856.712029
551.746832 -857.359401
552.509037 -858.006772
553.271241 -858.654144
554.033445 -859.301515
554.795650 -859.948887
555.557854 -860.596258
556.320058 -861.243630
557.082263 -861.891001
557.844467 -862.538373
558.606672 -863.185744
559.368876 -863.833116
560.131080 -864.480487
560.893285 -865.127859
561.655489 -865.775230
562.417693 -866.422602
563.179897 -867.069974
563.942101 -867.717345
564.704305 -868.364717
565.466509 -869.012089
566.228714 -869.659461
566.990918 -870.306832
567.753122 -870.954204

[center] sid=253, seg=0, num=34
541.563608 -850.823051
542.327305 -851.468661
543.091001 -852.114272
543.854698 -852.759882
544.618395 -853.405493
545.382091 -854.051103
546.145788 -854.696713
546.909485 -855.342323
547.673182 -855.987934
548.436878 -856.633544
549.200575 -857.279154
549.964272 -857.924765
550.727969 -858.570375
551.491665 -859.215985
552.255362 -859.861596
553.019059 -860.507206
553.782755 -861.152816
554.546452 -861.798427
555.310149 -862.444037
556.073845 -863.089648
556.837542 -863.735258
557.601239 -864.380868
558.364935 -865.026478
559.128632 -865.672089
559.892329 -866.317699
560.656025 -866.963310
561.419722 -867.608920
562.183418 -868.254530
562.947115 -868.900141
563.710811 -869.545751
564.474508 -870.191362
565.238204 -870.836973
566.001892 -871.482593
566.765580 -872.128214

[left] sid=253, seg=0, num=34
542.601643 -849.589456
543.363409 -850.237343
544.125176 -850.885229
544.886992 -851.533058
545.649197 -852.180429
546.411401 -852.827801
547.173605 -853.475172
547.935810 -854.122544
548.698014 -854.769915
549.460219 -855.417286
550.222423 -856.064658
550.984628 -856.712029
551.746832 -857.359401
552.509037 -858.006772
553.271241 -858.654144
554.033445 -859.301515
554.795650 -859.948887
555.557854 -860.596258
556.320058 -861.243630
557.082263 -861.891001
557.844467 -862.538373
558.606672 -863.185744
559.368876 -863.833116
560.131080 -864.480487
560.893285 -865.127859
561.655489 -865.775230
562.417693 -866.422602
563.179897 -867.069974
563.942101 -867.717345
564.704305 -868.364717
565.466509 -869.012089
566.228714 -869.659461
566.990918 -870.306832
567.753122 -870.954204

[right] sid=253, seg=0, num=34
540.526470 -852.054851
541.291655 -852.698696
542.056840 -853.342542
542.822025 -853.986388
543.587210 -854.630233
544.352395 -855.274079
545.117580 -855.917925
545.882765 -856.561770
546.647950 -857.205616
547.413135 -857.849462
548.178320 -858.493308
548.943505 -859.137153
549.708690 -859.780999
550.473875 -860.424845
551.239060 -861.068691
552.004245 -861.712536
552.769430 -862.356382
553.534615 -863.000228
554.299800 -863.644074
555.064985 -864.287919
555.830169 -864.931765
556.595354 -865.575611
557.360539 -866.219457
558.125724 -866.863302
558.890909 -867.507148
559.656094 -868.150994
560.421279 -868.794840
561.186464 -869.438685
561.951649 -870.082531
562.716834 -870.726376
563.482019 -871.370222
564.247204 -872.014068
565.012389 -872.657913
565.777573 -873.301759

[center] sid=254, seg=0, num=34
539.527352 -853.264560
540.292587 -853.908346
541.057823 -854.552132
541.823058 -855.195918
542.588294 -855.839703
543.353530 -856.483489
544.118766 -857.127274
544.884001 -857.771060
545.649237 -858.414845
546.414472 -859.058631
547.179708 -859.702416
547.944944 -860.346202
548.710179 -860.989987
549.475415 -861.633773
550.240651 -862.277558
551.005886 -862.921344
551.771122 -863.565129
552.536358 -864.208915
553.301593 -864.852700
554.066829 -865.496486
554.832065 -866.140271
555.597300 -866.784056
556.362536 -867.427842
557.127771 -868.071627
557.893007 -868.715413
558.657819 -869.359701
559.422484 -870.004164
560.187150 -870.648627
560.951133 -871.293898
561.715077 -871.939215
562.479021 -872.584533
563.242968 -873.229848
564.006916 -873.875160
564.770864 -874.520473

[left] sid=254, seg=0, num=34
540.526470 -852.054851
541.291655 -852.698696
542.056840 -853.342542
542.822025 -853.986388
543.587210 -854.630233
544.352395 -855.274079
545.117580 -855.917925
545.882765 -856.561770
546.647950 -857.205616
547.413135 -857.849462
548.178320 -858.493308
548.943505 -859.137153
549.708690 -859.780999
550.473875 -860.424845
551.239060 -861.068691
552.004245 -861.712536
552.769430 -862.356382
553.534615 -863.000228
554.299800 -863.644074
555.064985 -864.287919
555.830169 -864.931765
556.595354 -865.575611
557.360539 -866.219457
558.125724 -866.863302
558.890909 -867.507148
559.656094 -868.150994
560.421279 -868.794840
561.186464 -869.438685
561.951649 -870.082531
562.716834 -870.726376
563.482019 -871.370222
564.247204 -872.014068
565.012389 -872.657913
565.777573 -873.301759

[right] sid=254, seg=0, num=34
538.528234 -854.474269
539.293520 -855.117995
540.058807 -855.761720
540.824093 -856.405445
541.589379 -857.049171
542.354666 -857.692896
543.119952 -858.336621
543.885238 -858.980347
544.650525 -859.624072
545.415811 -860.267797
546.181097 -860.911523
546.946383 -861.555248
547.711670 -862.198973
548.476956 -862.842698
549.242242 -863.486424
550.007529 -864.130149
550.772815 -864.773874
551.538101 -865.417599
552.303388 -866.061324
553.068674 -866.705049
553.833961 -867.348775
554.599247 -867.992500
555.364533 -868.636225
556.129819 -869.279950
556.895106 -869.923675
557.660392 -870.567400
558.425155 -871.211746
559.187856 -871.858532
559.950557 -872.505319
560.713258 -873.152105
561.475959 -873.798891
562.238659 -874.445678
563.001361 -875.092464
563.764062 -875.739250

[center] sid=255, seg=0, num=70
569.136166 -870.089382
569.883473 -870.753895
570.630780 -871.418408
571.378087 -872.082921
572.143074 -872.727001
572.908100 -873.371036
573.673126 -874.015070
574.436701 -874.660823
575.199749 -875.307199
575.962797 -875.953576
576.725845 -876.599953
577.488894 -877.246329
578.251942 -877.892705
579.014990 -878.539082
579.778038 -879.185458
580.541086 -879.831835
581.304134 -880.478212
582.066901 -881.124921
582.829634 -881.771668
583.592368 -882.418416
584.357036 -883.062875
585.121881 -883.707123
585.886727 -884.351372
586.651867 -884.995271
587.417036 -885.639135
588.182205 -886.283000
588.947374 -886.926863
589.712544 -887.570727
590.477719 -888.214584
591.243437 -888.857796
592.009155 -889.501007
592.774873 -890.144219
593.540591 -890.787430
594.306309 -891.430642
595.071999 -892.073886
595.837133 -892.717792
596.602267 -893.361698
597.367400 -894.005606
598.132507 -894.649543
598.897615 -895.293481
599.662722 -895.937418
600.427829 -896.581356
601.192796 -897.225461
601.957755 -897.869574
602.722715 -898.513687
603.487674 -899.157800
604.252634 -899.801913
605.017594 -900.446026
605.782553 -901.090139
606.547513 -901.734252
607.312472 -902.378365
608.077329 -903.022601
608.842185 -903.666836
609.607038 -904.311077
610.371717 -904.955523
611.136425 -905.599935
611.901168 -906.244305
612.665911 -906.888675
613.430654 -907.533045
614.195397 -908.177415
614.960139 -908.821786
615.724882 -909.466156
616.489626 -910.110526
617.254369 -910.754896
618.019112 -911.399266
618.783854 -912.043637
619.548597 -912.688008
620.312865 -913.332941
621.076561 -913.978551
621.840257 -914.624161

[left] sid=255, seg=0, num=70
570.051469 -869.040394
570.819302 -869.681080
571.587135 -870.321765
572.354968 -870.962450
573.122801 -871.603136
573.890633 -872.243821
574.658466 -872.884507
575.423331 -873.528727
576.187222 -874.174108
576.951112 -874.819488
577.715003 -875.464869
578.478894 -876.110250
579.242785 -876.755630
580.006675 -877.401011
580.770566 -878.046391
581.534457 -878.691772
582.298347 -879.337153
583.062564 -879.982147
583.826812 -880.627104
584.591060 -881.272062
585.355308 -881.917019
586.119556 -882.561976
586.883805 -883.206933
587.648053 -883.851890
588.412301 -884.496848
589.176549 -885.141805
589.940797 -885.786762
590.705045 -886.431719
591.469336 -887.076626
592.234683 -887.720279
593.000030 -888.363932
593.765376 -889.007585
594.530723 -889.651238
595.296070 -890.294891
596.061417 -890.938544
596.826763 -891.582197
597.592110 -892.225850
598.357457 -892.869503
599.122804 -893.513156
599.888150 -894.156810
600.653497 -894.800463
601.418843 -895.444116
602.183902 -896.088112
602.948954 -896.732115
603.714005 -897.376119
604.479057 -898.020123
605.244108 -898.664127
606.009160 -899.308131
606.774211 -899.952135
607.539263 -900.596139
608.304314 -901.240143
609.069366 -901.884147
609.834417 -902.528150
610.599469 -903.172154
611.364521 -903.816158
612.129633 -904.460089
612.894813 -905.103941
613.659992 -905.747793
614.425172 -906.391644
615.190351 -907.035496
615.955531 -907.679348
616.720710 -908.323200
617.485890 -908.967051
618.251069 -909.610903
619.016249 -910.254755
619.781428 -910.898607
620.546608 -911.542458
621.311787 -912.186310
622.076966 -912.830162
622.842146 -913.474014

[right] sid=255, seg=0, num=70
568.121859 -871.267387
568.884063 -871.914759
569.646267 -872.562130
570.408472 -873.209502
571.170677 -873.856873
571.932881 -874.504244
572.695086 -875.151615
573.457290 -875.798986
574.219494 -876.446358
574.981699 -877.093729
575.743903 -877.741100
576.506108 -878.388471
577.268312 -879.035843
578.030516 -879.683214
578.792721 -880.330586
579.554925 -880.977957
580.317129 -881.625328
581.079334 -882.272700
581.841538 -882.920071
582.601086 -883.570552
583.364538 -884.216427
584.130628 -884.859196
584.896717 -885.501965
585.662806 -886.144734
586.428895 -886.787504
587.194983 -887.430274
587.961072 -888.073044
588.727161 -888.715813
589.493250 -889.358583
590.259339 -890.001353
591.025428 -890.644122
591.791516 -891.286892
592.557605 -891.929661
593.323694 -892.572431
594.089783 -893.215200
594.854775 -893.859275
595.619642 -894.503498
596.384510 -895.147720
597.149378 -895.791942
597.914246 -896.436164
598.679114 -897.080386
599.443982 -897.724608
600.208849 -898.368831
600.973717 -899.013053
601.738584 -899.657276
602.503452 -900.301498
603.268319 -900.945721
604.033187 -901.589943
604.798055 -902.234164
605.562923 -902.878386
606.327791 -903.522608
607.092659 -904.166830
607.857468 -904.811121
608.621774 -905.456010
609.386080 -906.100899
610.150386 -906.745788
610.914692 -907.390675
611.678999 -908.035563
612.443305 -908.680451
613.207611 -909.325340
613.971916 -909.970229
614.736222 -910.615118
615.500528 -911.260006
616.264835 -911.904893
617.029142 -912.549781
617.793447 -913.194671
618.557752 -913.839560
619.322058 -914.484449
620.084116 -915.131990
620.845813 -915.779959

[center] sid=256, seg=0, num=70
567.123661 -872.430935
567.887367 -873.076533
568.651074 -873.722132
569.414772 -874.367741
570.178469 -875.013351
570.942166 -875.658960
571.705863 -876.304570
572.469559 -876.950181
573.233256 -877.595791
573.996953 -878.241401
574.760649 -878.887011
575.524346 -879.532622
576.288042 -880.178232
577.051739 -880.823843
577.815435 -881.469453
578.579132 -882.115063
579.342829 -882.760673
580.106525 -883.406283
580.870222 -884.051894
581.632623 -884.699032
582.396891 -885.343960
583.162528 -885.987267
583.928165 -886.630575
584.693452 -887.274299
585.458546 -887.918253
586.223640 -888.562207
586.988693 -889.206208
587.753725 -889.850236
588.518757 -890.494263
589.283950 -891.138099
590.049226 -891.781836
590.814502 -892.425574
591.580163 -893.068853
592.346022 -893.711895
593.111882 -894.354938
593.877203 -894.998622
594.642452 -895.642392
595.407701 -896.286161
596.172943 -896.929938
596.938184 -897.573716
597.703426 -898.217495
598.468224 -898.861800
599.232966 -899.506171
599.997708 -900.150542
600.762450 -900.794914
601.527192 -901.439285
602.291934 -902.083657
603.056676 -902.728028
603.821418 -903.372399
604.586160 -904.016771
605.350903 -904.661142
606.115645 -905.305512
606.880362 -905.949914
607.644823 -906.594619
608.409284 -907.239323
609.173745 -907.884027
609.938214 -908.528723
610.702683 -909.173418
611.467152 -909.818114
612.231622 -910.462808
612.996091 -911.107502
613.760561 -911.752196
614.525032 -912.396890
615.289502 -913.041584
616.053947 -913.686307
616.818142 -914.331327
617.582337 -914.976347
618.346532 -915.621368
619.109604 -916.267715
619.872480 -916.914294

[left] sid=256, seg=0, num=70
568.121859 -871.267387
568.884063 -871.914759
569.646267 -872.562130
570.408472 -873.209502
571.170677 -873.856873
571.932881 -874.504244
572.695086 -875.151615
573.457290 -875.798986
574.219494 -876.446358
574.981699 -877.093729
575.743903 -877.741100
576.506108 -878.388471
577.268312 -879.035843
578.030516 -879.683214
578.792721 -880.330586
579.554925 -880.977957
580.317129 -881.625328
581.079334 -882.272700
581.841538 -882.920071
582.601086 -883.570552
583.364538 -884.216427
584.130628 -884.859196
584.896717 -885.501965
585.662806 -886.144734
586.428895 -886.787504
587.194983 -887.430274
587.961072 -888.073044
588.727161 -888.715813
589.493250 -889.358583
590.259339 -890.001353
591.025428 -890.644122
591.791516 -891.286892
592.557605 -891.929661
593.323694 -892.572431
594.089783 -893.215200
594.854775 -893.859275
595.619642 -894.503498
596.384510 -895.147720
597.149378 -895.791942
597.914246 -896.436164
598.679114 -897.080386
599.443982 -897.724608
600.208849 -898.368831
600.973717 -899.013053
601.738584 -899.657276
602.503452 -900.301498
603.268319 -900.945721
604.033187 -901.589943
604.798055 -902.234164
605.562923 -902.878386
606.327791 -903.522608
607.092659 -904.166830
607.857468 -904.811121
608.621774 -905.456010
609.386080 -906.100899
610.150386 -906.745788
610.914692 -907.390675
611.678999 -908.035563
612.443305 -908.680451
613.207611 -909.325340
613.971916 -909.970229
614.736222 -910.615118
615.500528 -911.260006
616.264835 -911.904893
617.029142 -912.549781
617.793447 -913.194671
618.557752 -913.839560
619.322058 -914.484449
620.084116 -915.131990
620.845813 -915.779959

[right] sid=256, seg=0, num=70
566.125461 -873.594482
566.890646 -874.238327
567.655831 -874.882173
568.421016 -875.526019
569.186200 -876.169865
569.951385 -876.813710
570.716570 -877.457556
571.481755 -878.101402
572.246940 -878.745247
573.012125 -879.389093
573.777310 -880.032938
574.542495 -880.676784
575.307680 -881.320629
576.072865 -881.964475
576.838050 -882.608321
577.603234 -883.252167
578.368419 -883.896012
579.133604 -884.539858
579.898789 -885.183704
580.663973 -885.827550
581.429158 -886.471395
582.194343 -887.115241
582.959528 -887.759086
583.724314 -888.403405
584.488287 -889.048688
585.252260 -889.693972
586.016232 -890.339255
586.780205 -890.984539
587.544178 -891.629822
588.308151 -892.275105
589.072123 -892.920389
589.836980 -893.564623
590.602611 -894.207938
591.368242 -894.851253
592.133872 -895.494569
592.899502 -896.137885
593.665132 -896.781201
594.430762 -897.424517
595.196393 -898.067832
595.962024 -898.711148
596.727654 -899.354463
597.492351 -899.998888
598.256968 -900.643408
599.021584 -901.287929
599.786201 -901.932449
600.550817 -902.576970
601.315433 -903.221490
602.080050 -903.866011
602.844666 -904.510531
603.609282 -905.155052
604.373899 -905.799572
605.138516 -906.444092
605.903132 -907.088612
606.667749 -907.733133
607.432365 -908.377653
608.196982 -909.022174
608.961607 -909.666683
609.726241 -910.311182
610.490875 -910.955682
611.255510 -911.600181
612.020144 -912.244681
612.784778 -912.889180
613.549411 -913.533680
614.314045 -914.178180
615.078678 -914.822681
615.842758 -915.467837
616.606823 -916.113010
617.370888 -916.758184
618.134954 -917.403357
618.899019 -918.048531

[center] sid=257, seg=0, num=70
565.095727 -874.794885
565.861086 -875.438523
566.626446 -876.082161
567.391806 -876.725798
568.157166 -877.369436
568.922526 -878.013074
569.687886 -878.656712
570.453246 -879.300349
571.218605 -879.943987
571.983965 -880.587625
572.749325 -881.231262
573.514685 -881.874900
574.280045 -882.518538
575.045405 -883.162175
575.810765 -883.805812
576.576125 -884.449450
577.341485 -885.093088
578.106844 -885.736726
578.872204 -886.380364
579.637564 -887.024001
580.402923 -887.667639
581.168283 -888.311277
581.933643 -888.954914
582.699003 -889.598552
583.464363 -890.242189
584.229722 -890.885827
584.995082 -891.529465
585.760442 -892.173102
586.525802 -892.816740
587.291162 -893.460377
588.056522 -894.104014
588.821882 -894.747652
589.587241 -895.391290
590.352601 -896.034928
591.117960 -896.678566
591.883320 -897.322203
592.648680 -897.965841
593.414039 -898.609479
594.179399 -899.253117
594.944758 -899.896755
595.710118 -900.540392
596.475478 -901.184030
597.240838 -901.827667
598.006199 -902.471304
598.771559 -903.114941
599.536919 -903.758578
600.302279 -904.402216
601.067638 -905.045854
601.832997 -905.689492
602.598356 -906.333130
603.363716 -906.976768
604.129075 -907.620406
604.894435 -908.264043
605.659795 -908.907681
606.425155 -909.551318
607.190516 -910.194954
607.955876 -910.838591
608.721237 -911.482228
609.486596 -912.125866
610.251956 -912.769503
611.017315 -913.413141
611.782674 -914.056780
612.548033 -914.700419
613.313392 -915.344057
614.078752 -915.987694
614.844112 -916.631332
615.609472 -917.274969
616.374832 -917.918606
617.140191 -918.562243
617.905551 -919.205880

[left] sid=257, seg=0, num=70
566.125461 -873.594482
566.890646 -874.238327
567.655831 -874.882173
568.421016 -875.526019
569.186200 -876.169865
569.951385 -876.813710
570.716570 -877.457556
571.481755 -878.101402
572.246940 -878.745247
573.012125 -879.389093
573.777310 -880.032938
574.542495 -880.676784
575.307680 -881.320629
576.072865 -881.964475
576.838050 -882.608321
577.603234 -883.252167
578.368419 -883.896012
579.133604 -884.539858
579.898789 -885.183704
580.663973 -885.827550
581.429158 -886.471395
582.194343 -887.115241
582.959528 -887.759086
583.724314 -888.403405
584.488287 -889.048688
585.252260 -889.693972
586.016232 -890.339255
586.780205 -890.984539
587.544178 -891.629822
588.308151 -892.275105
589.072123 -892.920389
589.836980 -893.564623
590.602611 -894.207938
591.368242 -894.851253
592.133872 -895.494569
592.899502 -896.137885
593.665132 -896.781201
594.430762 -897.424517
595.196393 -898.067832
595.962024 -898.711148
596.727654 -899.354463
597.492351 -899.998888
598.256968 -900.643408
599.021584 -901.287929
599.786201 -901.932449
600.550817 -902.576970
601.315433 -903.221490
602.080050 -903.866011
602.844666 -904.510531
603.609282 -905.155052
604.373899 -905.799572
605.138516 -906.444092
605.903132 -907.088612
606.667749 -907.733133
607.432365 -908.377653
608.196982 -909.022174
608.961607 -909.666683
609.726241 -910.311182
610.490875 -910.955682
611.255510 -911.600181
612.020144 -912.244681
612.784778 -912.889180
613.549411 -913.533680
614.314045 -914.178180
615.078678 -914.822681
615.842758 -915.467837
616.606823 -916.113010
617.370888 -916.758184
618.134954 -917.403357
618.899019 -918.048531

[right] sid=257, seg=0, num=71
564.065991 -875.995292
564.828692 -876.642078
565.591393 -877.288864
566.354094 -877.935650
567.116795 -878.582436
567.879496 -879.229222
568.642198 -879.876008
569.404899 -880.522794
570.167600 -881.169581
570.930301 -881.816367
571.693002 -882.463153
572.455703 -883.109939
573.218404 -883.756725
573.957881 -884.425710
574.569585 -885.216827
575.181289 -886.007944
575.792993 -886.799060
576.404697 -887.590177
577.016400 -888.381294
577.628104 -889.172411
578.239808 -889.963528
578.851512 -890.754645
579.465057 -891.544332
580.079719 -892.333153
580.694382 -893.121973
581.309044 -893.910793
581.923707 -894.699613
582.538369 -895.488433
583.195032 -896.237177
583.954198 -896.888109
584.714399 -897.537815
585.482813 -898.177804
586.251226 -898.817793
587.019640 -899.457781
587.788054 -900.097770
588.556467 -900.737758
589.324881 -901.377746
590.093264 -902.017772
590.859851 -902.659947
591.626439 -903.302122
592.393026 -903.944297
593.159614 -904.586471
593.933136 -905.219236
594.782845 -905.746530
595.632554 -906.273823
596.482263 -906.801116
597.331972 -907.328409
598.181681 -907.855702
599.031390 -908.382995
599.881099 -908.910289
600.730808 -909.437583
601.580517 -909.964876
602.430226 -910.492170
603.279935 -911.019464
604.129644 -911.546757
604.981196 -912.071056
605.834664 -912.592244
606.688131 -913.113432
607.541599 -913.634620
608.395066 -914.155808
609.248533 -914.676996
610.088323 -915.219396
610.915227 -915.781777
611.742131 -916.344159
612.548120 -916.933964
613.309153 -917.582711
614.070187 -918.231459
614.832125 -918.879140
615.595528 -919.525097
616.358931 -920.171055
617.122333 -920.817013

[center] sid=258, seg=0, num=31
622.416090 -915.111028
623.180835 -915.755395
623.945581 -916.399761
624.710327 -917.044128
625.475073 -917.688495
626.239819 -918.332862
627.004564 -918.977228
627.769310 -919.621595
628.534056 -920.265962
629.298802 -920.910328
630.063548 -921.554695
630.828294 -922.199062
631.593039 -922.843429
632.357785 -923.487795
633.122531 -924.132162
633.887277 -924.776528
634.652023 -925.420895
635.416769 -926.065262
636.181514 -926.709629
636.946260 -927.353996
637.711006 -927.998362
638.475751 -928.642729
639.240497 -929.287096
640.005243 -929.931462
640.769989 -930.575829
641.534735 -931.220196
642.299481 -931.864562
643.064226 -932.508929
643.828972 -933.153295
644.593718 -933.797662
645.358464 -934.442028

[left] sid=258, seg=0, num=30
623.522567 -913.819667
624.286799 -914.464643
625.051031 -915.109619
625.815264 -915.754594
626.579496 -916.399570
627.343728 -917.044546
628.107960 -917.689522
628.872192 -918.334498
629.636425 -918.979474
630.400657 -919.624449
631.164889 -920.269425
631.929121 -920.914401
632.693353 -921.559377
633.457585 -922.204353
634.221817 -922.849329
634.986049 -923.494305
635.750282 -924.139280
636.514514 -924.784256
637.278746 -925.429231
638.042978 -926.074208
638.807210 -926.719184
639.571442 -927.364160
640.335675 -928.009135
641.099907 -928.654111
641.864139 -929.299086
642.628372 -929.944062
643.392604 -930.589037
644.151081 -931.240755
644.907981 -931.894320
645.664881 -932.547885

[right] sid=258, seg=0, num=31
621.417614 -916.266386
622.179310 -916.914354
622.941007 -917.562323
623.702703 -918.210292
624.464400 -918.858260
625.226096 -919.506229
625.987793 -920.154197
626.749489 -920.802166
627.511185 -921.450135
628.275025 -922.095574
629.039314 -922.740482
629.803604 -923.385389
630.567893 -924.030297
631.332183 -924.675205
632.096472 -925.320113
632.860761 -925.965022
633.625050 -926.609930
634.389339 -927.254839
635.152895 -927.900614
635.915969 -928.546960
636.679042 -929.193307
637.442115 -929.839653
638.205188 -930.486000
638.968261 -931.132347
639.731335 -931.778693
640.494408 -932.425040
641.257481 -933.071386
642.020554 -933.717732
642.783628 -934.364079
643.551567 -935.004631
644.320125 -935.644446

[center] sid=259, seg=0, num=31
620.443726 -917.398456
621.206623 -918.045011
621.969505 -918.691583
622.732387 -919.338155
623.495269 -919.984727
624.258151 -920.631300
625.021034 -921.277872
625.783915 -921.924444
626.546797 -922.571017
627.310674 -923.216413
628.074779 -923.861540
628.838883 -924.506667
629.602793 -925.152025
630.366659 -925.797434
631.130526 -926.442843
631.894392 -927.088252
632.658258 -927.733661
633.422124 -928.379071
634.185631 -929.024905
634.948889 -929.671033
635.712148 -930.317160
636.475179 -930.963556
637.238060 -931.610129
638.000942 -932.256702
638.763640 -932.903491
639.526224 -933.550415
640.288808 -934.197339
641.051392 -934.844262
641.813975 -935.491186
642.578982 -936.135242
643.344325 -936.778899

[left] sid=259, seg=0, num=31
621.417614 -916.266386
622.179310 -916.914354
622.941007 -917.562323
623.702703 -918.210292
624.464400 -918.858260
625.226096 -919.506229
625.987793 -920.154197
626.749489 -920.802166
627.511185 -921.450135
628.275025 -922.095574
629.039314 -922.740482
629.803604 -923.385389
630.567893 -924.030297
631.332183 -924.675205
632.096472 -925.320113
632.860761 -925.965022
633.625050 -926.609930
634.389339 -927.254839
635.152895 -927.900614
635.915969 -928.546960
636.679042 -929.193307
637.442115 -929.839653
638.205188 -930.486000
638.968261 -931.132347
639.731335 -931.778693
640.494408 -932.425040
641.257481 -933.071386
642.020554 -933.717732
642.783628 -934.364079
643.551567 -935.004631
644.320125 -935.644446

[right] sid=259, seg=0, num=31
619.469838 -918.530530
620.233903 -919.175704
620.997968 -919.820878
621.762033 -920.466051
622.526098 -921.111225
623.290164 -921.756399
624.054229 -922.401573
624.818294 -923.046746
625.582359 -923.691920
626.346424 -924.337094
627.110489 -924.982268
627.874240 -925.627813
628.637683 -926.273723
629.401126 -926.919632
630.164569 -927.565542
630.928012 -928.211453
631.691454 -928.857363
632.454897 -929.503273
633.218340 -930.149182
633.981784 -930.795092
634.745227 -931.441001
635.508670 -932.086910
636.271742 -932.733258
637.033836 -933.380759
637.795930 -934.028259
638.558025 -934.675760
639.320119 -935.323261
640.082213 -935.970761
640.844307 -936.618262
641.606401 -937.265763
642.368495 -937.913263

[center] sid=260, seg=0, num=31
618.476151 -919.685732
619.156049 -920.400966
619.919653 -921.046687
620.683256 -921.692407
621.446504 -922.338547
622.209593 -922.984875
622.972683 -923.631202
623.735773 -924.277529
624.498862 -924.923857
625.261951 -925.570184
626.025041 -926.216512
626.787982 -926.863014
627.550760 -927.509709
628.313538 -928.156404
629.076387 -928.803016
629.839310 -929.449539
630.602233 -930.096063
631.365163 -930.742579
632.128099 -931.389088
632.891034 -932.035597
633.653970 -932.682105
634.416906 -933.328614
635.179676 -933.975319
635.941937 -934.622623
636.704198 -935.269927
637.466450 -935.917241
638.228678 -936.564585
638.990905 -937.211929
639.753119 -937.859288
640.515295 -938.506692
641.277471 -939.154097

[left] sid=260, seg=0, num=31
619.469838 -918.530530
620.233903 -919.175704
620.997968 -919.820878
621.762033 -920.466051
622.526098 -921.111225
623.290164 -921.756399
624.054229 -922.401573
624.818294 -923.046746
625.582359 -923.691920
626.346424 -924.337094
627.110489 -924.982268
627.874240 -925.627813
628.637683 -926.273723
629.401126 -926.919632
630.164569 -927.565542
630.928012 -928.211453
631.691454 -928.857363
632.454897 -929.503273
633.218340 -930.149182
633.981784 -930.795092
634.745227 -931.441001
635.508670 -932.086910
636.271742 -932.733258
637.033836 -933.380759
637.795930 -934.028259
638.558025 -934.675760
639.320119 -935.323261
640.082213 -935.970761
640.844307 -936.618262
641.606401 -937.265763
642.368495 -937.913263

[right] sid=260, seg=0, num=31
617.342647 -921.003434
618.106049 -921.649392
618.869452 -922.295350
619.632456 -922.941778
620.394568 -923.589257
621.156680 -924.236737
621.918792 -924.884217
622.680904 -925.531696
623.443016 -926.179176
624.205128 -926.826655
624.967241 -927.474134
625.729353 -928.121614
626.491466 -928.769093
627.253578 -929.416573
628.015774 -930.063954
628.778202 -930.711061
629.540629 -931.358169
630.303057 -932.005277
631.065485 -932.652384
631.827913 -933.299492
632.590341 -933.946599
633.352769 -934.593707
634.115197 -935.240814
634.877625 -935.887922
635.640053 -936.535030
636.402481 -937.182137
637.164909 -937.829245
637.927259 -938.476444
638.689518 -939.123751
639.451778 -939.771057
640.214036 -940.418364

[center] sid=261, seg=0, num=93
1077.141155 -443.792015
1076.399222 -443.121510
1075.657290 -442.451005
1074.915358 -441.780501
1074.173422 -441.110000
1073.431485 -440.439499
1072.689556 -439.768990
1071.947697 -439.098404
1071.205838 -438.427818
1070.464008 -437.757200
1069.722409 -437.086327
1068.980809 -436.415454
1068.239210 -435.744581
1067.497610 -435.073708
1066.756010 -434.402835
1066.014410 -433.731963
1065.272811 -433.061089
1064.531212 -432.390216
1063.789613 -431.719342
1063.048013 -431.048470
1062.306413 -430.377597
1061.564813 -429.706724
1060.823213 -429.035851
1060.081614 -428.364978
1059.340014 -427.694105
1058.598415 -427.023232
1057.856815 -426.352359
1057.115221 -425.681480
1056.373666 -425.010557
1055.632112 -424.339634
1054.890558 -423.668710
1054.149003 -422.997788
1053.407448 -422.326865
1052.665894 -421.655942
1051.924339 -420.985019
1051.182785 -420.314096
1050.441230 -419.643173
1049.699676 -418.972250
1048.958121 -418.301327
1048.216567 -417.630404
1047.475012 -416.959481
1046.733458 -416.288558
1045.991903 -415.617635
1045.250349 -414.946712
1044.508794 -414.275789
1043.767240 -413.604866
1043.025756 -412.933866
1042.284802 -412.262279
1041.543848 -411.590692
1040.802895 -410.919106
1040.061941 -410.247519
1039.320988 -409.575933
1038.580042 -408.904337
1037.839151 -408.232681
1037.098260 -407.561025
1036.357375 -406.889363
1035.616530 -406.217657
1034.875685 -405.545951
1034.134840 -404.874244
1033.393994 -404.202538
1032.653149 -403.530832
1031.912199 -402.859241
1031.170992 -402.187934
1030.429785 -401.516628
1029.688578 -400.845321
1028.947371 -400.174014
1028.206164 -399.502707
1027.464957 -398.831400
1026.723750 -398.160093
1025.982543 -397.488786
1025.241336 -396.817479
1024.500128 -396.146172
1023.758921 -395.474866
1023.017714 -394.803559
1022.276506 -394.132252
1021.535299 -393.460946
1020.794092 -392.789639
1020.052885 -392.118331
1019.311679 -391.447023
1018.570480 -390.775707
1017.829298 -390.104373
1017.088116 -389.433038
1016.346940 -388.761697
1015.605430 -388.090725
1014.862921 -387.420858
1014.120412 -386.750992
1013.377903 -386.081125
1012.634047 -385.412756
1011.889450 -384.745211
1011.144852 -384.077666
1010.395959 -383.415018
1009.637244 -382.763565
1008.878528 -382.112111

[left] sid=261, seg=0, num=72
1076.183730 -444.938271
1075.441982 -444.267561
1074.700235 -443.596852
1073.958488 -442.926142
1073.216740 -442.255433
1072.474992 -441.584724
1071.733244 -440.914015
1070.991496 -440.243307
1070.249748 -439.572598
1069.508000 -438.901889
1068.766252 -438.231179
1068.024505 -437.560470
1067.282757 -436.889760
1066.541009 -436.219051
1065.799262 -435.548342
1065.057514 -434.877632
1064.315767 -434.206923
1063.574019 -433.536213
1062.832272 -432.865504
1062.090524 -432.194795
1061.348776 -431.524085
1060.607028 -430.853376
1059.865281 -430.182667
1059.123533 -429.511958
1058.381785 -428.841248
1057.640037 -428.170539
1056.898290 -427.499830
1056.156547 -426.829115
1055.414890 -426.158305
1054.673233 -425.487496
1053.931576 -424.816686
1053.189918 -424.145877
1052.448261 -423.475068
1051.706603 -422.804259
1050.964946 -422.133450
1050.223289 -421.462640
1049.481631 -420.791831
1048.739974 -420.121022
1047.998317 -419.450212
1047.256660 -418.779403
1046.515002 -418.108593
1045.773345 -417.437784
1045.031688 -416.766975
1044.290030 -416.096165
1043.548373 -415.425356
1042.806716 -414.754547
1042.065129 -414.083660
1041.324673 -413.411524
1040.584218 -412.739388
1039.843763 -412.067252
1039.103307 -411.395116
1038.362852 -410.722980
1037.622397 -410.050844
1036.881942 -409.378708
1036.141487 -408.706572
1035.401031 -408.034436
1034.660576 -407.362300
1033.920120 -406.690164
1033.179665 -406.018028
1032.439210 -405.345892
1031.698755 -404.673755
1030.958134 -404.001802
1030.216954 -403.330465
1029.475775 -402.659127
1028.734595 -401.987790
1027.993416 -401.316452
1027.252237 -400.645115
1026.511057 -399.973777
1025.769878 -399.302439
1025.028700 -398.631101
1024.287521 -397.959763
1023.546341 -397.288426

[left] sid=261, seg=1, num=22
1023.088050 -396.873319
1022.346870 -396.201982
1021.605691 -395.530644
1020.864511 -394.859307
1020.123332 -394.187969
1019.382153 -393.516631
1018.640974 -392.845293
1017.899795 -392.173955
1017.158616 -391.502617
1016.417437 -390.831280
1015.676257 -390.159942
1014.935078 -389.488604
1014.191706 -388.819697
1013.447842 -388.151336
1012.703977 -387.482975
1011.959263 -386.815565
1011.211239 -386.151863
1010.463214 -385.488161
1009.715190 -384.824458
1008.943430 -384.188680
1008.167918 -383.557315
1007.392405 -382.925951

[right] sid=261, seg=0, num=93
1078.098577 -442.645761
1077.356453 -441.975468
1076.614329 -441.305175
1075.872206 -440.634882
1075.130082 -439.964589
1074.387958 -439.294296
1073.645834 -438.624003
1072.903710 -437.953710
1072.161586 -437.283417
1071.420033 -436.612492
1070.678582 -435.941456
1069.937130 -435.270419
1069.195679 -434.599383
1068.454227 -433.928346
1067.712776 -433.257309
1066.971324 -432.586272
1066.229873 -431.915236
1065.488421 -431.244199
1064.746969 -430.573163
1064.005518 -429.902126
1063.264066 -429.231090
1062.522615 -428.560053
1061.781164 -427.889016
1061.039712 -427.217979
1060.298261 -426.546942
1059.556809 -425.875905
1058.815357 -425.204869
1058.073906 -424.533832
1057.332455 -423.862795
1056.591003 -423.191758
1055.849551 -422.520722
1055.108100 -421.849686
1054.366648 -421.178649
1053.625196 -420.507612
1052.883745 -419.836575
1052.142294 -419.165538
1051.400842 -418.494502
1050.659390 -417.823465
1049.917938 -417.152429
1049.176487 -416.481392
1048.435035 -415.810356
1047.693583 -415.139319
1046.952131 -414.468283
1046.210680 -413.797246
1045.469228 -413.126209
1044.727776 -412.455173
1043.986325 -411.784136
1043.244873 -411.113100
1042.503422 -410.442062
1041.761971 -409.771025
1041.020519 -409.099988
1040.279067 -408.428952
1039.537615 -407.757915
1038.796163 -407.086879
1038.054913 -406.415620
1037.313678 -405.744344
1036.572443 -405.073068
1035.831208 -404.401792
1035.089973 -403.730516
1034.348738 -403.059240
1033.607503 -402.387964
1032.866268 -401.716688
1032.125033 -401.045411
1031.383798 -400.374136
1030.642563 -399.702860
1029.901328 -399.031584
1029.160093 -398.360308
1028.418858 -397.689031
1027.677623 -397.017755
1026.936388 -396.346479
1026.195152 -395.675204
1025.453917 -395.003928
1024.712682 -394.332652
1023.971447 -393.661376
1023.230212 -392.990100
1022.488977 -392.318824
1021.747742 -391.647547
1021.006508 -390.976270
1020.265272 -390.304994
1019.524037 -389.633718
1018.782818 -388.962425
1018.041668 -388.291055
1017.300517 -387.619686
1016.559367 -386.948316
1015.818217 -386.276947
1015.077066 -385.605577
1014.335916 -384.934207
1013.594765 -384.262838
1012.853615 -383.591468
1012.112465 -382.920098
1011.371315 -382.248728
1010.630165 -381.577358
1009.889015 -380.905988

[center] sid=262, seg=0, num=93
1079.458363 -441.120771
1078.714188 -440.452756
1077.970013 -439.784741
1077.225838 -439.116726
1076.484337 -438.445744
1075.742839 -437.774758
1075.001342 -437.103772
1074.259906 -436.432719
1073.518469 -435.761666
1072.777324 -435.090291
1072.036224 -434.418866
1071.295124 -433.747441
1070.554024 -433.076017
1069.812923 -432.404592
1069.071823 -431.733168
1068.330723 -431.061743
1067.589623 -430.390318
1066.848524 -429.718892
1066.107423 -429.047468
1065.366323 -428.376044
1064.625222 -427.704619
1063.884123 -427.033194
1063.143023 -426.361769
1062.401923 -425.690344
1061.660823 -425.018919
1060.919723 -424.347494
1060.178623 -423.676069
1059.437433 -423.004744
1058.696233 -422.333429
1057.955033 -421.662115
1057.213529 -420.991136
1056.471994 -420.320191
1055.730459 -419.649247
1054.988924 -418.978303
1054.247389 -418.307358
1053.505854 -417.636414
1052.764318 -416.965469
1052.022783 -416.294525
1051.281248 -415.623581
1050.539713 -414.952637
1049.798177 -414.281693
1049.056642 -413.610748
1048.315107 -412.939804
1047.573571 -412.268860
1046.832036 -411.597916
1046.090501 -410.926971
1045.348966 -410.256027
1044.607431 -409.585082
1043.865896 -408.914138
1043.124361 -408.243193
1042.382826 -407.572249
1041.641291 -406.901304
1040.899755 -406.230360
1040.158220 -405.559416
1039.416786 -404.888359
1038.675359 -404.217295
1037.933932 -403.546231
1037.192505 -402.875167
1036.451078 -402.204103
1035.709651 -401.533039
1034.968633 -400.861524
1034.227625 -400.189998
1033.486630 -399.518456
1032.747365 -398.845012
1032.008099 -398.171568
1031.268833 -397.498123
1030.529568 -396.824679
1029.790302 -396.151235
1029.051037 -395.477790
1028.311771 -394.804346
1027.572505 -394.130902
1026.833239 -393.457458
1026.093973 -392.784014
1025.354708 -392.110570
1024.615442 -391.437125
1023.876176 -390.763681
1023.136911 -390.090236
1022.397645 -389.416792
1021.658379 -388.743348
1020.919114 -388.069904
1020.179062 -387.397327
1019.436060 -386.728007
1018.693058 -386.058687
1017.949990 -385.389441
1017.206660 -384.720486
1016.463329 -384.051530
1015.719999 -383.382575
1014.976669 -382.713619
1014.233339 -382.044664
1013.490009 -381.375709
1012.746679 -380.706753
1012.003348 -380.037798
1011.260084 -379.368770

[left] sid=262, seg=0, num=93
1078.098577 -442.645761
1077.356453 -441.975468
1076.614329 -441.305175
1075.872206 -440.634882
1075.130082 -439.964589
1074.387958 -439.294296
1073.645834 -438.624003
1072.903710 -437.953710
1072.161586 -437.283417
1071.420033 -436.612492
1070.678582 -435.941456
1069.937130 -435.270419
1069.195679 -434.599383
1068.454227 -433.928346
1067.712776 -433.257309
1066.971324 -432.586272
1066.229873 -431.915236
1065.488421 -431.244199
1064.746969 -430.573163
1064.005518 -429.902126
1063.264066 -429.231090
1062.522615 -428.560053
1061.781164 -427.889016
1061.039712 -427.217979
1060.298261 -426.546942
1059.556809 -425.875905
1058.815357 -425.204869
1058.073906 -424.533832
1057.332455 -423.862795
1056.591003 -423.191758
1055.849551 -422.520722
1055.108100 -421.849686
1054.366648 -421.178649
1053.625196 -420.507612
1052.883745 -419.836575
1052.142294 -419.165538
1051.400842 -418.494502
1050.659390 -417.823465
1049.917938 -417.152429
1049.176487 -416.481392
1048.435035 -415.810356
1047.693583 -415.139319
1046.952131 -414.468283
1046.210680 -413.797246
1045.469228 -413.126209
1044.727776 -412.455173
1043.986325 -411.784136
1043.244873 -411.113100
1042.503422 -410.442062
1041.761971 -409.771025
1041.020519 -409.099988
1040.279067 -408.428952
1039.537615 -407.757915
1038.796163 -407.086879
1038.054913 -406.415620
1037.313678 -405.744344
1036.572443 -405.073068
1035.831208 -404.401792
1035.089973 -403.730516
1034.348738 -403.059240
1033.607503 -402.387964
1032.866268 -401.716688
1032.125033 -401.045411
1031.383798 -400.374136
1030.642563 -399.702860
1029.901328 -399.031584
1029.160093 -398.360308
1028.418858 -397.689031
1027.677623 -397.017755
1026.936388 -396.346479
1026.195152 -395.675204
1025.453917 -395.003928
1024.712682 -394.332652
1023.971447 -393.661376
1023.230212 -392.990100
1022.488977 -392.318824
1021.747742 -391.647547
1021.006508 -390.976270
1020.265272 -390.304994
1019.524037 -389.633718
1018.782818 -388.962425
1018.041668 -388.291055
1017.300517 -387.619686
1016.559367 -386.948316
1015.818217 -386.276947
1015.077066 -385.605577
1014.335916 -384.934207
1013.594765 -384.262838
1012.853615 -383.591468
1012.112465 -382.920098
1011.371315 -382.248728
1010.630165 -381.577358
1009.889015 -380.905988

[right] sid=262, seg=0, num=93
1081.056336 -439.808272
1080.310116 -439.142542
1079.563896 -438.476813
1078.817676 -437.811083
1078.074833 -437.141599
1077.334085 -436.469786
1076.593337 -435.797973
1075.852588 -435.126161
1075.111840 -434.454348
1074.371091 -433.782535
1073.630343 -433.110723
1072.889594 -432.438910
1072.148846 -431.767098
1071.408097 -431.095285
1070.667349 -430.423472
1069.926600 -429.751660
1069.185852 -429.079847
1068.445103 -428.408034
1067.704355 -427.736222
1066.963606 -427.064409
1066.222858 -426.392596
1065.482109 -425.720784
1064.741361 -425.048971
1064.000613 -424.377158
1063.259865 -423.705345
1062.519117 -423.033532
1061.778368 -422.361719
1061.037620 -421.689906
1060.296872 -421.018093
1059.555870 -420.346560
1058.814251 -419.675708
1058.072633 -419.004856
1057.331014 -418.334003
1056.589396 -417.663152
1055.847777 -416.992300
1055.106158 -416.321448
1054.364539 -415.650596
1053.622921 -414.979744
1052.881302 -414.308892
1052.139683 -413.638040
1051.398065 -412.967188
1050.656446 -412.296336
1049.914827 -411.625484
1049.173208 -410.954633
1048.431589 -410.283781
1047.689970 -409.612928
1046.948352 -408.942076
1046.206734 -408.271224
1045.465115 -407.600372
1044.723496 -406.929520
1043.981877 -406.258668
1043.240259 -405.587816
1042.498640 -404.916963
1041.757021 -404.246111
1041.015402 -403.575260
1040.273783 -402.904408
1039.532164 -402.233557
1038.790545 -401.562705
1038.048926 -400.891853
1037.307308 -400.221001
1036.565689 -399.550148
1035.824016 -398.879356
1035.083611 -398.207172
1034.346356 -397.531527
1033.609102 -396.855881
1032.871837 -396.180247
1032.134547 -395.504641
1031.397257 -394.829034
1030.659967 -394.153427
1029.922677 -393.477820
1029.185388 -392.802213
1028.448098 -392.126606
1027.710808 -391.450999
1026.973517 -390.775393
1026.236227 -390.099787
1025.498937 -389.424180
1024.761647 -388.748573
1024.024357 -388.072966
1023.287068 -387.397359
1022.549778 -386.721751
1021.812488 -386.046145
1021.069748 -385.376559
1020.324247 -384.710024
1019.578746 -384.043489
1018.833244 -383.376955
1018.087741 -382.710422
1017.342239 -382.043888
1016.596737 -381.377353
1015.851236 -380.710819
1015.105734 -380.044284
1014.360232 -379.377751
1013.614729 -378.711217
1012.869227 -378.044684

[center] sid=263, seg=0, num=47
1008.321245 -381.633613
1007.589081 -380.952454
1006.856918 -380.271295
1006.124754 -379.590136
1005.392642 -378.908922
1004.660530 -378.227707
1003.928419 -377.546492
1003.196307 -376.865277
1002.464195 -376.184063
1001.724280 -375.511370
1000.981339 -374.841982
1000.238399 -374.172593
999.495459 -373.503204
998.752519 -372.833816
998.009579 -372.164427
997.266639 -371.495038
996.523699 -370.825649
995.780760 -370.156260
995.037819 -369.486871
994.294879 -368.817483
993.553653 -368.146202
992.814139 -367.473030
992.074626 -366.799857
991.335112 -366.126685
990.595598 -365.453513
989.856085 -364.780341
989.116600 -364.107137
988.377144 -363.433901
987.635972 -362.762556
986.894263 -362.091804
986.152554 -361.421052
985.410844 -360.750300
984.669135 -360.079547
983.927426 -359.408795
983.185716 -358.738043
982.444007 -358.067290
981.702298 -357.396538
980.960588 -356.725786
980.218879 -356.055034
979.477169 -355.384282
978.735460 -354.713530
977.993750 -354.042777
977.252041 -353.372025
976.510332 -352.701273
975.768623 -352.030520
975.026913 -351.359768
974.284974 -350.689270

[left] sid=263, seg=0, num=31
1007.243211 -382.804486
1006.521147 -382.112630
1005.799083 -381.420774
1005.077019 -380.728918
1004.354955 -380.037061
1003.632892 -379.345205
1002.910828 -378.653349
1002.188763 -377.961492
1001.466699 -377.269636
1000.728632 -376.595028
999.984760 -375.926675
999.240888 -375.258322
998.497017 -374.589968
997.753145 -373.921615
997.009273 -373.253262
996.265402 -372.584908
995.521530 -371.916555
994.777659 -371.248201
994.033787 -370.579848
993.289915 -369.911495
992.549566 -369.239262
991.812555 -368.563349
991.075545 -367.887437
990.338535 -367.211525
989.601524 -366.535613
988.864514 -365.859701
988.127503 -365.183789
987.390493 -364.507877
986.648682 -363.837249
985.905439 -363.168196
985.162196 -362.499144

[left] sid=263, seg=1, num=17
984.838990 -362.208201
984.095747 -361.539149
983.352504 -360.870096
982.609261 -360.201044
981.866018 -359.531991
981.122775 -358.862939
980.379532 -358.193887
979.636289 -357.524835
978.893046 -356.855782
978.149803 -356.186730
977.406559 -355.517678
976.663316 -354.848625
975.920073 -354.179573
975.176830 -353.510520
974.433587 -352.841468
973.690344 -352.172415
972.947101 -351.503363

[right] sid=263, seg=0, num=28
1009.399284 -380.462739
1008.657278 -379.792316
1007.915271 -379.121893
1007.173264 -378.451470
1006.431257 -377.781047
1005.689250 -377.110624
1004.947243 -376.440201
1004.205236 -375.769778
1003.463229 -375.099355
1002.721222 -374.428933
1001.979215 -373.758510
1001.237209 -373.088087
1000.495202 -372.417664
999.753194 -371.747241
999.011187 -371.076818
998.269181 -370.406395
997.527174 -369.735972
996.785167 -369.065549
996.043160 -368.395126
995.301153 -367.724703
994.559146 -367.054281
993.817138 -366.383858
993.075132 -365.713435
992.333125 -365.043012
991.591119 -364.372588
990.849112 -363.702166
990.107105 -363.031743
989.365098 -362.361319

[right] sid=263, seg=1, num=20
989.252991 -362.260028
988.512820 -361.587580
987.772648 -360.915131
987.032476 -360.242682
986.292305 -359.570234
985.552133 -358.897785
984.811961 -358.225337
984.071789 -357.552888
983.331618 -356.880439
982.591446 -356.207991
981.851274 -355.535542
981.111102 -354.863093
980.370931 -354.190645
979.630759 -353.518196
978.890587 -352.845747
978.150416 -352.173298
977.410244 -351.500850
976.670072 -350.828402
975.929900 -350.155953
975.189728 -349.483505

[center] sid=264, seg=0, num=47
1010.793666 -378.948274
1010.051657 -378.277854
1009.309647 -377.607434
1008.567637 -376.937014
1007.825629 -376.266593
1007.083620 -375.596173
1006.341611 -374.925752
1005.599602 -374.255331
1004.857594 -373.584910
1004.115585 -372.914489
1003.373576 -372.244068
1002.631568 -371.573647
1001.889559 -370.903226
1001.147550 -370.232806
1000.405541 -369.562385
999.663532 -368.891964
998.921523 -368.221543
998.179515 -367.551122
997.437506 -366.880701
996.695497 -366.210281
995.953488 -365.539860
995.211479 -364.869439
994.469470 -364.199019
993.727461 -363.528598
992.985453 -362.858177
992.243444 -362.187756
991.501435 -361.517335
990.759426 -360.846914
990.018812 -360.174954
989.278487 -359.502673
988.538162 -358.830393
987.797842 -358.158108
987.057523 -357.485822
986.317204 -356.813535
985.576885 -356.141249
984.836566 -355.468963
984.096247 -354.796676
983.355928 -354.124390
982.615608 -353.452104
981.875289 -352.779817
981.134970 -352.107531
980.394651 -351.435244
979.654332 -350.762958
978.914013 -350.090672
978.173694 -349.418385
977.433375 -348.746099
976.693057 -348.073811

[left] sid=264, seg=0, num=28
1009.399284 -380.462739
1008.657278 -379.792316
1007.915271 -379.121893
1007.173264 -378.451470
1006.431257 -377.781047
1005.689250 -377.110624
1004.947243 -376.440201
1004.205236 -375.769778
1003.463229 -375.099355
1002.721222 -374.428933
1001.979215 -373.758510
1001.237209 -373.088087
1000.495202 -372.417664
999.753194 -371.747241
999.011187 -371.076818
998.269181 -370.406395
997.527174 -369.735972
996.785167 -369.065549
996.043160 -368.395126
995.301153 -367.724703
994.559146 -367.054281
993.817138 -366.383858
993.075132 -365.713435
992.333125 -365.043012
991.591119 -364.372588
990.849112 -363.702166
990.107105 -363.031743
989.365098 -362.361319

[left] sid=264, seg=1, num=20
989.252991 -362.260028
988.512820 -361.587580
987.772648 -360.915131
987.032476 -360.242682
986.292305 -359.570234
985.552133 -358.897785
984.811961 -358.225337
984.071789 -357.552888
983.331618 -356.880439
982.591446 -356.207991
981.851274 -355.535542
981.111102 -354.863093
980.370931 -354.190645
979.630759 -353.518196
978.890587 -352.845747
978.150416 -352.173298
977.410244 -351.500850
976.670072 -350.828402
975.929900 -350.155953
975.189728 -349.483505

[right] sid=264, seg=0, num=47
1012.188042 -377.433812
1011.446031 -376.763394
1010.704020 -376.092975
1009.962009 -375.422556
1009.219999 -374.752138
1008.477988 -374.081719
1007.735977 -373.411300
1006.993967 -372.740881
1006.251956 -372.070463
1005.509945 -371.400044
1004.767935 -370.729625
1004.025925 -370.059206
1003.283914 -369.388787
1002.541903 -368.718368
1001.799892 -368.047950
1001.057881 -367.377532
1000.315871 -366.707113
999.573860 -366.036694
998.831850 -365.366275
998.089839 -364.695856
997.347828 -364.025438
996.605817 -363.355019
995.863806 -362.684600
995.121796 -362.014182
994.379785 -361.343763
993.637774 -360.673344
992.895763 -360.002926
992.153752 -359.332507
991.412952 -358.660751
990.672486 -357.988627
989.932020 -357.316503
989.191554 -356.644378
988.451087 -355.972254
987.710621 -355.300130
986.970154 -354.628006
986.229688 -353.955882
985.489222 -353.283758
984.748755 -352.611634
984.008288 -351.939510
983.267822 -351.267386
982.527356 -350.595262
981.786889 -349.923138
981.046423 -349.251013
980.305956 -348.578889
979.565490 -347.906766
978.825023 -347.234642
978.084557 -346.562517

[center] sid=265, seg=0, num=48
1008.321245 -381.633613
1007.383248 -381.286914
1006.445251 -380.940214
1005.507254 -380.593515
1004.569257 -380.246815
1003.631260 -379.900116
1002.693263 -379.553416
1001.798880 -379.122588
1000.974945 -378.555869
1000.166924 -377.968612
999.412457 -377.312243
998.657990 -376.655874
997.901177 -376.002213
997.152393 -375.339368
996.403608 -374.676524
995.654824 -374.013679
994.906039 -373.350835
994.157254 -372.687991
993.408470 -372.025146
992.663070 -371.358526
991.922628 -370.686374
991.182187 -370.014223
990.442442 -369.341305
989.703619 -368.667376
988.964088 -367.994223
988.223868 -367.321827
987.483649 -366.649431
986.743265 -365.977216
986.002562 -365.305353
985.260514 -364.634975
984.518467 -363.964597
983.776419 -363.294219
983.034371 -362.623841
982.292324 -361.953463
981.550276 -361.283085
980.808229 -360.612707
980.066181 -359.942330
979.324133 -359.271952
978.582086 -358.601574
977.840038 -357.931195
977.097991 -357.260817
976.355943 -356.590439
975.613895 -355.920061
974.871847 -355.249684
974.129800 -354.579305
973.387752 -353.908927
972.645708 -353.238546
971.903677 -352.568149

[left] sid=265, seg=0, num=9
1007.243211 -382.804487
1006.410305 -382.251037
1005.535780 -381.771888
1004.604612 -381.407250
1003.675122 -381.038351
1002.745631 -380.669452
1001.815685 -380.301706
1000.885110 -379.935554
999.954534 -379.569401

[left] sid=265, seg=1, num=40
999.924498 -379.557582
999.154301 -378.919744
998.384104 -378.281907
997.613907 -377.644069
996.845750 -377.003830
996.092094 -376.346530
995.338438 -375.689230
994.584782 -375.031930
993.831125 -374.374629
993.077469 -373.717329
992.323813 -373.060029
991.576945 -372.395098
990.836313 -371.723156
990.095681 -371.051214
989.355050 -370.379272
988.614418 -369.707330
987.872100 -369.037255
987.128689 -368.368390
986.385277 -367.699525
985.641866 -367.030659
984.899029 -366.361157
984.158180 -365.689456
983.417330 -365.017754
982.676480 -364.346053
981.935630 -363.674351
981.194780 -363.002650
980.453931 -362.330948
979.713081 -361.659247
978.972231 -360.987545
978.231381 -360.315844
977.490531 -359.644142
976.749682 -358.972441
976.008832 -358.300739
975.267982 -357.629037
974.527133 -356.957335
973.786283 -356.285634
973.045433 -355.613932
972.304583 -354.942230
971.563733 -354.270529
970.822883 -353.598828

[right] sid=265, seg=0, num=31
1007.243211 -382.804486
1006.521147 -382.112630
1005.799083 -381.420774
1005.077019 -380.728918
1004.354955 -380.037061
1003.632892 -379.345205
1002.910828 -378.653349
1002.188763 -377.961492
1001.466699 -377.269636
1000.728632 -376.595028
999.984760 -375.926675
999.240888 -375.258322
998.497017 -374.589968
997.753145 -373.921615
997.009273 -373.253262
996.265402 -372.584908
995.521530 -371.916555
994.777659 -371.248201
994.033787 -370.579848
993.289915 -369.911495
992.549566 -369.239262
991.812555 -368.563349
991.075545 -367.887437
990.338535 -367.211525
989.601524 -366.535613
988.864514 -365.859701
988.127503 -365.183789
987.390493 -364.507877
986.648682 -363.837249
985.905439 -363.168196
985.162196 -362.499144

[right] sid=265, seg=1, num=17
984.838990 -362.208201
984.095747 -361.539149
983.352504 -360.870096
982.609261 -360.201044
981.866018 -359.531991
981.122775 -358.862939
980.379532 -358.193887
979.636289 -357.524835
978.893046 -356.855782
978.149803 -356.186730
977.406559 -355.517678
976.663316 -354.848625
975.920073 -354.179573
975.176830 -353.510520
974.433587 -352.841468
973.690344 -352.172415
972.947101 -351.503363

[center] sid=266, seg=0, num=65
931.698129 -313.754920
930.956881 -313.083658
930.215632 -312.412397
929.474919 -311.740546
928.736407 -311.066274
927.997895 -310.392002
927.259384 -309.717731
926.520872 -309.043459
925.782360 -308.369188
925.043848 -307.694916
924.305337 -307.020644
923.566825 -306.346372
922.828314 -305.672100
922.089802 -304.997828
921.351290 -304.323557
920.611859 -303.650299
919.868491 -302.981386
919.125122 -302.312473
918.381701 -301.643617
917.637999 -300.975075
916.894297 -300.306533
916.151029 -299.637509
915.410126 -298.965865
914.669224 -298.294222
913.928337 -297.622560
913.187528 -296.950813
912.446719 -296.279066
911.706043 -295.607173
910.966019 -294.934561
910.225995 -294.261949
909.486112 -293.589183
908.746882 -292.915699
908.007652 -292.242215
907.275958 -291.560830
906.568378 -290.854166
905.860722 -290.147580
905.150983 -289.443085
904.441244 -288.738590
903.731759 -288.033840
903.025343 -287.326013
902.319465 -286.617650
901.614026 -285.908849
900.908586 -285.200049
900.202784 -284.491611
899.496918 -283.783234
898.791053 -283.074858
898.094107 -282.357720
897.399263 -281.638529
896.704420 -280.919339
896.009503 -280.200219
895.313710 -279.481947
894.617917 -278.763674
893.922191 -278.045338
893.232681 -277.321032
892.543171 -276.596726
891.850994 -275.874979
891.155791 -275.156136
890.460589 -274.437292
889.765395 -273.718440
889.070300 -272.999492
888.375206 -272.280543
887.680176 -271.561533
886.981138 -270.846443
886.278292 -270.135070
885.575447 -269.423697

[left] sid=266, seg=0, num=33
930.492808 -315.361338
929.752857 -314.688646
929.012906 -314.015954
928.272955 -313.343262
927.533004 -312.670570
926.793053 -311.997879
926.053102 -311.325187
925.313151 -310.652495
924.573199 -309.979804
923.833248 -309.307112
923.093297 -308.634420
922.353346 -307.961728
921.613396 -307.289036
920.873445 -306.616344
920.133494 -305.943652
919.393543 -305.270960
918.653592 -304.598268
917.913641 -303.925576
917.173689 -303.252884
916.433738 -302.580192
915.693787 -301.907501
914.953836 -301.234809
914.213885 -300.562117
913.473934 -299.889425
912.733983 -299.216733
911.994032 -298.544041
911.254081 -297.871349
910.514130 -297.198657
909.774179 -296.525965
909.034228 -295.853273
908.294277 -295.180581
907.554325 -294.507890
906.814374 -293.835198

[left] sid=266, seg=1, num=32
906.107708 -293.192766
905.432337 -292.455258
904.756967 -291.717750
904.072943 -290.988287
903.386631 -290.260950
902.700320 -289.533612
902.014008 -288.806275
901.328231 -288.078435
900.643924 -287.349212
899.959617 -286.619988
899.270056 -285.895759
898.576446 -285.175378
897.882836 -284.454998
897.192376 -283.731625
896.508456 -283.002039
895.824535 -282.272453
895.140615 -281.542866
894.455279 -280.814610
893.769438 -280.086830
893.083597 -279.359049
892.402079 -278.627230
891.722701 -277.893412
891.041959 -277.160878
890.350749 -276.438194
889.659539 -275.715510
888.968329 -274.992826
888.276976 -274.270280
887.585567 -273.547786
886.894158 -272.825293
886.199536 -272.105947
885.491371 -271.399870
884.783205 -270.693794

[right] sid=266, seg=0, num=64
932.903450 -312.148504
932.159718 -311.479995
931.415987 -310.811485
930.677473 -310.137228
929.940405 -309.461379
929.203336 -308.785531
928.466267 -308.109682
927.729198 -307.433833
926.992130 -306.757984
926.255061 -306.082136
925.517991 -305.406287
924.780922 -304.730439
924.043853 -304.054590
923.306785 -303.378742
922.569716 -302.702893
921.830903 -302.028976
921.083473 -301.364604
920.336042 -300.700233
919.588612 -300.035861
918.841182 -299.371489
918.093751 -298.707117
917.347589 -298.041332
916.605923 -297.370531
915.864257 -296.699730
915.122592 -296.028929
914.380926 -295.358128
913.639260 -294.687327
912.897595 -294.016526
912.155929 -293.345725
911.416956 -292.671960
910.678449 -291.997684
909.939942 -291.323407
909.201434 -290.649131
908.462927 -289.974854
907.724420 -289.300577
906.985912 -288.626301
906.247405 -287.952024
905.516532 -287.269539
904.790534 -286.581811
904.064537 -285.894082
903.338539 -285.206354
902.612542 -284.518626
901.886544 -283.830898
901.160547 -283.143169
900.440615 -282.449223
899.734997 -281.740601
899.029378 -281.031979
898.323760 -280.323357
897.618141 -279.614734
896.912523 -278.906112
896.206905 -278.197490
895.501286 -277.488868
894.796486 -276.779438
894.097312 -276.064457
893.398137 -275.349477
892.698962 -274.634496
891.999787 -273.919516
891.300612 -273.204535
890.601436 -272.489555
889.902261 -271.774574
889.203205 -271.059478
888.505819 -270.342752
887.808434 -269.626026
887.111049 -268.909299

[center] sid=267, seg=0, num=64
934.207800 -310.133996
933.469195 -309.459826
932.731620 -308.784537
931.997974 -308.104975
931.264327 -307.425412
930.530681 -306.745850
929.797035 -306.066287
929.063389 -305.386725
928.329105 -304.707853
927.592825 -304.031145
926.856546 -303.354436
926.119132 -302.678973
925.377148 -302.008524
924.635164 -301.338075
923.893180 -300.667626
923.148446 -300.000244
922.401301 -299.335552
921.654155 -298.670860
920.907010 -298.006168
920.159865 -297.341476
919.412719 -296.676784
918.667255 -296.010210
917.922987 -295.342298
917.178718 -294.674386
916.434450 -294.006474
915.690181 -293.338563
914.945912 -292.670651
914.201644 -292.002739
913.458401 -291.333693
912.718845 -290.660565
911.979290 -289.987438
911.240079 -289.313935
910.501905 -288.639293
909.763731 -287.964651
909.025557 -287.290009
908.287383 -286.615368
907.549257 -285.940674
906.817312 -285.259280
906.085366 -284.577886
905.353420 -283.896492
904.621474 -283.215099
903.889528 -282.533705
903.157582 -281.852311
902.425637 -281.170917
901.700671 -280.482134
900.978754 -279.790124
900.256837 -279.098114
899.535732 -278.405258
898.814979 -277.712036
898.094225 -277.018813
897.373666 -276.325389
896.653187 -275.631882
895.934411 -274.936613
895.217085 -274.239845
894.499759 -273.543077
893.782432 -272.846310
893.065106 -272.149542
892.347780 -271.452774
891.627567 -270.759001
890.904946 -270.067725
890.181151 -269.377682
889.455858 -268.689211
888.730565 -268.000739
888.006484 -267.310997

[left] sid=267, seg=0, num=64
932.903450 -312.148504
932.159718 -311.479995
931.415987 -310.811485
930.677473 -310.137228
929.940405 -309.461379
929.203336 -308.785531
928.466267 -308.109682
927.729198 -307.433833
926.992130 -306.757984
926.255061 -306.082136
925.517991 -305.406287
924.780922 -304.730439
924.043853 -304.054590
923.306785 -303.378742
922.569716 -302.702893
921.830903 -302.028976
921.083473 -301.364604
920.336042 -300.700233
919.588612 -300.035861
918.841182 -299.371489
918.093751 -298.707117
917.347589 -298.041332
916.605923 -297.370531
915.864257 -296.699730
915.122592 -296.028929
914.380926 -295.358128
913.639260 -294.687327
912.897595 -294.016526
912.155929 -293.345725
911.416956 -292.671960
910.678449 -291.997684
909.939942 -291.323407
909.201434 -290.649131
908.462927 -289.974854
907.724420 -289.300577
906.985912 -288.626301
906.247405 -287.952024
905.516532 -287.269539
904.790534 -286.581811
904.064537 -285.894082
903.338539 -285.206354
902.612542 -284.518626
901.886544 -283.830898
901.160547 -283.143169
900.440615 -282.449223
899.734997 -281.740601
899.029378 -281.031979
898.323760 -280.323357
897.618141 -279.614734
896.912523 -278.906112
896.206905 -278.197490
895.501286 -277.488868
894.796486 -276.779438
894.097312 -276.064457
893.398137 -275.349477
892.698962 -274.634496
891.999787 -273.919516
891.300612 -273.204535
890.601436 -272.489555
889.902261 -271.774574
889.203205 -271.059478
888.505819 -270.342752
887.808434 -269.626026
887.111049 -268.909299

[right] sid=267, seg=0, num=63
935.512149 -308.119488
934.781944 -307.436229
934.051739 -306.752971
933.321534 -306.069712
932.591329 -305.386453
931.861124 -304.703195
931.130918 -304.019936
930.400713 -303.336678
929.670508 -302.653419
928.940303 -301.970160
928.201041 -301.296823
927.454181 -300.631811
926.707321 -299.966798
925.960460 -299.301786
925.213600 -298.636774
924.466740 -297.971762
923.719879 -297.306749
922.973019 -296.641737
922.226158 -295.976725
921.479298 -295.311712
920.732438 -294.646700
919.985577 -293.981687
919.238717 -293.316675
918.491857 -292.651663
917.744996 -291.986651
916.998136 -291.321638
916.251275 -290.656626
915.504415 -289.991614
914.757555 -289.326601
914.016827 -288.654794
913.278986 -287.979788
912.541146 -287.304781
911.803306 -286.629774
911.065466 -285.954768
910.327626 -285.279761
909.589786 -284.604754
908.851946 -283.929747
908.114106 -283.254741
907.376266 -282.579734
906.638426 -281.904727
905.900586 -281.229720
905.162746 -280.554714
904.424906 -279.879707
903.687065 -279.204700
902.949225 -278.529694
902.211385 -277.854687
901.473545 -277.179680
900.736919 -276.503352
900.001892 -275.825283
899.266864 -275.147215
898.531837 -274.469147
897.796809 -273.791078
897.061781 -273.113010
896.326753 -272.434942
895.591726 -271.756874
894.856698 -271.078806
894.121671 -270.400737
893.386643 -269.722668
892.651616 -269.044599
891.900162 -268.384801
891.148024 -267.725764
890.395885 -267.066727
889.643747 -266.407690

[center] sid=268, seg=0, num=90
885.465672 -269.312589
884.754285 -268.609758
884.042898 -267.906927
883.331301 -267.204309
882.618172 -266.503246
881.905043 -265.802182
881.191348 -265.101700
880.473008 -264.405977
879.754668 -263.710254
879.036102 -263.014765
878.315878 -262.320993
877.595653 -261.627222
876.874679 -260.934239
876.144724 -260.250713
875.414768 -259.567187
874.684812 -258.883662
873.954856 -258.200136
873.224901 -257.516611
872.494960 -256.833069
871.765160 -256.149377
871.034715 -255.466378
870.301001 -254.786888
869.567287 -254.107399
868.833573 -253.427909
868.099858 -252.748420
867.366144 -252.068931
866.630201 -251.391879
865.887693 -250.722011
865.145185 -250.052142
864.401492 -249.383597
863.654172 -248.719100
862.906852 -248.054603
862.159533 -247.390106
861.414405 -246.723172
860.674467 -246.050465
859.934529 -245.377758
859.194394 -244.705269
858.453811 -244.033273
857.713227 -243.361277
856.972616 -242.689311
856.231716 -242.017666
855.487582 -241.349603
854.743449 -240.681541
853.999294 -240.013502
853.254828 -239.345809
852.510363 -238.678116
851.765831 -238.010497
851.020209 -237.344097
850.274587 -236.677696
849.525661 -236.015015
848.775949 -235.353219
848.026236 -234.691422
847.276822 -234.029290
846.527478 -233.367076
845.778135 -232.704862
845.028880 -232.042548
844.279646 -231.380211
843.524299 -230.724856
842.768702 -230.069787
842.013105 -229.414718
841.250881 -228.767374
840.488426 -228.120300
839.723834 -227.475777
838.953365 -226.838267
838.182895 -226.200757
837.408348 -225.568295
836.623086 -224.949097
835.837824 -224.329899
835.052563 -223.710702
834.271793 -223.085912
833.497836 -222.452640
832.723879 -221.819368
831.949922 -221.186097
831.166110 -220.565068
830.382148 -219.944225
829.598186 -219.323383
828.811816 -218.705608
828.022400 -218.091715
827.232985 -217.477821
826.443570 -216.863928
825.647134 -216.259373
824.838008 -215.671703
824.028881 -215.084033
823.219755 -214.496363
822.410628 -213.908694
821.601501 -213.321024
820.792374 -212.733354
819.983023 -212.145999
819.164918 -211.570894
818.346812 -210.995790

[left] sid=268, seg=0, num=68
884.404894 -270.299152
883.681805 -269.608366
882.958717 -268.917579
882.235628 -268.226793
881.512540 -267.536007
880.789452 -266.845221
880.066363 -266.154434
879.343275 -265.463648
878.620187 -264.772862
877.897098 -264.082075
877.174010 -263.391289
876.450921 -262.700502
875.727833 -262.009716
875.004745 -261.318929
874.281657 -260.628143
873.558568 -259.937356
872.835480 -259.246570
872.112391 -258.555784
871.389302 -257.864998
870.666214 -257.174212
869.940634 -256.486068
869.208586 -255.804783
868.476539 -255.123499
867.744491 -254.442214
867.012443 -253.760930
866.280395 -253.079645
865.542024 -252.405333
864.792744 -251.743048
864.043464 -251.080762
863.294184 -250.418477
862.544904 -249.756192
861.795623 -249.093907
861.046343 -248.431622
860.303462 -247.762256
859.568986 -247.083590
858.834510 -246.404925
858.100033 -245.726259
857.365557 -245.047593
856.631081 -244.368927
855.896605 -243.690261
855.160705 -243.013152
854.419255 -242.342113
853.677804 -241.671074
852.936353 -241.000035
852.194903 -240.328995
851.453452 -239.657956
850.712002 -238.986917
849.970551 -238.315878
849.229100 -237.644839
848.479840 -236.982536
847.730181 -236.320680
846.980522 -235.658823
846.230863 -234.996967
845.481204 -234.335111
844.731545 -233.673255
843.981886 -233.011398
843.230932 -232.351038
842.468630 -231.703784
841.706327 -231.056530
840.944025 -230.409277
840.181723 -229.762022
